quantity,v06_archived,rerun,abs_diff,kind,mc_se_of_one_estimate
DML_mfl_int young>old bins,6.0,6.0,0.0,deterministic,
DML_mfl_int mean bin diff,0.0606433441138164,0.06064334411381647,6.938893903907228e-17,deterministic,
DML_mfl_int mass-adjusted diff,0.0772407336229009,0.07724073362290095,4.163336342344337e-17,deterministic,
DML_mfl_int mass-adjusted CI lo,0.0561809145574281,0.055780265666565465,0.0004006488908626371,Monte Carlo,
DML_mfl_int mass-adjusted CI hi,0.0958904867945746,0.0951310956419379,0.0007593911526366931,Monte Carlo,
DML_mfl_int count p,0.1485702859428114,0.14937012597480503,0.0007998400319936261,Monte Carlo,0.005029853995449226
DML_mfl_int magnitude p,0.0001999600079984,0.0001999600079984003,3.2526065174565133e-19,Monte Carlo,0.00019996000799840015
DML_mfl_int shuffled count mean,4.0134,3.992,0.021399999999999864,Monte Carlo,
DML_mfl_int paired young wins,881.0,881.0,0.0,deterministic,
DML_mfl_int paired binomial p,6.379736622543504e-13,6.379736622543549e-13,4.4428646182047385e-27,deterministic,
DML_mfl_int paired shuffle p,0.0001999600079984,0.0001999600079984003,3.2526065174565133e-19,Monte Carlo,0.00019996000799840015
DML_mfl_obs young>old bins,8.0,8.0,0.0,deterministic,
DML_mfl_obs mean bin diff,0.0741693369042692,0.07416933690426925,4.163336342344337e-17,deterministic,
DML_mfl_obs mass-adjusted diff,0.0668991762335784,0.06689917623357844,4.163336342344337e-17,deterministic,
DML_mfl_obs mass-adjusted CI lo,0.0498353341492242,0.04991220578409725,7.687163487304915e-05,Monte Carlo,
DML_mfl_obs mass-adjusted CI hi,0.0827721129126852,0.08270215773036893,6.995518231626974e-05,Monte Carlo,
DML_mfl_obs count p,0.0055988802239552,0.0033993201359728054,0.002199560087982395,Monte Carlo,0.0010552281994140418
DML_mfl_obs magnitude p,0.0001999600079984,0.0001999600079984003,3.2526065174565133e-19,Monte Carlo,0.00019996000799840015
DML_mfl_obs shuffled count mean,4.0172,4.013,0.0041999999999999815,Monte Carlo,
DML_mfl_obs paired young wins,913.0,913.0,0.0,deterministic,
DML_mfl_obs paired binomial p,8.6314544467305455e-19,8.6314544467305455e-19,0.0,deterministic,
DML_mfl_obs paired shuffle p,0.0001999600079984,0.0001999600079984003,3.2526065174565133e-19,Monte Carlo,0.00019996000799840015
mfl_cyl_log_ML_dyn young>old bins,0.0,0.0,0.0,deterministic,
mfl_cyl_log_ML_dyn old>young bins,8.0,8.0,0.0,deterministic,
mfl_cyl_log_ML_dyn mean bin diff,-0.1045,-0.10450000000000005,5.551115123125783e-17,deterministic,
mfl_cyl_log_ML_dyn mass-adjusted diff,-0.1074999999999999,-0.10749999999999998,8.326672684688674e-17,deterministic,
mfl_cyl_log_ML_dyn mass-adjusted CI lo,-0.1199999999999998,-0.12,1.942890293094024e-16,Monte Carlo,
mfl_cyl_log_ML_dyn mass-adjusted CI hi,-0.0919999999999999,-0.09199999999999997,6.938893903907228e-17,Monte Carlo,
mfl_cyl_log_ML_dyn directional count p,1.0,1.0,0.0,Monte Carlo,0.0
mfl_cyl_log_ML_dyn directional magnitude p,1.0,1.0,0.0,Monte Carlo,0.0
sp_ML_int_Re young>old bins,0.0,0.0,0.0,deterministic,
sp_ML_int_Re old>young bins,8.0,8.0,0.0,deterministic,
sp_ML_int_Re mean bin diff,-0.1518616614320509,-0.1518616614320509,0.0,deterministic,
sp_ML_int_Re mass-adjusted diff,-0.1693420176342037,-0.1693420176342037,0.0,deterministic,
sp_ML_int_Re mass-adjusted CI lo,-0.1790375082623939,-0.17947777815881089,0.0004402698964169893,Monte Carlo,
sp_ML_int_Re mass-adjusted CI hi,-0.1587110489537281,-0.15782075049325403,0.0008902984604740594,Monte Carlo,
sp_ML_int_Re directional count p,0.0051989602079584,0.00599880023995201,0.0007998400319936096,Monte Carlo,0.0010170477885246558
sp_ML_int_Re directional magnitude p,0.0001999600079984,0.0001999600079984003,3.2526065174565133e-19,Monte Carlo,0.00019996000799840015
sp_ML_obs_Re young>old bins,0.0,0.0,0.0,deterministic,
sp_ML_obs_Re old>young bins,8.0,8.0,0.0,deterministic,
sp_ML_obs_Re mean bin diff,-0.1578901270445485,-0.15789012704454855,5.551115123125783e-17,deterministic,
sp_ML_obs_Re mass-adjusted diff,-0.1568662789706902,-0.15686627897069022,2.7755575615628914e-17,deterministic,
sp_ML_obs_Re mass-adjusted CI lo,-0.167934163529324,-0.16851344260696266,0.0005792790776386614,Monte Carlo,
sp_ML_obs_Re mass-adjusted CI hi,-0.147766533528651,-0.14742729694733298,0.00033923658131801426,Monte Carlo,
sp_ML_obs_Re directional count p,0.0051989602079584,0.0033993201359728054,0.001799640071985595,Monte Carlo,0.0010170477885246558
sp_ML_obs_Re directional magnitude p,0.0001999600079984,0.0001999600079984003,3.2526065174565133e-19,Monte Carlo,0.00019996000799840015
gnfw_cyl_fdm_Re young>old bins,5.0,5.0,0.0,deterministic,
gnfw_cyl_fdm_Re mean bin diff,0.0010625,0.001062500000000001,8.673617379884035e-19,deterministic,
gnfw_cyl_fdm_Re count p,0.3539292141571685,0.35592881423715256,0.001999600079984065,Monte Carlo,0.006762593075488982
gnfw_cyl_fdm_Re magnitude p,0.4813037392521496,0.47050589882023597,0.010797840431913619,Monte Carlo,0.007066122696840869
gnfw_cyl_fdm_Re joint p,0.3007398520295941,0.29254149170165966,0.008198360327934417,Monte Carlo,0.006485297116259392
gnfw_cyl_fdm_Re shuffled count mean,3.9692,3.9846,0.01540000000000008,Monte Carlo,
nfw_cyl_fdm_Re young>old bins,4.0,4.0,0.0,deterministic,
nfw_cyl_fdm_Re mean bin diff,-0.0034999999999999,-0.0034999999999999944,9.454242944073599e-17,deterministic,
nfw_cyl_fdm_Re count p,0.6220755848830234,0.6386722655468906,0.016596680663867214,Monte Carlo,0.0068570773887344704
nfw_cyl_fdm_Re magnitude p,0.6450709858028394,0.6502699460107978,0.005198960207958403,Monte Carlo,0.006766896025183073
nfw_cyl_fdm_Re joint p,0.5134973005398921,0.5362927414517097,0.02279544091181762,Monte Carlo,0.007068490968773121
nfw_cyl_fdm_Re shuffled count mean,3.9572,3.9914,0.03420000000000023,Monte Carlo,
max |per-bin young-old diff| vs v0.6 per-bin tables (DML and components),0.0,9.71445146547012e-17,9.71445146547012e-17,deterministic,
