outcome,outcome_label,family,mass_bin,N_bin,N_young,N_old,logM_min,logM_max,logM_median,T50_young_median,T50_old_median,median_young,median_old,median_diff_young_minus_old,bootstrap95_lo,bootstrap95_hi,young_gt_old,old_gt_young
DML_mfl_int,DML intrinsic SPS,raw_DML,0,744,186,186,7.2690480470812675,9.57187557818932,9.368333998574403,4.256060606060606,12.84848484848485,0.5638666713450489,0.43054228722539134,0.13332438411965752,0.06866503738936555,0.22599631070131554,True,False
DML_mfl_int,DML intrinsic SPS,raw_DML,1,744,186,186,9.572109176187029,9.876393948254378,9.730605687711488,5.3,12.84848484848485,0.3090250169083135,0.3277053196940948,-0.018680302785781255,-0.11437159303538276,0.1078457338945939,False,True
DML_mfl_int,DML intrinsic SPS,raw_DML,2,744,186,186,9.876556712154152,10.113963396204992,10.001280290889355,5.781818181818182,12.84848484848485,0.21898747370593752,0.25962539441218824,-0.04063792070625072,-0.1066168239125439,0.06858597392058269,False,True
DML_mfl_int,DML intrinsic SPS,raw_DML,3,744,186,186,10.114360742518592,10.331143748371574,10.220859591209013,6.103030303030304,12.84848484848485,0.17905299988699291,0.14338283497312246,0.035670164913870456,-0.03926496546486462,0.09146147886938977,True,False
DML_mfl_int,DML intrinsic SPS,raw_DML,4,744,186,186,10.331234868527272,10.550953203110057,10.441637799024381,5.621212121212121,12.84848484848485,0.21557404579223927,0.102718542111551,0.11285550368068827,0.06637734675741767,0.16346141719180585,True,False
DML_mfl_int,DML intrinsic SPS,raw_DML,5,744,186,186,10.55098617762266,10.767844252325547,10.6629158616527,6.103030303030304,12.84848484848485,0.1357750362155436,0.061404031438175646,0.07437100477736795,0.016829506552287134,0.11929951349683342,True,False
DML_mfl_int,DML intrinsic SPS,raw_DML,6,744,186,186,10.768300670614613,10.994345312695708,10.88221162955605,6.103030303030304,13.00909090909091,0.1802735656954615,0.07665634584957659,0.1036172198458849,0.06723095264643,0.14291126088885098,True,False
DML_mfl_int,DML intrinsic SPS,raw_DML,7,744,186,186,10.994807931634906,12.411587721858544,11.13896222555301,6.745454545454546,12.84848484848485,0.18033040139319334,0.09570370232809869,0.08462669906509465,0.06027930533987212,0.11763407331885446,True,False
DML_mfl_obs,DML observed SPS,raw_DML,0,744,186,186,7.2690480470812675,9.57187557818932,9.368333998574403,4.256060606060606,12.84848484848485,0.37280043588407485,0.1846747020445419,0.18812573383953296,0.1179576525979939,0.2691926230525556,True,False
DML_mfl_obs,DML observed SPS,raw_DML,1,744,186,186,9.572109176187029,9.876393948254378,9.730605687711488,5.3,12.84848484848485,0.14572141569178954,0.0947855012395124,0.05093591445227713,-0.03199903624322744,0.13466651468562266,True,False
DML_mfl_obs,DML observed SPS,raw_DML,2,744,186,186,9.876556712154152,10.113963396204992,10.001280290889355,5.781818181818182,12.84848484848485,0.06852742010508314,0.0220268514131278,0.046500568691955346,0.0013229327463975106,0.0865222627434704,True,False
DML_mfl_obs,DML observed SPS,raw_DML,3,744,186,186,10.114360742518592,10.331143748371574,10.220859591209013,6.103030303030304,12.84848484848485,0.01722804339208145,-0.0324114686498172,0.04963951204189865,0.003310812964310291,0.10462418302727082,True,False
DML_mfl_obs,DML observed SPS,raw_DML,4,744,186,186,10.331234868527272,10.550953203110057,10.441637799024381,5.621212121212121,12.84848484848485,0.0537018834146051,-0.0389164151460968,0.09261829856070189,0.04861965273441846,0.12847440185072578,True,False
DML_mfl_obs,DML observed SPS,raw_DML,5,744,186,186,10.55098617762266,10.767844252325547,10.6629158616527,6.103030303030304,12.84848484848485,0.0003305693456353998,-0.05237416302970805,0.05270473237534345,0.010432866550582169,0.08174128685315106,True,False
DML_mfl_obs,DML observed SPS,raw_DML,6,744,186,186,10.768300670614613,10.994345312695708,10.88221162955605,6.103030303030304,13.00909090909091,0.0293465603184371,-0.028544343598547753,0.05789090391698486,0.020240981643393868,0.09657377836456409,True,False
DML_mfl_obs,DML observed SPS,raw_DML,7,744,186,186,10.994807931634906,12.411587721858544,11.13896222555301,6.745454545454546,12.84848484848485,0.06303596128113995,0.00809692992568025,0.054939031355459696,0.024124800930540903,0.083929937185028,True,False
mfl_cyl_log_ML_dyn,JAM dynamical log(M/L),component,0,744,186,186,7.2690480470812675,9.57187557818932,9.368333998574403,4.256060606060606,12.84848484848485,0.7464999999999999,0.8075000000000001,-0.061000000000000165,-0.12450000000000006,-0.008487500000000136,False,True
mfl_cyl_log_ML_dyn,JAM dynamical log(M/L),component,1,744,186,186,9.572109176187029,9.876393948254378,9.730605687711488,5.3,12.84848484848485,0.6685000000000001,0.7675000000000001,-0.09899999999999998,-0.13549999999999995,-0.04149999999999998,False,True
mfl_cyl_log_ML_dyn,JAM dynamical log(M/L),component,2,744,186,186,9.876556712154152,10.113963396204992,10.001280290889355,5.781818181818182,12.84848484848485,0.682,0.7655000000000001,-0.08350000000000002,-0.14150000000000007,-0.03148750000000016,False,True
mfl_cyl_log_ML_dyn,JAM dynamical log(M/L),component,3,744,186,186,10.114360742518592,10.331143748371574,10.220859591209013,6.103030303030304,12.84848484848485,0.7024999999999999,0.809,-0.10650000000000015,-0.15901249999999992,-0.07150000000000012,False,True
mfl_cyl_log_ML_dyn,JAM dynamical log(M/L),component,4,744,186,186,10.331234868527272,10.550953203110057,10.441637799024381,5.621212121212121,12.84848484848485,0.694,0.838,-0.14400000000000002,-0.1844999999999999,-0.09600000000000009,False,True
mfl_cyl_log_ML_dyn,JAM dynamical log(M/L),component,5,744,186,186,10.55098617762266,10.767844252325547,10.6629158616527,6.103030303030304,12.84848484848485,0.7035,0.8505,-0.14700000000000002,-0.1805,-0.11499999999999999,False,True
mfl_cyl_log_ML_dyn,JAM dynamical log(M/L),component,6,744,186,186,10.768300670614613,10.994345312695708,10.88221162955605,6.103030303030304,13.00909090909091,0.7755000000000001,0.8975,-0.12199999999999989,-0.15100000000000002,-0.08650000000000002,False,True
mfl_cyl_log_ML_dyn,JAM dynamical log(M/L),component,7,744,186,186,10.994807931634906,12.411587721858544,11.13896222555301,6.745454545454546,12.84848484848485,0.8434999999999999,0.9165000000000001,-0.07300000000000018,-0.1080125000000001,-0.04400000000000004,False,True
sp_ML_int_Re,SPS intrinsic log(M*/L),component,0,744,186,186,7.2690480470812675,9.57187557818932,9.368333998574403,4.256060606060606,12.84848484848485,0.19236315295307804,0.3648354962039698,-0.17247234325089178,-0.20776037753091295,-0.10581436106993496,False,True
sp_ML_int_Re,SPS intrinsic log(M*/L),component,1,744,186,186,9.572109176187029,9.876393948254378,9.730605687711488,5.3,12.84848484848485,0.3991702924451497,0.4008286516715487,-0.0016583592263990088,-0.06434067310377722,0.040383009873259726,False,True
sp_ML_int_Re,SPS intrinsic log(M*/L),component,2,744,186,186,9.876556712154152,10.113963396204992,10.001280290889355,5.781818181818182,12.84848484848485,0.45673065301940374,0.4843449565560744,-0.02761430353667066,-0.07358332445402341,0.025455871286352925,False,True
sp_ML_int_Re,SPS intrinsic log(M*/L),component,3,744,186,186,10.114360742518592,10.331143748371574,10.220859591209013,6.103030303030304,12.84848484848485,0.5273608668952094,0.6398565990380708,-0.11249573214286135,-0.1923150056408239,-0.048866020951735076,False,True
sp_ML_int_Re,SPS intrinsic log(M*/L),component,4,744,186,186,10.331234868527272,10.550953203110057,10.441637799024381,5.621212121212121,12.84848484848485,0.49577264612536887,0.761105229124944,-0.2653325829995752,-0.309839820425969,-0.17792545569636162,False,True
sp_ML_int_Re,SPS intrinsic log(M*/L),component,5,744,186,186,10.55098617762266,10.767844252325547,10.6629158616527,6.103030303030304,12.84848484848485,0.5613221269471078,0.8030965650687683,-0.24177443812166044,-0.2625368545637985,-0.21303270343019096,False,True
sp_ML_int_Re,SPS intrinsic log(M*/L),component,6,744,186,186,10.768300670614613,10.994345312695708,10.88221162955605,6.103030303030304,13.00909090909091,0.595453140324451,0.8259333513398512,-0.23048021101540028,-0.24658933818804865,-0.20135432199375822,False,True
sp_ML_int_Re,SPS intrinsic log(M*/L),component,7,744,186,186,10.994807931634906,12.411587721858544,11.13896222555301,6.745454545454546,12.84848484848485,0.6685491590718698,0.8316144802348184,-0.16306532116294858,-0.18523606700651632,-0.14262889504236245,False,True
sp_ML_obs_Re,SPS observed log(M*/L),component,0,744,186,186,7.2690480470812675,9.57187557818932,9.368333998574403,4.256060606060606,12.84848484848485,0.390558334032691,0.5766373591960533,-0.18607902516336228,-0.2546036025094932,-0.12214093276692417,False,True
sp_ML_obs_Re,SPS observed log(M*/L),component,1,744,186,186,9.572109176187029,9.876393948254378,9.730605687711488,5.3,12.84848484848485,0.5597958342544997,0.6530150751529027,-0.09321924089840294,-0.13302451803634066,-0.06193215976634372,False,True
sp_ML_obs_Re,SPS observed log(M*/L),component,2,744,186,186,9.876556712154152,10.113963396204992,10.001280290889355,5.781818181818182,12.84848484848485,0.625572220270454,0.7302006666029248,-0.10462844633247081,-0.16085496609671054,-0.0533820614472858,False,True
sp_ML_obs_Re,SPS observed log(M*/L),component,3,744,186,186,10.114360742518592,10.331143748371574,10.220859591209013,6.103030303030304,12.84848484848485,0.6721186044946732,0.8426883808061196,-0.17056977631144643,-0.2126943366383539,-0.1356103254088207,False,True
sp_ML_obs_Re,SPS observed log(M*/L),component,4,744,186,186,10.331234868527272,10.550953203110057,10.441637799024381,5.621212121212121,12.84848484848485,0.638915723045598,0.8619308608811551,-0.22301513783555715,-0.25919667397824225,-0.19388836261069628,False,True
sp_ML_obs_Re,SPS observed log(M*/L),component,5,744,186,186,10.55098617762266,10.767844252325547,10.6629158616527,6.103030303030304,12.84848484848485,0.7027623983634963,0.8916862750123482,-0.1889238766488519,-0.21120620217476713,-0.16709206024798534,False,True
sp_ML_obs_Re,SPS observed log(M*/L),component,6,744,186,186,10.768300670614613,10.994345312695708,10.88221162955605,6.103030303030304,13.00909090909091,0.7394377125154141,0.9055672251833219,-0.16612951266790776,-0.19144062769494985,-0.14724787712044823,False,True
sp_ML_obs_Re,SPS observed log(M*/L),component,7,744,186,186,10.994807931634906,12.411587721858544,11.13896222555301,6.745454545454546,12.84848484848485,0.7758048253600108,0.9063608258583999,-0.1305560004983891,-0.14637171491273415,-0.11773881608011233,False,True
gnfw_cyl_fdm_Re,gNFW fDM(<Re),fDM,0,744,186,186,7.2690480470812675,9.57187557818932,9.368333998574403,4.256060606060606,12.84848484848485,0.599,0.579,0.020000000000000018,-0.09749999999999992,0.13449999999999995,True,False
gnfw_cyl_fdm_Re,gNFW fDM(<Re),fDM,1,744,186,186,9.572109176187029,9.876393948254378,9.730605687711488,5.3,12.84848484848485,0.367,0.4255,-0.058499999999999996,-0.21902500000000003,0.069,False,True
gnfw_cyl_fdm_Re,gNFW fDM(<Re),fDM,2,744,186,186,9.876556712154152,10.113963396204992,10.001280290889355,5.781818181818182,12.84848484848485,0.2275,0.1805,0.047000000000000014,-0.019000000000000017,0.122,True,False
gnfw_cyl_fdm_Re,gNFW fDM(<Re),fDM,3,744,186,186,10.114360742518592,10.331143748371574,10.220859591209013,6.103030303030304,12.84848484848485,0.179,0.14150000000000001,0.03749999999999998,-0.018000000000000016,0.088,True,False
gnfw_cyl_fdm_Re,gNFW fDM(<Re),fDM,4,744,186,186,10.331234868527272,10.550953203110057,10.441637799024381,5.621212121212121,12.84848484848485,0.1455,0.101,0.044499999999999984,-0.019000000000000003,0.11450000000000002,True,False
gnfw_cyl_fdm_Re,gNFW fDM(<Re),fDM,5,744,186,186,10.55098617762266,10.767844252325547,10.6629158616527,6.103030303030304,12.84848484848485,0.093,0.0795,0.013499999999999998,-0.037500000000000006,0.051000000000000004,True,False
gnfw_cyl_fdm_Re,gNFW fDM(<Re),fDM,6,744,186,186,10.768300670614613,10.994345312695708,10.88221162955605,6.103030303030304,13.00909090909091,0.0745,0.1055,-0.031,-0.07700000000000001,0.014499999999999999,False,True
gnfw_cyl_fdm_Re,gNFW fDM(<Re),fDM,7,744,186,186,10.994807931634906,12.411587721858544,11.13896222555301,6.745454545454546,12.84848484848485,0.0845,0.149,-0.06449999999999999,-0.09300000000000001,-0.02500000000000001,False,True
nfw_cyl_fdm_Re,NFW fDM(<Re),fDM,0,744,186,186,7.2690480470812675,9.57187557818932,9.368333998574403,4.256060606060606,12.84848484848485,0.397,0.428,-0.030999999999999972,-0.15550000000000003,0.09151249999999984,False,True
nfw_cyl_fdm_Re,NFW fDM(<Re),fDM,1,744,186,186,9.572109176187029,9.876393948254378,9.730605687711488,5.3,12.84848484848485,0.243,0.211,0.032,-0.04949999999999999,0.11350000000000002,True,False
nfw_cyl_fdm_Re,NFW fDM(<Re),fDM,2,744,186,186,9.876556712154152,10.113963396204992,10.001280290889355,5.781818181818182,12.84848484848485,0.1115,0.1035,0.008000000000000007,-0.027499999999999997,0.05850000000000001,True,False
nfw_cyl_fdm_Re,NFW fDM(<Re),fDM,3,744,186,186,10.114360742518592,10.331143748371574,10.220859591209013,6.103030303030304,12.84848484848485,0.1065,0.08399999999999999,0.022500000000000006,-0.01100000000000001,0.0695,True,False
nfw_cyl_fdm_Re,NFW fDM(<Re),fDM,4,744,186,186,10.331234868527272,10.550953203110057,10.441637799024381,5.621212121212121,12.84848484848485,0.096,0.0525,0.043500000000000004,0.0050000000000000044,0.0895,True,False
nfw_cyl_fdm_Re,NFW fDM(<Re),fDM,5,744,186,186,10.55098617762266,10.767844252325547,10.6629158616527,6.103030303030304,12.84848484848485,0.0575,0.081,-0.0235,-0.05751250000000001,0.011499999999999996,False,True
nfw_cyl_fdm_Re,NFW fDM(<Re),fDM,6,744,186,186,10.768300670614613,10.994345312695708,10.88221162955605,6.103030303030304,13.00909090909091,0.0625,0.0985,-0.036000000000000004,-0.067,-0.007000000000000006,False,True
nfw_cyl_fdm_Re,NFW fDM(<Re),fDM,7,744,186,186,10.994807931634906,12.411587721858544,11.13896222555301,6.745454545454546,12.84848484848485,0.0755,0.119,-0.0435,-0.06949999999999999,-0.012999999999999998,False,True
