galaxy,rotmod_file,sha256,bytes
NGC 5371,NGC5371_rotmod.dat,d55dde4dcfc864384ef407466ef56f4b63587e97e34b6e13d54319dbefac32a9,998
NGC 4088,NGC4088_rotmod.dat,97a858feede269f1c12e3617f0faf71f2cbf16f40507cd71acc2bdd859c7b71b,670
NGC 6195,NGC6195_rotmod.dat,da1178b7bf0c9e8064852f3a2a75ae54eb37fb870de41d9d954e3ae6c87e2fe4,1255
NGC 3877,NGC3877_rotmod.dat,37aa5dd3e38975f5e9ec76a686db64fe4fad75d5b33229dcc0203cef50081fc3,718
NGC 7331,NGC7331_rotmod.dat,87055981e7f0c741584ddea2f0fe9660dba7cc0c86697f2eb53cdaa75e536c9b,1841
NGC 3953,NGC3953_rotmod.dat,92f12228bc2b6fa95913906569dcc4b47df9af63a9e72495bc16e0e98cee1d32,487
NGC 6946,NGC6946_rotmod.dat,a59510ea4e394916584e20e40ab05802296e1a8203a29e9b7a4d2ce4993698d0,2877
NGC 3521,NGC3521_rotmod.dat,d958ae90aa3bfde0c4e0681ff80bc82726d0a6bff97072db9b7b9eb69a808c81,2069
NGC 0891,NGC0891_rotmod.dat,646e25cf1943a57f5a3da9d86126298bd5d38419f62a70664e2b7f7bb3247a34,992
NGC 4157,NGC4157_rotmod.dat,acc1483c4f614bb0b0ea698b48f6895a7c6ffdda53d04c56e04b5894ec43667d,924
NGC 5907,NGC5907_rotmod.dat,3ffc2c949a14772c9ae5c9c03dca8e5a6156c17529f4522c381797aadb66827c,994
NGC 3992,NGC3992_rotmod.dat,fb0718e689633130ec6445eb2bcf502d5dde5b58cc640ac768e1348c7ad9ad3a,531
NGC 3726,NGC3726_rotmod.dat,d1a9e410fec42cde4994b022d23d021d021ec8d585ec67a5d5532f7e5f62e56d,671
UGC 09037,UGC09037_rotmod.dat,2d6e16068bf87a96f7dc744e811ea32a17cb6b3f65b0b232881ff1cb6f12a14a,1136
NGC 4217,NGC4217_rotmod.dat,c97405576639281c5a0e5583bd68d98380c28507edbb36bffb99e96617230cb8,1021
NGC 2955,NGC2955_rotmod.dat,7852501ff93df47e2d81110ef4f32eec919c955522e4cec1135de19ed94855eb,1313
IC 4202,IC4202_rotmod.dat,1b202036246f957a1d6b6fc1477d9c7b8a0f5f9583a16fe401a997c1cc8e6074,1669
NGC 3893,NGC3893_rotmod.dat,2346ed0605d28cc9c235e6808c83acb2a85b28faa69aa50287a16c5fbcfd3f02,582
UGC 06973,UGC06973_rotmod.dat,b2aa464658a93c44c349abe466215591cb41195c0357f7c921fe3eb0bb77a875,539
NGC 2998,NGC2998_rotmod.dat,9117f8894c13b881cb800ee1526f1d61089c683d797d98130c2865d0f55b4394,721
UGC 06614,UGC06614_rotmod.dat,3965c5883e91710ecebb14e70ed640997ed97f0414018864531b0024081cc4a2,748
UGC 11455,UGC11455_rotmod.dat,93c6e207c2d7ae403e185df413171271c6cf03836892241f5a593ece8c2bbe24,1795
NGC 1090,NGC1090_rotmod.dat,c36735069b6423307437e91aded987492010d66971b690f62c2c9f5b3e1c9726,1225
UGC 02916,UGC02916_rotmod.dat,4b5a8b769f94f35c1ce6fed4900bdf621ead476d0a84df3189ea4ebb5110f5b5,2214
NGC 0801,NGC0801_rotmod.dat,91ed95878fd9996bc77a7094f0bce173187a14e139132a352b774013f480e89a,721
NGC 4100,NGC4100_rotmod.dat,d18e92da69e8d0eef934e0681f3c1e3a18164594156bfee25417dafdb64176f1,1226
NGC 5055,NGC5055_rotmod.dat,9281bdaf56f393223ec0618b1c58d291359e15cf75f18a941f2c30cdeb5526ce,1412
UGC 02455,UGC02455_rotmod.dat,f3d2bfe04596be981ef1548fdbbe9a13f44dc2b5a0cc96c549562e838269665e,466
UGC 03580,UGC03580_rotmod.dat,9cf8a0ff9f63c328fc990627519b4f55a32c5923d2f42b126ed98f27952874c6,2284
NGC 4559,NGC4559_rotmod.dat,84bd735a9b4966738aac5c209e1e9ae1a9ec5718726edef8a46279d6b603cd51,1564
NGC 4013,NGC4013_rotmod.dat,da5ba442cbf11e04932672f27a6848884965cd4c7377badb3cd1d0b3102e4f54,1810
NGC 3198,NGC3198_rotmod.dat,17b774ad11e7dd745a067073b76f1909d4de32fa87616df12b64da3f225cf953,2075
UGC 11557,UGC11557_rotmod.dat,b73a9cdd1afce43d9734301bb1a772ddd9080edfb7faaca63e8ec8e5559bfe32,642
NGC 4010,NGC4010_rotmod.dat,d2af757f5aabdba52761b9aa5a4a29e3f78238a99fe81cf06a7942eee882244b,651
NGC 2903,NGC2903_rotmod.dat,913855caab7f54bee01a53083a3745a57e6dad0d0800000e2d4933543e61afca,1691
NGC 7793,NGC7793_rotmod.dat,2f39a5ca966dbe82c9fc3679b0ca7404e9c34fb169f34ce4ed34a0bcbcfd9808,2154
NGC 3917,NGC3917_rotmod.dat,611132b0a90d25e421da67350ebbe56a1351186690e3f45927300138eee69d1d,886
F571-8,F571-8_rotmod.dat,71d08a339e9c50eb70efac280949244190f5d0d84adc9fac99a0d49a8ef06a38,688
NGC 3972,NGC3972_rotmod.dat,25519ddb9bcdd7c68c7406eacd38a9f97679a0ffe6dfb5b38f713767c4d1e2f5,562
NGC 3769,NGC3769_rotmod.dat,35046c8aba795d07b45dbcd19ffed725be9a3b8e916d168ecdf95ea8dc530d6d,662
NGC 5005,NGC5005_rotmod.dat,92708107b61d37f72200b769933544c5bf858635822d683dc3c12084018e34d0,1020
ESO 079-G014,ESO079-G014_rotmod.dat,dedf17c4700d0ab05e0cc0a6b292000558104d3b8c98e4fca8405d40b05bfe79,797
NGC 2976,NGC2976_rotmod.dat,8b447e058d8e1597ee0c1df7c2ee1ab1c0217bc86820b6627162cf17b578a48a,1310
UGC 04305,UGC04305_rotmod.dat,f8456a46a09418e2849f163a2db361fb5360720e5f4aa0d650e5a5ebe8f31c14,1063
NGC 4183,NGC4183_rotmod.dat,477c309a83513be43e790466f6a2f7baa3ea0a3244aa2eca59568e1a01160c8a,1143
NGC 5585,NGC5585_rotmod.dat,280f92beb5bd2d10e37facf2857159e805c5d0aca577323b9aca77aaa3ce602c,1157
UGC 07089,UGC07089_rotmod.dat,eba2051f29994523d371c019b02f5b24b4bd859b6aac80ff7a9e333abc5684ce,634
UGC 07151,UGC07151_rotmod.dat,8c8e387b899f73bd331a295ed318c97429a1b69aa3c7f9750b23ede56f26d4d5,597
UGC 04499,UGC04499_rotmod.dat,32366f914bdc3a4280045cf2798f10d9c1ece6772ab9ad5478ced9369fe65537,503
UGC 07323,UGC07323_rotmod.dat,36c526e35ac49bbd4734b542f4de20edfe21f8b75a7fb2bd1911edde6452a201,550
UGC 05750,UGC05750_rotmod.dat,a444eff1d95f31337116163d4bad7946b5bfb6e19d40940bc26f938f3b27f385,595
UGC 06917,UGC06917_rotmod.dat,6a81e6a387c63ac5b2d0cc1b590aaa16a93d1ecdd2ca0a5342648cec5bbd468c,598
NGC 0055,NGC0055_rotmod.dat,1fa933911f1df723b44718bbb4149b67afd934eaaded35bb51535ee1434128e3,1030
F579-V1,F579-V1_rotmod.dat,6e9fb1c04da7f945cb94394b6077b5cdac9d0394a5195c8e90f993114e2e2ef2,747
UGC 04325,UGC04325_rotmod.dat,06115b5e763f78401400c3d0d0ae2a845a770b6eb39aed7136ce80ad772521d0,460
UGC 05716,UGC05716_rotmod.dat,58afe1db39fbd7af9b380a67b4aa449748e8f551117f484b6a89bf8585ccaba5,633
CamB,CamB_rotmod.dat,06afe3e156162cfa4ac1b04d1108f56c90f8702f9a915f8d3054e3df3bead8ca,490
UGC 08837,UGC08837_rotmod.dat,1b0c23a24e1284ba66d4b87cb49390e1b9f9167957496e2f69af3e85b4dd0c82,460
UGC 07608,UGC07608_rotmod.dat,19a0cfaa09430a7041b705c9d7dc1a05f1d434341890b0a551ff7a10c6bb4f09,455
DDO 154,DDO154_rotmod.dat,2458c2c392ab2314abc92725b7d0ccee22d9b666a15377e13a1c69d5f5d67ac7,622
KK98-251,KK98-251_rotmod.dat,e3e0dc7b2bc7f0bc4cbee87fe43df27378140f10c51a006c7d3605d1a1604535,742
UGC 07577,UGC07577_rotmod.dat,ae72b08858e98d36bfa302f98a1b0190974c82385618813a12daef68b8f2c45c,490
UGC 04483,UGC04483_rotmod.dat,0535985773fc6e5790d4c3b25b5cc2adaebebe6923a10a26081bd5bf4a32cdcf,447
DDO 64,DDO064_rotmod.dat,ac67504248b884a19d0b1ded288b8551741ea0a1288eb6488cd5d56416d441f9,714
UGC 06399,UGC06399_rotmod.dat,9c26734a841092f902f39d31dda5ae7202930a24c2ec1f5ec8387247c32796b5,503
UGC 05918,UGC05918_rotmod.dat,c6b010d5188fd017620661a88f971da6ef86eb5113d1509730957166956a7923,454
UGC 01281,UGC01281_rotmod.dat,5e4b47bb236b93b17570cc6cdc57f700f58260659591f6bff04a12c3635cee8a,1188
UGC 05829,UGC05829_rotmod.dat,6322d0cd5a48beb922a86b8e29cf85396a9df030f710472eaf75e1c6bd66cba7,587
IC 2574,IC2574_rotmod.dat,84435e9c6502f1e643cbb7095167431119171fe5b8ad178320d626c7e207f2c2,1570
UGCA 444,UGCA444_rotmod.dat,75814d6f80287edb44afdb4aa7ffb174eb8617ab9a7c2b073fd1eab3a9b03787,1616
UGC 05764,UGC05764_rotmod.dat,0151570a4ac010499add90b50a45be1562727312fa055fda75b0433888466815,542
NGC 2366,NGC2366_rotmod.dat,ed93c29b7d977dc4a09fcf72da088c865e6a3a8df172af349e93bdbb00f9ca2f,1231
UGC 06667,UGC06667_rotmod.dat,df909c416a68e59f41fad411e8e5cd02a6385fa8eb4cbeb8c01161981e8fab6e,498
UGC 12632,UGC12632_rotmod.dat,627ad9eb26a537835b90491b40a2d7656433da0318f1d6a2ec24398fd5163073,761
UGC 00191,UGC00191_rotmod.dat,81268f44293530e32cf166a3f76bc36c826aeffa4252242d5d6c0b98f4a3262e,502
UGC 00731,UGC00731_rotmod.dat,f6f74728e55906f5716e1b529a0d1ead34a2ebbd8e445b9777a585d9aa574e7e,628
UGC 07524,UGC07524_rotmod.dat,7cc83601b262d28f0515ffc37158dcb71002a76e385f39bd3d1a83753d43ca2f,1456
NGC 0247,NGC0247_rotmod.dat,7a847529ab0ccacf58d8b0ecab702cf3dbb7c3590d5781e28ab59ebb6e68115f,1258
DDO 161,DDO161_rotmod.dat,27e0916b85f28f0ed9dca6308f7453ae0e05c0d4e3d999b1ee94af8e0d149cdf,1458
UGC 03205,UGC03205_rotmod.dat,b7297f3b0b47c4f84af703c57ed16950242ad206114a4cae85cfa8e532c0a8a4,2445
NGC 3109,NGC3109_rotmod.dat,94fb28bd4cb55b90172c8499564a420daadd55e95ce2618fb80b28bfaba22af4,1180
D631-7,D631-7_rotmod.dat,36867afb8c497654ab4d8f5d411dbb36f7c21e9e71cbc80c930a0924ffac892e,802
F568-3,F568-3_rotmod.dat,9a3f24169d208e1ecd3c15d50cb11db4fbc7baaea700f6324fcbb33f38c9eddb,905
F583-1,F583-1_rotmod.dat,c29c53664306ab21285a967b4ea23e7b7574d9b4dfbe5decfd40364426819bd6,1201
DDO 168,DDO168_rotmod.dat,8ba73826c20063bd2e367ec0dc8ae590e863b97e2ce98b56739a1b5311154bc3,545
UGC 04278,UGC04278_rotmod.dat,214c5ea612c22567fc98a1eb5b31d7ee4f275f3dea840089df74e7a0afed9e69,1198
UGC 01230,UGC01230_rotmod.dat,f41cf124b6db33deee9d788ca6c8e0ec3d6ccfb9c82e2b8ad6a9af447225af8c,614
F563-V2,F563-V2_rotmod.dat,2051e4b7f84ca933715558665282496948bdaaaf923478ade01e835c9d364155,556
F574-1,F574-1_rotmod.dat,b97aa47c438695c6487ca261a81463b1adbd3a40302fe97ba0d3c4c90c465508,722
UGC 05005,UGC05005_rotmod.dat,4b2ba6ba387ec73341828c5a26e98047ff64468e34b5f2ffe9c5a61314cd413c,603
NGC 0100,NGC0100_rotmod.dat,d621820922da237a53ac6d10368da44b263ffa181db5737f38a3267f25dbbc69,1027
UGC 08286,UGC08286_rotmod.dat,8d22e60665ae11d1c8d510cf69ca88e7c132d39490bfb1e259b3972406bac0b6,850
F563-1,F563-1_rotmod.dat,395c25eb1e767ab24ac7179324e8dd86f21817aa0e52c9813528b9c887639c61,866
UGC 11820,UGC11820_rotmod.dat,43e41221cb986a92036f6460fb979e8dd9542184208dce816f84a3e5723b4842,547
F568-V1,F568-V1_rotmod.dat,21995c1c6de81835f509be286677775a00e50f6e5f1bdf4f2a35ab11650892f6,786
NGC 3741,NGC3741_rotmod.dat,92a91a36b679e3939e406e4ba9010e40f0e4e421c30dae8f5c60bd2e35a81271,993
UGC 08550,UGC08550_rotmod.dat,f4a8826e2b3b95db482e1300ca499199db7b9e428fa1eb008820db03c04b7e6e,587
UGC 07603,UGC07603_rotmod.dat,511d14c461788536be592ae277d03e93e923fde21f6375e12cd207442d79d60f,630
UGC 12732,UGC12732_rotmod.dat,0e8c59ece2b97294908992baf692cc8ba542a6609a9c36f5810d2d7747b4b296,809
UGC 06446,UGC06446_rotmod.dat,e88ac27a7699ac4380a750a0a71bdba1c90e4f21052be81ef8564c48b5312f49,847
NGC 0024,NGC0024_rotmod.dat,63c380b5c291626e6ce9dc809d941f0dbc4af00516283fde690a653b004fccbf,1402
NGC 6015,NGC6015_rotmod.dat,3b9ebf6f751d46ecb073b9c2e163f0a2a65058542f4a5f7878f4ed86143ef960,2126
F568-1,F568-1_rotmod.dat,b59812e8cca457b53273cf84a84a2993f35a378ac835a58eaba10a51230a1af0,650
UGC 05986,UGC05986_rotmod.dat,3879d65087c1e93f829300f8cf343d0c8a7fb83b29e1f031f6386eff145aad5c,779
NGC 0300,NGC0300_rotmod.dat,6de38f88fb215142f97ef6150ad6d71e0e5e85e8b09d619d0d3d5caae074fb3e,1200
UGC 07399,UGC07399_rotmod.dat,da764292b2408250db2b377f079b586b133930ca60c9eeb9a9ab82f603ee12de,550
UGC 06983,UGC06983_rotmod.dat,1f499d349f169371400a08fcc4dcbca3d20230fc0efca6f69b9146b3791d5c0f,866
UGC 03546,UGC03546_rotmod.dat,25128c8ac9b018419f7787a020526b673f2e285de6c0a7fb02d3e9cdf9967ebe,1588
UGC 08490,UGC08490_rotmod.dat,210f37ebe76a1e2791d3e74c6261a8d82b18ec94b0f6fdc783eb43f7a58c51fd,1411
UGC 12506,UGC12506_rotmod.dat,addb78956587403527d980caf0181a28873532d629fd5a9edc10b09beb4e8793,1586
UGC 00128,UGC00128_rotmod.dat,a95d803278ed57580abf7b6ca5f670efabad0bbcd774ba855116eb4e846b1d00,1099
NGC 1003,NGC1003_rotmod.dat,cf23eb01e0528247abfb1a2c3d2a80203721c9b4f814865dd7682b65cea3e4dc,1714
NGC 2683,NGC2683_rotmod.dat,100f88a564d36ff4e24553cf939aab7b6f98350deb74e491c49aa82d10951662,640
UGC 05721,UGC05721_rotmod.dat,6df621e9507398ef8bc338b62cb4190bab52faaecebb84d7fc82add7b5fcd85b,1112
NGC 6503,NGC6503_rotmod.dat,82015340fa6465db44e6375cf3a7745d49d916dca21a56fbcbe758809e66e27c,1509
NGC 2915,NGC2915_rotmod.dat,1ea15c050aa4249a462d4d51c1def2b7c42c0fe90c9938a27c2b495ab40d8e75,1414
NGC 4214,NGC4214_rotmod.dat,2a6f4c54bc37244a35796260bc22f2cb43a18f562cffa0454ced8163cf8e4b5d,722
UGC 11914,UGC11914_rotmod.dat,90eb236318000ba68e7c5ef99de2dc7a8c5b6b6a9a7509fdd7b964b59ad393df,3380
NGC 2403,NGC2403_rotmod.dat,9be193eccc5c363e74d04270290d831738f41ec9225a3b2c95353fd3812170b8,3384
UGC 05253,UGC05253_rotmod.dat,66445fecf4d42bee13a0448b0bed17012e7c556a5ef5711e41c64975834e2b1e,3734
UGC 08699,UGC08699_rotmod.dat,bc9f3b6a213f9948929d4e18d17ee0051c7c5ee1bc681cd92c50cd69801a4540,2076
NGC 5985,NGC5985_rotmod.dat,bc9c25d1f854fb92d44fa7ba11ac336b9385cb68ac7568a4f8cbe692146c6fcd,1717
NGC 0289,NGC0289_rotmod.dat,fbcb1accf49708893d7eab5bf35498ba019cc4313cad4a22cfaec5f492628009,1399
NGC 6674,NGC6674_rotmod.dat,50e1d8970da4d822d4bde143e1788fcf53e5ff69c90fa9742b9b2bb20847d229,824
UGC 02953,UGC02953_rotmod.dat,af2db4fadac5afed7f89b33473282d666c4a29cd1d91d867825842a9518a8db9,5833
NGC 5033,NGC5033_rotmod.dat,1f6d7236a304040f3c9941f7168a9cac431127f538d8ed92d77245db32556195,1162
UGC 09133,UGC09133_rotmod.dat,be94b89187d8239e4e9fbb7f4f4a4721cfe8d9c4cbbfbd9277d7b5666516bf7c,3437
UGC 06787,UGC06787_rotmod.dat,519900d9f360782451247b9d057da4c3589ce1f7ed84083e65ba294f5aa2989a,3584
UGC 06786,UGC06786_rotmod.dat,8353efa1643727d968113b5cc836ca8bac75d256a2e1043b62f56f29791f62fc,2289
NGC 7814,NGC7814_rotmod.dat,54f0fef759ca4a536af157bd2c56c9ceb96a4fc469f037c26fb74035daf060cf,982
UGC 02885,UGC02885_rotmod.dat,8506311fa877c27e6f1dfae7dbcc383810b5f7d447c2e42f1316d9e94e6b56a9,1040
NGC 2841,NGC2841_rotmod.dat,3182e398c3325cb7d43dcda432e150e55a06be8d74b2e95fd92e094e291b4e5f,2532
UGC 02487,UGC02487_rotmod.dat,1fbe46204005f37b64fec2af018b067c65ad9775362314a3e16a77652eec69d9,947
