relative_path,bytes,sha256,description
README.md,18567,11a25b31ee53fec6e55c66bfb4c473dfced80bbc6decc1f6d11841684ed22874,"Package README: result summary, size/distance sensitivity, folder map, one-command reproduction, seeds and nulls, guardrails."
reproduce.py,70584,13e899a16615454006abd059c22d69d3e1e7fd222a4e3308d3189376170be3ad,"One-command reproduction: checks the input tables (or rebuilds them from the public files with --from-public), runs the three analysis scripts, compares outputs with the archived and reference files, and checks every analysis number quoted in the v3 paper and appendix, at its printed precision, plus the canonical sensitivity numbers (PASS/FAIL per check, total, report)."
build_merged_table.py,14804,cb44fdde787cc17bb9d094f2b005071515c8d912a911ea5e0daeac705b30b550,"Rebuilds data/manga_dynpop_merged_thin_firstpass.csv and data/manga_dynpop_DA_target.csv from the three public MaNGA DynPop files (Zenodo 10.5281/zenodo.17518315 and 10.5281/zenodo.15742825), checking their Zenodo MD5s; --compare checks a rebuild against data/ (every column identical or within 2 ulps, same NaN pattern; on the reference platform 52 of 54 columns are bit-identical)."
make_manifest.py,4176,272fea3345cc968f68fbe6be1ee04e1f65e68572745532c6ecd72de992a67e28,Refreshes this manifest (bytes and SHA-256 of every file; descriptions kept from file_manifest.csv); --check compares without writing and reports CRLF-only differences separately.
requirements.txt,298,5cb814f5968fb76e196eb27ad8419f177da06ff3651fd86fa5706839d80e5362,Tested Python package versions (Python 3.10.14); astropy and h5py are needed only by build_merged_table.py.
.gitignore,59,bbf298c93211ac553c54f12d57df33fd21e05322805f20455d7b85b60779e1c3,"Ignores generated folders: reproduce_outputs/, regenerated/, data/rebuilt/, __pycache__/."
manga_two_layers_paper10_final.md,15250,674c5473f047923f90fae6db81633544f8f1205490a84fe0de87794a5905a7ec,Main paper: Two Layers of Galaxy Aging in MaNGA DynPop: A Principle-Level Proof of Concept.
manga_two_layers_paper10_supplementary_appendix.md,63888,68c7583eea9a31656ce6f24c1f209a21a369e43230b6d9420fa292c3cd16a8a0,"Supplementary appendix: detailed methodology, literature passes, control-variable specifications, limitation analyses, and sensitivity documentation."
data/SOURCES.md,4271,5a12ea6bc1b3c51d1cb812881ea22170a9399b15121788a0a8fc4ed63d351144,"Sources of the redistributed data: the two CC BY 4.0 Zenodo records (creators, versions), the public files used with their MD5s, and what the package changed (column subset, PlateIFU join, derived columns, sentinels set to NaN)."
data/manga_dynpop_merged_thin_firstpass.csv,6449865,13336cd42d374514d895d51ca1334f9c32ac22d4c813360be3c6b4fa00f51f58,"Joined working table (10,296 PlateIFU rows x 54 columns) from the public DynPop JAM v2, SP/SFH v2 and DynPop VII CVC catalogs (CC BY 4.0); the table recovered from the original analysis and read by every script. logRe is log10 of the MGE effective radius in arcsec."
data/manga_dynpop_DA_target.csv,298792,7076255c0b716ca7def8c65bc6de0163e84d6d3d849a78c762b2f596d49a99ec,"plateifu, mangaid, DA (adopted angular-diameter distance, Mpc) and target (MaNGA subsample: 0 Primary, 1 Secondary, 2 color-enhanced) copied from SDSSDR17_MaNGA_JAM_v2.fits HDU 1; read by the size/distance sensitivity script."
00_strict_control_rerun/run_clean_controls_fast.py,16440,72f7e5501ec425e4f93bce06ab6337b2444628adb74d9df2df4f241ea0a60e0b,"Strict-control pipeline (portable version of the archived 2026-06-29 script; analysis code unchanged): reduced control model (one term per quantity), controlled dynamical-residual young/old quartile split, bootstrap and within-bin age-shuffle nulls, cross-validated age gain, Spearman check; writes all six CSVs in this folder plus a Markdown report."
00_strict_control_rerun/manga_paper10_strict_control_primary_summary.csv,867,03ce56ecb41200a025aa9a3c7de8221e4b95d58fdda47dc4df7b18f862c9335f,"Primary strict-control summary: young-vs-old controlled-residual scoreboard for the intrinsic, observed, and both-SPS control sets (7/8 bins each)."
00_strict_control_rerun/manga_paper10_strict_control_residual_scoreboard.csv,1517,6c364973d8c9529e24109e358f0e66f5b93e4b718c790648f681334bc65c5acc,Controlled-residual scoreboard with bootstrap 95% intervals and shuffle-null distribution statistics for the three strict-control SPS sets.
00_strict_control_rerun/manga_paper10_strict_control_residual_perbin.csv,6049,01a4ffb0f10527e51cbe0623ff89d4a73db4cba148b1930a6ffe5f16dc379b5e,"Per-bin controlled dynamical residual table across the eight stellar-mass bins for each strict-control set; the sixth bin (index 5, median NSA log M = 10.66) is the only young < old bin in all three sets."
00_strict_control_rerun/manga_paper10_strict_control_model_terms.csv,1347,66580a1097cf2f4c9145a0a48808d831c899567cadf87257346c896359816251,"Controlled-model term table: standardized T50 coefficient, robust SE/t/p, model R2, cross-validated delta-R2 from age, and Spearman rho for each SPS control set."
00_strict_control_rerun/manga_paper10_strict_control_age_coefficients_rawY.csv,437,b8e918b1ea9392a8f02c401bb95a240bd558afe095afba1d100549d34fab9e3c,"Age (T50) coefficients on the raw dynamical-M/L outcome per 1 SD of T50, with robust SE, p-value, and model R2 for each control set."
00_strict_control_rerun/manga_paper10_strict_control_sensitivity_grid.csv,1790,34f24ecce1ec049469243bd83754eaf3c0bdf7caa71ed0ea498c724ea17ab9f5,Reduced-spec sensitivity grid (metallicity weighting x flattening term x SPS set): all 12 variants give 7/8 bins. The grid does not vary the size term or distance; see 03_size_distance_sensitivity/.
00_strict_control_rerun/manga_paper10_strict_control_claude_handoff.md,4847,244daf9c10244c5969e2d21e295aef4ba825f44af37e993be1b93726e80c9958,"Handoff note documenting the strict-control specification choice, the main 7/8-bin result, age/CV/rank checks, the single non-decisive bin, and the main-text recommendation."
01_clean_pipeline_v0_6/manga_two_layers_clean_pipeline_draft_v0_6.md,59025,52a55e562a709e912b515e75bd1e0ad37482a58eccec9ba9936384d1599a1244,Clean-pipeline v0.6 working draft of the two-layer note (superseded by the final paper; retained as provenance).
01_clean_pipeline_v0_6/manga_two_layers_v0_6_revision_notes.md,1271,1a270e2569018843173373808bfb3d0ffa1366440b7dba5c5f6ac1a3a77b6946,"v0.6 revision notes: abstract tightening, framework-language changes, and integration of the simulation/assembly-bias pass."
01_clean_pipeline_v0_6/manga_two_layers_v0_5_to_v0_6.diff,15513,e89591a36e241c8716d52f6f36133f7914ea518b4024fa760340f15df2dd3025,Unified diff from draft v0.5 to v0.6.
01_clean_pipeline_v0_6/manga_simulation_assembly_bias_pass.md,3316,fedf16f145f496818f3f682c64a987aee97027d7d4dd64f30f0f0175c561dc8d,"Simulation and assembly-bias literature pass: no exact mock-MaNGA/JAM/SPS controlled-residual comparator located; the residual is unbenchmarked against cosmological mocks, not proven anomalous relative to LambdaCDM."
01_clean_pipeline_v0_6/manga_sledgehammer_final_report.md,8483,e8038b9ec6c7704457d24c2a16639fd7000a16c901a26fd1ed38854a1d04c830,"Primary DML sledgehammer report: fixed-mass young/old DML split, 8/8 observed-SPS and 6/8 intrinsic-SPS bins, plus the secondary fDM checks."
01_clean_pipeline_v0_6/manga_sledgehammer_final_scoreboard.csv,1384,f1ee1b0254b2c4ebe63b289ef6635533a1d47619527ce94c64a583cccbc55b69,DML sledgehammer scoreboard for the observed- and intrinsic-SPS definitions.
01_clean_pipeline_v0_6/manga_sledgehammer_final_bin_results.csv,3894,e6920a67f309d4409d528fe0075c8082f11f14b95dc76b5c70867fb8eb57bd15,Per-bin DML results across the eight stellar-mass bins.
01_clean_pipeline_v0_6/manga_sledgehammer_final_kitchen_table_DML.png,117485,2f10eebf7d819dd175f88b404c448e540fdcac432430b99519def0f333d70e5c,Figure: kitchen-table plot of young and old median DML across the eight mass bins for both SPS definitions.
01_clean_pipeline_v0_6/manga_sledgehammer_final_overall_mass_adjusted_DML.png,55468,f19e649fa669f3866d4e5cd82f93ae63cbaa8a96fb1a6eff88d397751647b475,Figure: overall mass-adjusted young/old DML comparison with bootstrap intervals.
01_clean_pipeline_v0_6/manga_sledgehammer_final_bin_differences_DML.png,63458,138da637407c9095bcfa3057456acc7a1f37c94772af6197c47936d7cfb0d839,Figure: per-bin young-minus-old DML differences.
01_clean_pipeline_v0_6/manga_ml_split_hardening_final_report.md,31011,e2e0919a02dbb1da9a6f6a2dbb387eb63787be228a3fd3bea1b7e8324cebdb56,M/L split and controlled-residual hardening report: numerator/denominator decomposition and the (kitchen-sink) controlled dynamical residual.
01_clean_pipeline_v0_6/manga_ml_split_hardening_scoreboard.csv,1922,59fc890e1ab5df498d9085553114c21670282fb90b1bfa755ca02691f2b0505b,"Raw M/L component split scoreboard: JAM dynamical logM/L, intrinsic SPS, and observed SPS log M*/L."
01_clean_pipeline_v0_6/manga_ml_split_hardening_control_residual_scoreboard.csv,947,9631f5140edc41ecb6b8a4c4c2864fcc710b0a1aff3038d7cf556e12ecd03df6,"Kitchen-sink controlled dynamical-residual scoreboard (8/8 observed and both SPS, 6/8 intrinsic SPS; original specification, retained as supplementary sensitivity)."
01_clean_pipeline_v0_6/manga_ml_split_hardening_per_bin.csv,7088,cdb3a574ca4f32c06829198b6d603338e2e2760b4d9859e113d8a0ffee3aca71,Per-bin M/L split and controlled-residual table across the eight mass bins.
01_clean_pipeline_v0_6/manga_ml_split_hardening_kitchen_table.png,123164,aa6c1b0fdef75ab6789cfe4c57ef23bf3d9ade6b3546eeff83a6396e36b50b82,Figure: M/L component split kitchen-table plot.
01_clean_pipeline_v0_6/manga_ml_split_hardening_DML_decomposition.png,133993,ebbc1d2e396d8e2dbb632888dc4e3cc4ec3f60fd1e719440e72e418b247c5aef,Figure: DML component decomposition showing the SPS denominator dominates the raw signal.
01_clean_pipeline_v0_6/manga_ml_split_hardening_control_residuals.png,106960,d665fd372c9b3c0c95dd350d87a894ed7d67d81e828bd06e17b1e1c83f2e4971,"Figure: controlled dynamical M/L residuals, young vs old, after SPS/metallicity/structural controls."
01_clean_pipeline_v0_6/manga_ml_split_hardening_overall_mass_adjusted.png,91235,8e27d81c17b8105257590be625af0662142df7342ed265ce8f18e3728784d44c,Figure: overall mass-adjusted controlled-residual young/old comparison.
01_clean_pipeline_v0_6/manifest_sha256.txt,1978,55d35175580e09f1614d3b70570271e0cd90427f2aa8e0f28b9652c3d7be274a,"SHA256 checksums for the original v0.6 clean-pipeline bundle files, as released."
01_clean_pipeline_v0_6/manga_sledgehammer_final_secondary_fdm.csv,790,f63bed890ccd6fa1124509c2f6648f952ac1f61cf594ad0a91e730c0a668586e,"Secondary fDM checks (gNFW and NFW fDM within Re): bins with young > old, mean bin young-old difference, and count, magnitude and joint shuffle p (5,000 shuffles). Source of Table 1 fDM count p and magnitude p. Added from the 2026-06-26 sledgehammer outputs bundle; not part of the v0.6 bundle, so not in manifest_sha256.txt."
02_sledgehammer_rerun/run_sledgehammer.py,24122,13652a5b7c1ba18d19f21e4a22949fd77cf434dff745345d1bae25ad8c0171b6,"Re-implementation (2026-10; the v0.6 code was not preserved) of the raw DML split, M/L component split, secondary fDM checks, nearest-mass paired check, sample counts and T50 grid facts. Reproduces every v0.6 point estimate exactly; shuffle p and bootstrap intervals agree with v0.6 to Monte Carlo precision. Default null: exchangeable within-bin value permutation."
02_sledgehammer_rerun/outputs/sledgehammer_rerun_scoreboard.csv,4262,5aba601490d7b59689829b5be1c681492e3c73cf56bd3ba8b2a2d442d5089e30,"Reference run: scoreboard for the 7 outcomes (bins, mean bin and mass-adjusted young-old differences with bootstrap 95% CIs, young>old and old>young count/magnitude/joint shuffle p, sign-test reference p)."
02_sledgehammer_rerun/outputs/sledgehammer_rerun_bin_results.csv,13962,872715cfc9630493751a785a198192fba7d540fd6effe8add7c020c2cbf22058,"Reference run: per-bin young and old medians, differences and bootstrap 95% CIs for the 7 outcomes."
02_sledgehammer_rerun/outputs/sledgehammer_rerun_paired_summary.csv,512,9b158ddc824d3338f66c81abe48839a3d47e437a330648372dd7e040e2971552,"Reference run: nearest-mass paired check for DML intrinsic and observed SPS (881 and 913 young wins of 1,488 pairs, binomial and shuffle p)."
02_sledgehammer_rerun/outputs/sledgehammer_rerun_t50_grid_check.csv,1682,619e24d70d8be0c7d11e36d94c6014324596ce779899750b1bc647db946223ca,"Reference run: per-bin T50 facts for the young and old quartiles (medians, ranges, IQRs, counts at and above the 12.85 Gyr mode, tie groups at the quartile cuts)."
02_sledgehammer_rerun/outputs/sledgehammer_rerun_sample_counts.csv,258,2462ec139072bffa9375323d0af72d3e304dba9bf8b74d6b961d64faf9aded1f,"Reference run: sample counts (10,296 joined entries of 10,160 MaNGA IDs; 6,065 with Qual >= 1; 5,952 in the sample, 5,875 distinct MaNGA IDs)."
02_sledgehammer_rerun/outputs/sledgehammer_vs_v06.csv,5826,9ef256ee2df829d243ef64d852be6838acfa41ca2422cf3be1cd6471d4a54364,"Reference run: archived v0.6 values next to the rerun values for every sledgehammer quantity, deterministic and Monte Carlo, with Monte Carlo SE for p-values."
02_sledgehammer_rerun/outputs/sledgehammer_rerun_manifest.json,1618,1bddc50a669327219e2fcc55a1ec26efb2f5a4d129d362a314d112643466cf96,"Reference run: input SHA-256, seeds, null, sample counts, T50 grid summary and software versions."
03_size_distance_sensitivity/run_size_distance_sensitivity.py,25726,fcad6b4fed2d87037e78342aa568f8e86f2cf9b888382ed1e2ebc376debe0c83,"Size/distance/subsample sensitivity of the controlled residual using the strict-control functions at 5,000 bootstraps and shuffles: published spec, size in kpc, + log distance, kpc + log distance, MaNGA Primary-only and Secondary-only samples, and the kitchen-sink controls; plus quartile distances, Secondary fractions and SPS attenuation terms per bin, the 12-variant grid by size treatment with the HC3 t of a linear T50 term, one-cube-per-MaNGA-ID point estimates (controlled residual in arcsec and kpc size), and the young/old split with tied T50 values broken at random (200 draws per row)."
03_size_distance_sensitivity/outputs/sensitivity_scoreboard.csv,20458,8081f6c6acadb66ac8824813001e5982c84826595df8ad43569e3a12769c6fbb,"Reference run: one row per variant and SPS set (bins, mass-adjusted residual and CI, count/magnitude/joint p, standardized and per-Gyr T50 coefficients with HC3 t/p, CV Delta R^2, Spearman rho)."
03_size_distance_sensitivity/outputs/sensitivity_perbin.csv,61952,f52c896cddf3db20f672db6d5d7e0b2405791337f30b560b81cddb38f2c956a9,Reference run: per-bin controlled residuals for every variant and SPS set.
03_size_distance_sensitivity/outputs/distance_by_age_quartile.csv,2248,edff443afbebbf528a5c0ac8d60bce5e74708b50be13bec58c0ef3195474b8d2,"Reference run: per mass bin, median DA, Secondary-sample fraction and SPS attenuation term (sp_ML_obs_Re - sp_ML_int_Re) of the young and old quartiles (young lie 1.18 to 1.67 times farther away; 2.05 to 3.54 times more often Secondary; old quartile carries the larger attenuation term in the four lowest mass bins)."
03_size_distance_sensitivity/outputs/reduced_spec_grid_by_size_unit.csv,5472,5fb0671e27b0d0cb34f6d7032e290d61a54e87a353828fc85e755131238a3cc0,"Reference run: the 12-variant reduced-spec grid under each size treatment (arcsec, kpc, arcsec + log distance, kpc + log distance): point estimates and the HC3 t and p of a linear T50 term (t from -12.7 to -4.2; largest p 2.8e-5)."
03_size_distance_sensitivity/outputs/one_cube_per_mangaid.csv,2419,f96f3ee9073fa193c01b2ebc26d1ba5980ff7ea09978519a4387146c7f8f6b77,"Reference run: every Table 1 row, with the controlled residual for size in arcsec and in kpc, for the full sample and for one entry per MaNGA ID (bin counts unchanged; mass-adjusted differences move by at most 0.0019)."
03_size_distance_sensitivity/outputs/tie_rule_redraws.csv,8810,b562c2ff5d9b5bd55dd540e3f11dac19aa60582cea10cad0975d5e62f67566c4,"Reference run: the young/old quartile split with tied T50 values at the quartile cuts broken at random instead of by stellar mass, 200 draws per row (seed 20260629 + 9000), for the 12-variant grid under angular size, kpc size and angular size + log distance and for the Primary- and Secondary-only rows: bins and mass-adjusted difference under the stellar-mass rule, and the range, median and histogram of bins and the range of the mass-adjusted difference over the draws (angular-size strict counts 7/8 in 598 of 600 draws; with log distance, observed SPS 4/8 to 6/8 and both SPS 3/8 to 6/8)."
03_size_distance_sensitivity/outputs/sensitivity_summary.json,2222,b2884701a7d77a6afa82e82d03168994b5d0c1d25745a82dc05c552f74883f4b,"Reference run: input SHA-256s, seed rule, sample facts (including the per-bin attenuation difference), grid histograms and linear-T50 t range, one-cube summary, software versions, and the tie-rule redraw settings."
03_size_distance_sensitivity/outputs/sensitivity_summary.md,27158,c77df756ce734de209a6443613ef7e33a93c1c89840753ffd608eb786d3c5fcc,Reference run: readable summary tables of the sensitivity outputs.
