model,inner_t50_Gyr,outer_t50_Gyr,age_mode,full_chi2nu,inner_R_le_10_chi2nu,outer_R_gt_10_chi2nu,far_outer_R_ge_15_chi2nu
wear_activated_eta,6.0,1.0,outer_1_Gyr,1.0767322846140819,0.8850794839719793,1.296778092758718,1.756361050264804
wear_activated_eta,6.0,1.5,outer_1.5_Gyr,1.1307055964854447,0.8850794839719793,1.4127207627046086,1.8860090836992736
wear_activated_eta,6.0,2.0,outer_2_Gyr,1.1864393145990237,0.8850794839719793,1.5324450460597048,2.0183403230768087
wear_activated_eta,6.0,3.0,outer_3_Gyr,1.3027097763019453,0.8850794839719793,1.782211223051165,2.290222569183744
wear_activated_eta,6.0,6.0,uniform,1.682092388768373,0.8850794839719793,2.597181279460529,3.150017232082851
wear_activated_eta,7.1,1.0,outer_1_Gyr,1.091441264340578,0.9139986159225766,1.2951717125242093,1.754304573860611
wear_activated_eta,7.1,1.5,outer_1.5_Gyr,1.145392435620739,0.9139986159225766,1.4110668212001103,1.8839091134104062
wear_activated_eta,7.1,2.0,outer_2_Gyr,1.201105561598216,0.9139986159225766,1.530746869596172,2.0162002189325294
wear_activated_eta,7.1,3.0,outer_3_Gyr,1.3173392616427937,0.9139986159225766,1.7804340770993397,2.288011788738124
wear_activated_eta,7.1,7.1,uniform,1.8442113773920448,0.9139986159225766,2.912233436856989,3.4742746359134196
