galaxy,N_points,t50_gyr,g98_kms2_per_kpc,psi,wear_activation_W,beta_net,positive_decay_term_P,baseline_chi2nu,BTFR_safe_chi2nu_previous,wear_activated_chi2nu,delta_wear_activated_minus_baseline,delta_wear_activated_minus_previous_BTFR_eta,worsened_gt0p5_vs_baseline,improved_gt0p5_vs_baseline,baseline_cat_gt5,wear_activated_cat_gt5,new_cat_gt5,rescued_from_gt5,baseline_cat_gt10,wear_activated_cat_gt10,new_cat_gt10,rescued_from_gt10,baseline_median_abs_resid_kms,wear_activated_median_abs_resid_kms,baseline_mean_resid_kms,wear_activated_mean_resid_kms,eta_BTFR_safe_last,eta_wear_activated_last,eta_wear_activated_median,max_velocity_delta_wear_activated_kms,g98_quartile,tier,age_confidence,morphology_bin,rho,r_knee_kpc,vmax_obs_kms,g_outer,chimera_flag,R_last_kpc,N_rotmod_points,Vobs_last_kms,Vobs_max_kms_rotmod,Vobs_outer_slope_last5_dlnV_dlnR,Vbar_outer_slope_last5_dlnV_dlnR,outer_tail_gas_fraction_v2_proxy,outer_tail_disk_fraction_v2_proxy,outer_tail_bulge_fraction_v2_proxy,SBdisk_max_Lpc2,SBdisk_median_Lpc2,SBdisk_outer5_mean_Lpc2,SBdisk_outer5_fraction_of_max,exp_scale_length_h_kpc_proxy,SBdisk_expfit_central_Lpc2_proxy,R_last_over_h_proxy,R_last_over_r_knee,flat_or_rising_outer_observed_profile,declining_outer_observed_profile,extended_beyond_knee_gt1p5,extended_beyond_knee_gt2,SBmax_quartile,SBmedian_quartile,baseline_outer_mean_residual_kms,corrected_outer_mean_residual_kms,signed_shift_corrected_minus_baseline_kms,abs_change_kms,sign_flip,under_to_over_flip,tail_mean_velocity_boost_kms,tail_mean_eta_wear_activated,tail_mean_phi
UGC 00128,22,6.0,675.0228271999998,0.0868122125262571,0.819784944711144,2.4814245949890443,2.880366875390477,2.7291949519293897,0.6531133634325201,0.6166891494624384,-2.112505802466951,-0.0364242139700817,False,True,False,False,False,False,False,False,False,False,31.775643801679017,11.368137889937929,-30.002409650414403,-7.031776283118066,3.141592653589793,2.7556454151169008,1.692397135619268,48.5158636538482,Q2,T2,HIGH,SPIRAL,0.061624469639667,1.25,134.0,41.59792372093023,False,53.75,22,125.0,134.0,-0.2384301192373122,-0.665998629293655,0.5451929193564535,0.4548070806435465,0.0,81.19,0.59,0.0175,0.0002155437861805,5.67145784665761,61.18898851075217,9.477281054231367,43.0,False,True,True,True,Q2,Q1_low_SB,-40.95239938663663,4.541538057075991,45.49393744371262,-36.41086132956064,True,True,45.49393744371263,2.627347591101835,0.8583333552488991
NGC 1003,36,6.0,2198.354794076921,0.2827223553063301,0.9962301331801104,1.9689672957435265,2.36790957614496,2.743214321186882,1.115237101798799,1.117255659746973,-1.625958661439909,0.0020185579481739,False,True,False,False,False,False,False,False,False,False,32.28029204430075,8.620370554227769,-9.930163240744893,5.537021472527023,2.4976612679521577,2.492015284430671,1.623138141390548,34.52462371717522,Q2,T2,MEDIUM,SPIRAL,0.0358624277389027,4.069661245779004,115.0,78.83833994708996,False,30.24,36,115.0,115.0,0.0850715601574415,1.0631792682828936,0.4972784465313683,0.5027215534686317,0.0,175.71,1.06,,,1.589945007790282,433.1416954273517,19.01952573946428,7.430593893131647,True,False,True,True,Q2,Q1_low_SB,-41.82715668316759,-9.030031104557002,32.79712557861058,-32.79712557861058,False,False,32.79712557861059,2.5861301161351564,0.7369145103246979
NGC 6674,15,6.2,14970.85132192896,1.9895245465760607,1.0,0.0307032918616935,0.4296455722631262,14.539415031682577,13.434794501491895,13.4347945014919,-1.1046205301906775,1.7763568394002505e-15,False,True,True,True,False,False,True,True,False,False,67.22694880312022,67.22694880312022,-68.5787883703567,-66.4705899107261,1.5691267823898534,1.5691267823898534,1.0,8.119308783665375,Q3,T2,HIGH,BULGE-DOM,0.0140048889193321,26.410185459572748,291.0,209.66510979146528,True,72.41,15,242.0,291.0,0.0667873044067165,-0.5158875657413302,0.1320442810200472,0.8014799051014592,0.0664758138784935,669.71,2.6,0.0575,8.5858057965388e-05,5.8627336195117365,935.4506786922984,12.350893746734904,2.741745229727418,True,False,True,True,Q3,Q1_low_SB,-105.97137618509184,-99.933627037983,6.0377491471088405,-6.0377491471088405,False,False,6.037749147108824,1.3624403936108442,0.6159939474414019
F563-1,17,5.6,337.5563497134606,0.0405177596432327,0.550576000753579,2.6179043574068324,3.016846637808265,1.8600235502507885,0.4872995895430368,0.920693360446615,-0.9393301898041736,0.4333937709035781,False,True,False,False,False,False,False,False,False,False,27.46876912567086,16.751418804016254,-27.595174542076872,-18.08346343481005,2.3898811269119458,1.7652351923780567,1.4409567227049929,14.828316119110552,Q1_low_g98,T2,MEDIUM,SPIRAL,0.2558630111762406,1.78,112.5,86.368184079602,False,20.1,17,106.0,112.5,-0.1022346814433776,0.1530808174319069,0.6523911851345702,0.3476088148654299,0.0,33.42,1.7799999999999998,0.22,0.0065828845002992,3.1495844857172,31.163375633222923,6.38179419893319,11.292134831460675,False,True,True,True,Q1_low_SB,Q1_low_SB,-47.019579564550895,-33.42957722826078,13.590002336290112,-13.590002336290112,False,False,13.590002336290109,1.7032547157129485,0.5580072788835986
NGC 6503,31,6.5,9386.726657894736,1.307791899436614,0.9999999999938513,0.450596223449495,0.8495385038509278,3.321243827023308,2.5379810405247807,2.5379810405288747,-0.7832627864944328,4.094058425607727e-12,False,True,False,False,False,False,False,False,False,False,36.13315934369992,32.987934163824434,-21.726127630495167,-17.977957203758866,1.9723689101307456,1.9723689101247663,1.1116866265576029,10.9953648350358,Q3,T2,MEDIUM,SPIRAL,0.013730006392896,6.106987965422971,121.0,128.8798170212766,True,23.5,31,115.0,121.0,0.1050900282994081,-0.4809340969649285,0.2111946776543061,0.7888053223456939,0.0,834.73,0.705,0.01,1.19799216513124e-05,1.7349425389571618,421.7739177000682,13.545117185336505,3.848050812127708,True,False,True,True,Q4_high_SB,Q1_low_SB,-51.42086658152199,-41.3545758988833,10.066290682638687,-10.066290682638687,False,False,10.066290682638682,1.854199655426358,0.6040832409277479
NGC 3769,12,6.0,8402.48132392118,1.0806123364240383,0.9999999994551074,0.6672754442747799,1.0662177246762126,3.1085885649357974,2.3386893539075544,2.338689354183409,-0.7698992107523885,2.7585445039335355e-10,False,True,False,False,False,False,False,False,False,False,33.88072729692572,23.973731268701982,-3.264627571998469,2.2740471415729844,2.3997310774764333,2.3997310767137305,1.0,21.480528695846147,Q3,T2,MEDIUM,SPIRAL,0.0101917309360052,7.858671623938408,126.0,85.6358288482239,True,37.16,12,113.0,126.0,-0.0128038597446522,-0.4140590249041737,0.2593214099301968,0.7406785900698032,0.0,363.15,3.98,0.51,0.0014043783560512,1.875611389242941,646.070106712811,19.812206416063088,4.7285345129839005,True,False,True,True,Q3,Q1_low_SB,-36.76304249642189,-23.470223183850397,13.292819312571496,-13.292819312571496,False,False,13.2928193125715,1.8061271795702385,0.6720687782854766
NGC 2915,30,8.5,4616.605800702367,0.841110072147514,0.99999993841499,0.9558116188968376,1.3547538992982704,4.5153387483254575,3.788001256769824,3.788001295260529,-0.7273374530649281,3.849070528971765e-08,False,True,False,False,False,False,False,False,False,False,45.535851000042726,37.74434825891683,-35.26609989939778,-31.61230645088175,2.699149749174768,2.6991496445326133,1.8023921818892847,9.131271504962337,Q3,T3,MEDIUM,SPIRAL,0.0145535186381953,1.3210970592934392,86.5,67.18785856573706,True,10.04,30,86.5,86.5,0.3210588553474459,-0.0336993352213423,0.5605291751400653,0.4394708248599347,0.0,329.95,0.88,,,0.5064222447971644,320.21525966327187,19.82535345385803,7.599744416484948,True,False,True,True,Q3,Q1_low_SB,-57.84843633997158,-55.87282282102007,1.975613518951512,-1.975613518951512,False,False,1.9756135189515145,2.595323683453104,0.0784142030532852
UGC 08490,30,5.0,2322.229952941176,0.2488779046749663,0.9926470444183082,2.050479481559489,2.449421761960921,1.0414619085028805,0.3311414233171416,0.3342034692045128,-0.7072584392983676,0.0030620458873712,False,True,False,False,False,False,False,False,False,False,16.368268967097375,10.691825009685829,-15.38081778665884,-7.991441817608501,2.302219694168116,2.292644530599293,1.3766339933737162,17.878784823432653,Q2,T2,MEDIUM,SPIRAL,0.0401877182896853,1.4611726333982686,80.1,93.32512315270937,False,10.15,30,77.6,80.1,-0.0420955987431936,-0.4054390840852037,0.5181630746457305,0.4818369253542696,0.0,246.74,1.92,,,0.6883124650095229,349.0372466013188,14.74620977532286,6.946475569005156,True,False,True,True,Q3,Q1_low_SB,-28.82154585443277,-12.130150154876976,16.691395699555795,-16.691395699555795,False,False,16.69139569955579,2.1744518799310035,0.6775845024310867
NGC 3741,21,11.1,549.848101757632,0.1308208069942494,0.9244000173224044,2.3574125104729333,2.756354790874366,0.8176709183294115,0.2071047002815045,0.2284965376556654,-0.5891743806737462,0.0213918373741608,False,True,False,False,False,False,False,False,False,False,14.625630103372233,4.206192408028642,-14.577648355959958,-5.73118864729118,3.141592653589793,2.97968828607594,2.654711870768097,15.114237336996643,Q1_low_g98,T3,HIGH,DWARF,0.0506880768852364,0.23,51.6,27.87074285714285,False,7.0,21,51.6,51.6,0.163506156046743,-0.1630796014081055,0.903455021985334,0.0965449780146661,0.0,35.93,0.765,,,0.2016463023306986,105.35398531294116,34.71424925273386,30.43478260869565,True,False,True,True,Q1_low_SB,Q1_low_SB,-28.60708897655244,-17.705999593653615,10.901089382898824,-10.901089382898824,False,False,10.901089382898824,2.97968828607594,0.5211224853044983
NGC 0289,28,6.7,20835.150913047622,2.992144534604088,1.0,-0.2412980748410772,0.1576442055603555,7.868687911914345,7.280191869598314,7.280191869598314,-0.5884960423160317,0.0,False,True,True,True,False,False,False,False,False,False,63.326059352300575,62.85661290260098,-46.91967266362425,-45.14743293721064,2.2085904785530914,2.2085904785530914,1.1040927669216036,6.217365672938158,Q4_high_g98,T2,MEDIUM,SPIRAL,0.0048829214868093,14.596979129578855,194.0,101.73640607424072,True,71.12,28,165.0,194.0,0.0211559967322545,-0.6576890255347234,0.4062594254014254,0.5937405745985747,0.0,1392.39,1.115,0.01,7.181895876873577e-06,4.419114357588317,435.0995294041655,16.09372246225666,4.872240986896028,True,False,True,True,Q4_high_SB,Q1_low_SB,-81.40530391012413,-75.7178646076072,5.687439302516935,-5.687439302516935,False,False,5.68743930251693,2.004204407334577,0.7565935149096259
UGC 05716,12,5.3,452.171925435017,0.0513677542076904,0.6372200496835452,2.5853485224793884,2.984290802880821,0.8252392967630433,0.1045609561160235,0.2388067120034416,-0.5864325847596017,0.134245755887418,False,True,False,False,False,False,False,False,False,False,19.256137879563667,8.636363047813717,-16.689896553842793,-8.782573724224916,2.482384026277096,1.944604822874385,1.5406425744900814,15.415198846989234,Q1_low_g98,T2,HIGH,DWARF,0.1765786063846895,1.03,74.7,79.84388843977364,False,12.37,12,74.7,74.7,0.02569748641919,-0.129179973386232,0.7532010249573389,0.246798975042661,0.0,30.68,0.615,0.0266666666666666,0.0008691873098652,1.1421601177188725,70.26624014795539,10.830355401224676,12.009708737864075,True,False,True,True,Q1_low_SB,Q1_low_SB,-20.981926534819596,-8.729155312435399,12.252771222384194,-12.252771222384194,False,False,12.252771222384194,1.7485669104118338,0.5949940106098632
NGC 3198,43,7.0,9123.535924999986,1.3689019478501283,0.9999999999981596,0.4002353340380166,0.7991776144394493,2.8414165474258906,2.2595296699071685,2.259529669908099,-0.5818868775177917,9.303668946358812e-13,False,True,False,False,False,False,False,False,False,False,25.45887996895752,25.45887996895752,-7.711637899656631,-5.4222580857174165,1.908723430322011,1.9087234303203384,1.0,11.501707056229662,Q3,T2,MEDIUM,SPIRAL,0.0151353685269379,10.657544952234398,157.0,138.08807849364794,True,44.08,43,149.0,157.0,0.0424376155627933,-0.2637690305671445,0.3479656003573721,0.6520343996426279,0.0,1084.92,86.52,0.01,9.217269476090402e-06,3.1274489208089693,617.1705294140105,14.094554736516027,4.13603697639187,True,False,True,True,Q4_high_SB,Q4_high_SB,-61.487476336217846,-51.62921451230925,9.8582618239086,-9.8582618239086,False,False,9.8582618239086,1.7749013530296205,0.4719929718563665
UGC 06667,9,5.7,171.62940641090134,0.0209689976538375,0.3389404967003332,2.677460199161972,3.076402479563405,1.9045676754438303,0.6172988284775925,1.3400765440659097,-0.5644911313779211,0.7227777155883169,False,True,False,False,False,False,False,False,False,False,28.45091910173223,24.27055679783433,-26.99776171132466,-22.52262082823235,1.8377423812286573,1.283944818800561,1.2751933387570422,5.824898217595084,Q1_low_g98,T2,HIGH,SPIRAL,0.8715947328116536,5.24,85.7,149.59128662420383,False,7.85,9,85.7,85.7,0.1806090290990979,0.4768527280920022,0.533979952353776,0.4660200476462239,0.0,10.79,4.81,3.736,0.3462465245597775,4.809235660687592,12.382663543040929,1.6322760109613053,1.498091603053435,True,False,False,False,Q1_low_SB,Q2,-29.160448798288712,-24.132489534710864,5.0279592635778485,-5.0279592635778485,False,False,5.02795926357785,1.2616267960328478,0.7143056394173004
