model,inner_t50_Gyr,outer_t50_Gyr,age_mode,mask,N,R_min_kpc,R_max_kpc,chi2nu,chi2_sum,mean_residual_kms,median_abs_residual_kms,rms_residual_kms
wear_activated_eta,6.0,6.0,uniform,full_board_all_R,58,0.24,22.72,1.682092388768373,97.56135854856564,-19.76355190396706,24.983147684249992,27.83451938235536
wear_activated_eta,6.0,6.0,uniform,inner_R_le_10,31,0.24,9.53,0.8850794839719793,27.43746400313136,-6.852136062802119,14.605623676080903,18.625279099707218
wear_activated_eta,6.0,6.0,uniform,outer_R_gt_10,27,10.02,22.72,2.597181279460529,70.12389454543428,-34.58777009197126,34.700676248562985,35.58098511560053
wear_activated_eta,6.0,6.0,uniform,far_outer_R_ge_15,16,15.39,22.72,3.150017232082851,50.40027571332561,-40.26299816449859,38.6594336339644,40.648702375673686
wear_activated_eta,6.0,3.0,outer_3_Gyr,full_board_all_R,58,0.24,22.72,1.3027097763019453,75.55716702551283,-16.912577586623378,20.973334947122133,24.441710428251724
wear_activated_eta,6.0,3.0,outer_3_Gyr,inner_R_le_10,31,0.24,9.53,0.8850794839719793,27.43746400313136,-6.852136062802119,14.605623676080903,18.625279099707218
wear_activated_eta,6.0,3.0,outer_3_Gyr,outer_R_gt_10,27,10.02,22.72,1.782211223051165,48.11970302238146,-28.46345489175149,28.47929548569155,29.749015815897373
wear_activated_eta,6.0,3.0,outer_3_Gyr,far_outer_R_ge_15,16,15.39,22.72,2.290222569183744,36.643561106939906,-34.304422854341624,32.628064538104034,34.808681942746
wear_activated_eta,6.0,2.0,outer_2_Gyr,full_board_all_R,58,0.24,22.72,1.1864393145990237,68.81348024674338,-15.895575662979065,19.850091505162162,23.294677204725485
wear_activated_eta,6.0,2.0,outer_2_Gyr,inner_R_le_10,31,0.24,9.53,0.8850794839719793,27.43746400313136,-6.852136062802119,14.605623676080903,18.625279099707218
wear_activated_eta,6.0,2.0,outer_2_Gyr,outer_R_gt_10,27,10.02,22.72,1.5324450460597048,41.37601624361203,-26.278784092811847,26.26360642816654,27.701653597116362
wear_activated_eta,6.0,2.0,outer_2_Gyr,far_outer_R_ge_15,16,15.39,22.72,2.0183403230768087,32.29344516922894,-32.18032403935656,30.38654614390186,32.73942042088154
wear_activated_eta,6.0,1.5,outer_1.5_Gyr,full_board_all_R,58,0.24,22.72,1.1307055964854447,65.5809245961558,-15.374067427718257,19.27658899867896,22.722241726141082
wear_activated_eta,6.0,1.5,outer_1.5_Gyr,inner_R_le_10,31,0.24,9.53,0.8850794839719793,27.43746400313136,-6.852136062802119,14.605623676080903,18.625279099707218
wear_activated_eta,6.0,1.5,outer_1.5_Gyr,outer_R_gt_10,27,10.02,22.72,1.4127207627046086,38.14346059302443,-25.15850714299234,25.12808728939025,26.66075207862752
wear_activated_eta,6.0,1.5,outer_1.5_Gyr,far_outer_R_ge_15,16,15.39,22.72,1.8860090836992736,30.176145339188377,-31.091374140336978,29.237508168287256,31.681859914533625
wear_activated_eta,6.0,1.0,outer_1_Gyr,full_board_all_R,58,0.24,22.72,1.0767322846140819,62.45047250761675,-14.843733268629391,18.6933413714476,22.152194898209633
wear_activated_eta,6.0,1.0,outer_1_Gyr,inner_R_le_10,31,0.24,9.53,0.8850794839719793,27.43746400313136,-6.852136062802119,14.605623676080903,18.625279099707218
wear_activated_eta,6.0,1.0,outer_1_Gyr,outer_R_gt_10,27,10.02,22.72,1.296778092758718,35.013008504485384,-24.01927080124589,23.973791166685487,25.609469590496786
wear_activated_eta,6.0,1.0,outer_1_Gyr,far_outer_R_ge_15,16,15.39,22.72,1.756361050264804,28.101776804236863,-29.984171682292583,28.069283082869447,30.60915896661854
wear_activated_eta,7.1,7.1,uniform,full_board_all_R,58,0.24,22.72,1.8442113773920448,106.9642598887386,-21.55163653592347,26.812975761536165,29.136237516281877
wear_activated_eta,7.1,7.1,uniform,inner_R_le_10,31,0.24,9.53,0.9139986159225766,28.333957093599874,-8.387085737786528,13.027139507875098,18.92334757454264
wear_activated_eta,7.1,7.1,uniform,outer_R_gt_10,27,10.02,22.72,2.912233436856989,78.6303027951387,-36.66649115600663,36.813166880767454,37.582745221742826
wear_activated_eta,7.1,7.1,uniform,far_outer_R_ge_15,16,15.39,22.72,3.4742746359134196,55.58839417461471,-42.28458042059031,40.779297511855646,42.63908115083754
wear_activated_eta,7.1,3.0,outer_3_Gyr,full_board_all_R,58,0.24,22.72,1.3173392616427937,76.40567717528204,-17.726273295972103,21.890167165119784,24.55556991623012
wear_activated_eta,7.1,3.0,outer_3_Gyr,inner_R_le_10,31,0.24,9.53,0.9139986159225766,28.333957093599874,-8.387085737786528,13.027139507875098,18.92334757454264
wear_activated_eta,7.1,3.0,outer_3_Gyr,outer_R_gt_10,27,10.02,22.72,1.7804340770993397,48.07172008168217,-28.4490441961111,28.46124693392538,29.734456394208166
wear_activated_eta,7.1,3.0,outer_3_Gyr,far_outer_R_ge_15,16,15.39,22.72,2.288011788738124,36.60818861980999,-34.28762645243661,32.61177503422023,34.79213179770318
wear_activated_eta,7.1,2.0,outer_2_Gyr,full_board_all_R,58,0.24,22.72,1.201105561598216,69.66412257269653,-16.709041443719947,20.60103143159661,23.414465044735536
wear_activated_eta,7.1,2.0,outer_2_Gyr,inner_R_le_10,31,0.24,9.53,0.9139986159225766,28.333957093599874,-8.387085737786528,13.027139507875098,18.92334757454264
wear_activated_eta,7.1,2.0,outer_2_Gyr,outer_R_gt_10,27,10.02,22.72,1.530746869596172,41.33016547909664,-26.26387947645832,26.244952055306683,27.68665306670269
wear_activated_eta,7.1,2.0,outer_2_Gyr,far_outer_R_ge_15,16,15.39,22.72,2.0162002189325294,32.25920350292047,-32.162955611650894,30.369704371416553,32.72235612151975
wear_activated_eta,7.1,1.5,outer_1.5_Gyr,full_board_all_R,58,0.24,22.72,1.145392435620739,66.43276126600286,-16.18741593883283,20.027412507693946,22.845232859708723
wear_activated_eta,7.1,1.5,outer_1.5_Gyr,inner_R_le_10,31,0.24,9.53,0.9139986159225766,28.333957093599874,-8.387085737786528,13.027139507875098,18.92334757454264
wear_activated_eta,7.1,1.5,outer_1.5_Gyr,outer_R_gt_10,27,10.02,22.72,1.4110668212001103,38.09880417240298,-25.14335061410822,25.109123954827524,26.645536732634614
wear_activated_eta,7.1,1.5,outer_1.5_Gyr,far_outer_R_ge_15,16,15.39,22.72,1.8839091134104062,30.1425458145665,-31.07371396895831,29.22038474116038,31.664539064449677
wear_activated_eta,7.1,1.0,outer_1_Gyr,full_board_all_R,58,0.24,22.72,1.091441264340578,63.303593331753525,-15.656962947154488,19.44404691224551,22.278555936023718
wear_activated_eta,7.1,1.0,outer_1_Gyr,inner_R_le_10,31,0.24,9.53,0.9139986159225766,28.333957093599874,-8.387085737786528,13.027139507875098,18.92334757454264
wear_activated_eta,7.1,1.0,outer_1_Gyr,outer_R_gt_10,27,10.02,22.72,1.2951717125242093,34.96963623815365,-24.003859002354737,23.95451476491435,25.59404558952739
wear_activated_eta,7.1,1.0,outer_1_Gyr,far_outer_R_ge_15,16,15.39,22.72,1.754304573860611,28.068873181769774,-29.966215881061313,28.051874256945275,30.591582885683657
