inner_t50_Gyr,outer_t50_Gyr,age_mode,R_kpc,Vobs_kms,errV_kms,Vbar_kms,V_model_wear_eta_kms,residual_model_minus_obs_kms,chi2_contribution
6.0,6.0,uniform,0.24,37.3,6.2,21.186,28.664,-8.635999999999996,0.17571505041937593
6.0,6.0,uniform,0.28,37.9,5.5,24.564,31.475,-6.424999999999997,0.09917267267267259
6.0,6.0,uniform,0.46,47.1,3.9,34.976,57.651,10.551000000000002,0.2774696567882158
6.0,6.0,uniform,0.64,53.5,2.8,41.567,68.324,14.823999999999998,0.5579701807840747
6.0,6.0,uniform,0.73,55.1,3.3,43.736,69.706,14.606000000000002,0.5375172869056919
6.0,6.0,uniform,0.82,58.5,2.5,45.431,75.366,16.866,0.7252057514340344
6.0,6.0,uniform,1.08,66.2,3.3,50.165,83.524,17.323999999999998,0.7561817531305902
6.0,6.0,uniform,1.22,69.4,2.8,52.328,85.195,15.794999999999987,0.6334603519195603
6.0,6.0,uniform,1.45,74.6,5.0,55.273,86.898,12.298000000000002,0.36798249148418505
6.0,6.0,uniform,1.71,77.9,2.9,57.596,85.079,7.178999999999988,0.13067123298090774
6.0,6.0,uniform,1.87,81.7,2.5,58.412,80.813,-0.8870000000000005,0.0020057845761631632
6.0,6.0,uniform,2.2,86.8,3.0,60.161,80.427,-6.3729999999999905,0.10282311139240474
6.0,6.0,uniform,2.28,90.1,2.1,60.615,93.934,3.834000000000003,0.03765158679337113
6.0,6.0,uniform,2.69,94.4,3.9,62.724,100.516,6.116,0.0932316143665412
6.0,6.0,uniform,2.7,95.4,1.8,62.759,101.563,6.162999999999997,0.09758136111396558
6.0,6.0,uniform,3.12,99.2,2.6,64.191,103.722,4.521999999999991,0.05206356044403687
6.0,6.0,uniform,3.18,98.7,2.0,64.331,100.229,1.5289999999999964,0.005994464102564074
6.0,6.0,uniform,3.53,101.3,2.4,65.178,100.391,-0.9089999999999918,0.002109151010822915
6.0,6.0,uniform,3.66,101.5,1.3,65.451,95.108,-6.391999999999996,0.1053874590523355
6.0,6.0,uniform,4.15,106.3,2.8,66.308,97.334,-8.965999999999994,0.20411628072313603
6.0,6.0,uniform,4.64,109.4,1.4,66.688,90.074,-19.326000000000008,0.9627133622022898
6.0,6.0,uniform,5.13,108.8,1.6,66.706,83.149,-25.650999999999996,1.6933647338892315
6.0,6.0,uniform,5.62,107.3,2.7,66.582,78.19,-29.11,2.154624068753337
6.0,6.0,uniform,6.11,108.2,2.2,66.514,79.554,-28.646,2.0995632893255554
6.0,6.0,uniform,6.6,109.8,1.6,66.507,75.585,-34.215,3.0128325741198276
6.0,6.0,uniform,7.09,110.1,1.7,66.56,74.819,-35.28099999999999,3.2007738975031486
6.0,6.0,uniform,7.57,111.1,1.6,66.513,77.441,-33.65899999999999,2.915710008750256
6.0,6.0,uniform,8.06,113.0,2.6,65.923,82.519,-30.480999999999995,2.365544762704959
6.0,6.0,uniform,8.55,113.9,2.4,64.749,88.037,-25.863,1.7074095594241372
6.0,6.0,uniform,9.04,115.1,3.2,63.293,92.649,-22.450999999999993,1.2720760170603667
6.0,6.0,uniform,9.53,116.3,3.1,61.563,95.549,-20.75099999999999,1.0884558049594286
6.0,6.0,uniform,10.02,119.1,2.7,59.669,96.69,-22.409999999999997,1.2769409341707132
6.0,6.0,uniform,10.51,121.0,2.7,57.903,96.765,-24.235,1.4933896742861499
6.0,6.0,uniform,10.99,121.5,2.1,56.428,96.215,-25.284999999999997,1.6375892651315278
6.0,6.0,uniform,11.48,118.6,2.0,55.144,95.197,-23.40299999999999,1.404360023076922
6.0,6.0,uniform,11.97,118.7,1.9,54.022,94.019,-24.680999999999997,1.563491083391083
6.0,6.0,uniform,12.46,117.2,1.9,52.964,92.827,-24.373000000000005,1.5247122224788898
6.0,6.0,uniform,12.95,116.2,2.0,51.951,91.756,-24.444000000000003,1.532074707692308
6.0,6.0,uniform,13.44,118.3,2.4,50.98,90.821,-27.479,1.927443947825199
6.0,6.0,uniform,13.93,119.0,2.4,50.06,90.122,-28.878,2.1286983969777418
6.0,6.0,uniform,14.41,121.3,2.9,49.264,89.48,-31.819999999999993,2.56715701934535
6.0,6.0,uniform,14.9,121.4,3.7,48.596,88.746,-32.65400000000001,2.6677768170332024
6.0,6.0,uniform,15.39,120.3,3.4,47.948,88.037,-32.26299999999999,2.6182240894456172
6.0,6.0,uniform,15.88,121.9,4.2,47.231,87.445,-34.45500000000001,2.941103520463782
6.0,6.0,uniform,16.37,126.3,7.2,46.565,87.383,-38.917,3.4591012447469396
6.0,6.0,uniform,16.86,126.3,4.5,45.997,87.898,-38.402,3.6300642560000003
6.0,6.0,uniform,17.35,127.2,5.5,45.39,88.282,-38.918000000000006,3.6387044420420436
6.0,6.0,uniform,17.84,126.2,4.7,44.753,88.095,-38.105000000000004,3.5580166752432065
6.0,6.0,uniform,18.32,124.2,12.2,44.108,87.335,-36.86500000000001,2.5409995980106217
6.0,6.0,uniform,18.81,127.2,13.3,43.485,86.366,-40.834,2.962240501696602
6.0,6.0,uniform,19.3,120.2,14.2,43.027,85.499,-34.70100000000001,2.0491447161527474
6.0,6.0,uniform,19.79,121.8,13.2,42.731,84.618,-37.182,2.467694423818364
6.0,6.0,uniform,20.28,136.0,19.1,42.432,83.869,-52.131,3.619612366644024
6.0,6.0,uniform,20.77,128.3,14.3,41.99,83.038,-45.262000000000015,3.4694044674761657
6.0,6.0,uniform,21.26,127.4,15.4,41.56,81.837,-45.563,3.3313867530008343
6.0,6.0,uniform,21.74,120.1,13.1,41.224,79.529,-40.571,2.951894766951812
6.0,6.0,uniform,22.23,112.2,14.9,40.975,74.19,-38.010000000000005,2.376211082054572
6.0,6.0,uniform,22.72,119.6,13.4,40.805,67.57,-52.03,4.7866201640851544
6.0,3.0,outer_3_Gyr,0.24,37.3,6.2,21.186,28.664,-8.635999999999996,0.17571505041937593
6.0,3.0,outer_3_Gyr,0.28,37.9,5.5,24.564,31.475,-6.424999999999997,0.09917267267267259
6.0,3.0,outer_3_Gyr,0.46,47.1,3.9,34.976,57.651,10.551000000000002,0.2774696567882158
6.0,3.0,outer_3_Gyr,0.64,53.5,2.8,41.567,68.324,14.823999999999998,0.5579701807840747
6.0,3.0,outer_3_Gyr,0.73,55.1,3.3,43.736,69.706,14.606000000000002,0.5375172869056919
6.0,3.0,outer_3_Gyr,0.82,58.5,2.5,45.431,75.366,16.866,0.7252057514340344
6.0,3.0,outer_3_Gyr,1.08,66.2,3.3,50.165,83.524,17.323999999999998,0.7561817531305902
6.0,3.0,outer_3_Gyr,1.22,69.4,2.8,52.328,85.195,15.794999999999987,0.6334603519195603
6.0,3.0,outer_3_Gyr,1.45,74.6,5.0,55.273,86.898,12.298000000000002,0.36798249148418505
6.0,3.0,outer_3_Gyr,1.71,77.9,2.9,57.596,85.079,7.178999999999988,0.13067123298090774
6.0,3.0,outer_3_Gyr,1.87,81.7,2.5,58.412,80.813,-0.8870000000000005,0.0020057845761631632
6.0,3.0,outer_3_Gyr,2.2,86.8,3.0,60.161,80.427,-6.3729999999999905,0.10282311139240474
6.0,3.0,outer_3_Gyr,2.28,90.1,2.1,60.615,93.934,3.834000000000003,0.03765158679337113
6.0,3.0,outer_3_Gyr,2.69,94.4,3.9,62.724,100.516,6.116,0.0932316143665412
6.0,3.0,outer_3_Gyr,2.7,95.4,1.8,62.759,101.563,6.162999999999997,0.09758136111396558
6.0,3.0,outer_3_Gyr,3.12,99.2,2.6,64.191,103.722,4.521999999999991,0.05206356044403687
6.0,3.0,outer_3_Gyr,3.18,98.7,2.0,64.331,100.229,1.5289999999999964,0.005994464102564074
6.0,3.0,outer_3_Gyr,3.53,101.3,2.4,65.178,100.391,-0.9089999999999918,0.002109151010822915
6.0,3.0,outer_3_Gyr,3.66,101.5,1.3,65.451,95.108,-6.391999999999996,0.1053874590523355
6.0,3.0,outer_3_Gyr,4.15,106.3,2.8,66.308,97.334,-8.965999999999994,0.20411628072313603
6.0,3.0,outer_3_Gyr,4.64,109.4,1.4,66.688,90.074,-19.326000000000008,0.9627133622022898
6.0,3.0,outer_3_Gyr,5.13,108.8,1.6,66.706,83.149,-25.650999999999996,1.6933647338892315
6.0,3.0,outer_3_Gyr,5.62,107.3,2.7,66.582,78.19,-29.11,2.154624068753337
6.0,3.0,outer_3_Gyr,6.11,108.2,2.2,66.514,79.554,-28.646,2.0995632893255554
6.0,3.0,outer_3_Gyr,6.6,109.8,1.6,66.507,75.585,-34.215,3.0128325741198276
6.0,3.0,outer_3_Gyr,7.09,110.1,1.7,66.56,74.819,-35.28099999999999,3.2007738975031486
6.0,3.0,outer_3_Gyr,7.57,111.1,1.6,66.513,77.441,-33.65899999999999,2.915710008750256
6.0,3.0,outer_3_Gyr,8.06,113.0,2.6,65.923,82.519,-30.480999999999995,2.365544762704959
6.0,3.0,outer_3_Gyr,8.55,113.9,2.4,64.749,88.037,-25.863,1.7074095594241372
6.0,3.0,outer_3_Gyr,9.04,115.1,3.2,63.293,92.649,-22.450999999999993,1.2720760170603667
6.0,3.0,outer_3_Gyr,9.53,116.3,3.1,61.563,95.549,-20.75099999999999,1.0884558049594286
6.0,3.0,outer_3_Gyr,10.02,119.1,2.7,59.669,102.996,-16.104,0.6594086195936839
6.0,3.0,outer_3_Gyr,10.51,121.0,2.7,57.903,103.251,-17.748999999999995,0.8010043504792895
6.0,3.0,outer_3_Gyr,10.99,121.5,2.1,56.428,102.758,-18.742000000000004,0.8997273737865324
6.0,3.0,outer_3_Gyr,11.48,118.6,2.0,55.144,101.714,-16.885999999999996,0.7311205025641021
6.0,3.0,outer_3_Gyr,11.97,118.7,1.9,54.022,100.472,-18.22800000000001,0.8528014784014791
6.0,3.0,outer_3_Gyr,12.46,117.2,1.9,52.964,99.21,-17.99000000000001,0.8306770873437548
6.0,3.0,outer_3_Gyr,12.95,116.2,2.0,51.951,98.082,-18.11800000000001,0.8416972410256418
6.0,3.0,outer_3_Gyr,13.44,118.3,2.4,50.98,97.104,-21.195999999999998,1.146800122523994
6.0,3.0,outer_3_Gyr,13.93,119.0,2.4,50.06,96.39,-22.61,1.3049114253624667
6.0,3.0,outer_3_Gyr,14.41,121.3,2.9,49.264,95.729,-25.570999999999998,1.6578586775183182
6.0,3.0,outer_3_Gyr,14.9,121.4,3.7,48.596,94.952,-26.448000000000008,1.7500980860166637
6.0,3.0,outer_3_Gyr,15.39,120.3,3.4,47.948,94.202,-26.098,1.7132146191769795
6.0,3.0,outer_3_Gyr,15.88,121.9,4.2,47.231,93.592,-28.308000000000007,1.9852910117926876
6.0,3.0,outer_3_Gyr,16.37,126.3,7.2,46.565,93.574,-32.726,2.446078649735063
6.0,3.0,outer_3_Gyr,16.86,126.3,4.5,45.997,94.195,-32.105000000000004,2.537184061538462
6.0,3.0,outer_3_Gyr,17.35,127.2,5.5,45.39,94.67,-32.53,2.5422243843843844
6.0,3.0,outer_3_Gyr,17.84,126.2,4.7,44.753,94.507,-31.692999999999998,2.4613351197039863
6.0,3.0,outer_3_Gyr,18.32,124.2,12.2,44.108,93.702,-30.498000000000005,1.7390771146511113
6.0,3.0,outer_3_Gyr,18.81,127.2,13.3,43.485,92.66,-34.540000000000006,2.119440032688448
6.0,3.0,outer_3_Gyr,19.3,120.2,14.2,43.027,91.721,-28.479,1.3801875995507453
6.0,3.0,outer_3_Gyr,19.79,121.8,13.2,42.731,90.752,-31.048000000000002,1.7206524061116666
6.0,3.0,outer_3_Gyr,20.28,136.0,19.1,42.432,89.932,-46.068,2.826628073680425
6.0,3.0,outer_3_Gyr,20.77,128.3,14.3,41.99,89.033,-39.26700000000001,2.611216598079562
6.0,3.0,outer_3_Gyr,21.26,127.4,15.4,41.56,87.719,-39.68100000000001,2.5267696273830165
6.0,3.0,outer_3_Gyr,21.74,120.1,13.1,41.224,85.157,-34.943,2.1897262405624
6.0,3.0,outer_3_Gyr,22.23,112.2,14.9,40.975,79.181,-33.019000000000005,1.7931520221706887
6.0,3.0,outer_3_Gyr,22.72,119.6,13.4,40.805,71.733,-47.86699999999999,4.051293742485322
6.0,2.0,outer_2_Gyr,0.24,37.3,6.2,21.186,28.664,-8.635999999999996,0.17571505041937593
6.0,2.0,outer_2_Gyr,0.28,37.9,5.5,24.564,31.475,-6.424999999999997,0.09917267267267259
6.0,2.0,outer_2_Gyr,0.46,47.1,3.9,34.976,57.651,10.551000000000002,0.2774696567882158
6.0,2.0,outer_2_Gyr,0.64,53.5,2.8,41.567,68.324,14.823999999999998,0.5579701807840747
6.0,2.0,outer_2_Gyr,0.73,55.1,3.3,43.736,69.706,14.606000000000002,0.5375172869056919
6.0,2.0,outer_2_Gyr,0.82,58.5,2.5,45.431,75.366,16.866,0.7252057514340344
6.0,2.0,outer_2_Gyr,1.08,66.2,3.3,50.165,83.524,17.323999999999998,0.7561817531305902
6.0,2.0,outer_2_Gyr,1.22,69.4,2.8,52.328,85.195,15.794999999999987,0.6334603519195603
6.0,2.0,outer_2_Gyr,1.45,74.6,5.0,55.273,86.898,12.298000000000002,0.36798249148418505
6.0,2.0,outer_2_Gyr,1.71,77.9,2.9,57.596,85.079,7.178999999999988,0.13067123298090774
6.0,2.0,outer_2_Gyr,1.87,81.7,2.5,58.412,80.813,-0.8870000000000005,0.0020057845761631632
6.0,2.0,outer_2_Gyr,2.2,86.8,3.0,60.161,80.427,-6.3729999999999905,0.10282311139240474
6.0,2.0,outer_2_Gyr,2.28,90.1,2.1,60.615,93.934,3.834000000000003,0.03765158679337113
6.0,2.0,outer_2_Gyr,2.69,94.4,3.9,62.724,100.516,6.116,0.0932316143665412
6.0,2.0,outer_2_Gyr,2.7,95.4,1.8,62.759,101.563,6.162999999999997,0.09758136111396558
6.0,2.0,outer_2_Gyr,3.12,99.2,2.6,64.191,103.722,4.521999999999991,0.05206356044403687
6.0,2.0,outer_2_Gyr,3.18,98.7,2.0,64.331,100.229,1.5289999999999964,0.005994464102564074
6.0,2.0,outer_2_Gyr,3.53,101.3,2.4,65.178,100.391,-0.9089999999999918,0.002109151010822915
6.0,2.0,outer_2_Gyr,3.66,101.5,1.3,65.451,95.108,-6.391999999999996,0.1053874590523355
6.0,2.0,outer_2_Gyr,4.15,106.3,2.8,66.308,97.334,-8.965999999999994,0.20411628072313603
6.0,2.0,outer_2_Gyr,4.64,109.4,1.4,66.688,90.074,-19.326000000000008,0.9627133622022898
6.0,2.0,outer_2_Gyr,5.13,108.8,1.6,66.706,83.149,-25.650999999999996,1.6933647338892315
6.0,2.0,outer_2_Gyr,5.62,107.3,2.7,66.582,78.19,-29.11,2.154624068753337
6.0,2.0,outer_2_Gyr,6.11,108.2,2.2,66.514,79.554,-28.646,2.0995632893255554
6.0,2.0,outer_2_Gyr,6.6,109.8,1.6,66.507,75.585,-34.215,3.0128325741198276
6.0,2.0,outer_2_Gyr,7.09,110.1,1.7,66.56,74.819,-35.28099999999999,3.2007738975031486
6.0,2.0,outer_2_Gyr,7.57,111.1,1.6,66.513,77.441,-33.65899999999999,2.915710008750256
6.0,2.0,outer_2_Gyr,8.06,113.0,2.6,65.923,82.519,-30.480999999999995,2.365544762704959
6.0,2.0,outer_2_Gyr,8.55,113.9,2.4,64.749,88.037,-25.863,1.7074095594241372
6.0,2.0,outer_2_Gyr,9.04,115.1,3.2,63.293,92.649,-22.450999999999993,1.2720760170603667
6.0,2.0,outer_2_Gyr,9.53,116.3,3.1,61.563,95.549,-20.75099999999999,1.0884558049594286
6.0,2.0,outer_2_Gyr,10.02,119.1,2.7,59.669,105.252,-13.847999999999999,0.4875972030816953
6.0,2.0,outer_2_Gyr,10.51,121.0,2.7,57.903,105.568,-15.432000000000002,0.6055242289404766
6.0,2.0,outer_2_Gyr,10.99,121.5,2.1,56.428,105.095,-16.405,0.689336915038037
6.0,2.0,outer_2_Gyr,11.48,118.6,2.0,55.144,104.04,-14.559999999999988,0.5435733333333325
6.0,2.0,outer_2_Gyr,11.97,118.7,1.9,54.022,102.776,-15.924000000000007,0.6508400092400097
6.0,2.0,outer_2_Gyr,12.46,117.2,1.9,52.964,101.489,-15.710999999999999,0.6335451374451373
6.0,2.0,outer_2_Gyr,12.95,116.2,2.0,51.951,100.34,-15.86,0.6449733333333333
6.0,2.0,outer_2_Gyr,13.44,118.3,2.4,50.98,99.347,-18.953000000000003,0.9169292653665513
6.0,2.0,outer_2_Gyr,13.93,119.0,2.4,50.06,98.626,-20.373999999999995,1.0595769756994073
6.0,2.0,outer_2_Gyr,14.41,121.3,2.9,49.264,97.959,-23.340999999999994,1.3813095028016524
6.0,2.0,outer_2_Gyr,14.9,121.4,3.7,48.596,97.166,-24.23400000000001,1.4693556406214827
6.0,2.0,outer_2_Gyr,15.39,120.3,3.4,47.948,96.402,-23.897999999999996,1.436548958647751
6.0,2.0,outer_2_Gyr,15.88,121.9,4.2,47.231,95.784,-26.116,1.6897370329997026
6.0,2.0,outer_2_Gyr,16.37,126.3,7.2,46.565,95.781,-30.51899999999999,2.127282479901332
6.0,2.0,outer_2_Gyr,16.86,126.3,4.5,45.997,96.439,-29.861000000000004,2.1949029440000007
6.0,2.0,outer_2_Gyr,17.35,127.2,5.5,45.39,96.946,-30.254000000000005,2.1989297681681688
6.0,2.0,outer_2_Gyr,17.84,126.2,4.7,44.753,96.791,-29.409000000000006,2.1193591634198343
6.0,2.0,outer_2_Gyr,18.32,124.2,12.2,44.108,95.969,-28.23100000000001,1.4901453911450164
6.0,2.0,outer_2_Gyr,18.81,127.2,13.3,43.485,94.901,-32.29900000000001,1.853337954129582
6.0,2.0,outer_2_Gyr,19.3,120.2,14.2,43.027,93.936,-26.263999999999996,1.1738440133415011
6.0,2.0,outer_2_Gyr,19.79,121.8,13.2,42.731,92.937,-28.863,1.486992662073397
6.0,2.0,outer_2_Gyr,20.28,136.0,19.1,42.432,92.092,-43.908,2.5677767531066444
6.0,2.0,outer_2_Gyr,20.77,128.3,14.3,41.99,91.169,-37.131000000000014,2.3348594573997885
6.0,2.0,outer_2_Gyr,21.26,127.4,15.4,41.56,89.815,-37.58500000000001,2.266885270235574
6.0,2.0,outer_2_Gyr,21.74,120.1,13.1,41.224,87.164,-32.93599999999999,1.9454100464482336
6.0,2.0,outer_2_Gyr,22.23,112.2,14.9,40.975,80.964,-31.236000000000004,1.6047231065278538
6.0,2.0,outer_2_Gyr,22.72,119.6,13.4,40.805,73.225,-46.375,3.8026745614965702
6.0,1.5,outer_1.5_Gyr,0.24,37.3,6.2,21.186,28.664,-8.635999999999996,0.17571505041937593
6.0,1.5,outer_1.5_Gyr,0.28,37.9,5.5,24.564,31.475,-6.424999999999997,0.09917267267267259
6.0,1.5,outer_1.5_Gyr,0.46,47.1,3.9,34.976,57.651,10.551000000000002,0.2774696567882158
6.0,1.5,outer_1.5_Gyr,0.64,53.5,2.8,41.567,68.324,14.823999999999998,0.5579701807840747
6.0,1.5,outer_1.5_Gyr,0.73,55.1,3.3,43.736,69.706,14.606000000000002,0.5375172869056919
6.0,1.5,outer_1.5_Gyr,0.82,58.5,2.5,45.431,75.366,16.866,0.7252057514340344
6.0,1.5,outer_1.5_Gyr,1.08,66.2,3.3,50.165,83.524,17.323999999999998,0.7561817531305902
6.0,1.5,outer_1.5_Gyr,1.22,69.4,2.8,52.328,85.195,15.794999999999987,0.6334603519195603
6.0,1.5,outer_1.5_Gyr,1.45,74.6,5.0,55.273,86.898,12.298000000000002,0.36798249148418505
6.0,1.5,outer_1.5_Gyr,1.71,77.9,2.9,57.596,85.079,7.178999999999988,0.13067123298090774
6.0,1.5,outer_1.5_Gyr,1.87,81.7,2.5,58.412,80.813,-0.8870000000000005,0.0020057845761631632
6.0,1.5,outer_1.5_Gyr,2.2,86.8,3.0,60.161,80.427,-6.3729999999999905,0.10282311139240474
6.0,1.5,outer_1.5_Gyr,2.28,90.1,2.1,60.615,93.934,3.834000000000003,0.03765158679337113
6.0,1.5,outer_1.5_Gyr,2.69,94.4,3.9,62.724,100.516,6.116,0.0932316143665412
6.0,1.5,outer_1.5_Gyr,2.7,95.4,1.8,62.759,101.563,6.162999999999997,0.09758136111396558
6.0,1.5,outer_1.5_Gyr,3.12,99.2,2.6,64.191,103.722,4.521999999999991,0.05206356044403687
6.0,1.5,outer_1.5_Gyr,3.18,98.7,2.0,64.331,100.229,1.5289999999999964,0.005994464102564074
6.0,1.5,outer_1.5_Gyr,3.53,101.3,2.4,65.178,100.391,-0.9089999999999918,0.002109151010822915
6.0,1.5,outer_1.5_Gyr,3.66,101.5,1.3,65.451,95.108,-6.391999999999996,0.1053874590523355
6.0,1.5,outer_1.5_Gyr,4.15,106.3,2.8,66.308,97.334,-8.965999999999994,0.20411628072313603
6.0,1.5,outer_1.5_Gyr,4.64,109.4,1.4,66.688,90.074,-19.326000000000008,0.9627133622022898
6.0,1.5,outer_1.5_Gyr,5.13,108.8,1.6,66.706,83.149,-25.650999999999996,1.6933647338892315
6.0,1.5,outer_1.5_Gyr,5.62,107.3,2.7,66.582,78.19,-29.11,2.154624068753337
6.0,1.5,outer_1.5_Gyr,6.11,108.2,2.2,66.514,79.554,-28.646,2.0995632893255554
6.0,1.5,outer_1.5_Gyr,6.6,109.8,1.6,66.507,75.585,-34.215,3.0128325741198276
6.0,1.5,outer_1.5_Gyr,7.09,110.1,1.7,66.56,74.819,-35.28099999999999,3.2007738975031486
6.0,1.5,outer_1.5_Gyr,7.57,111.1,1.6,66.513,77.441,-33.65899999999999,2.915710008750256
6.0,1.5,outer_1.5_Gyr,8.06,113.0,2.6,65.923,82.519,-30.480999999999995,2.365544762704959
6.0,1.5,outer_1.5_Gyr,8.55,113.9,2.4,64.749,88.037,-25.863,1.7074095594241372
6.0,1.5,outer_1.5_Gyr,9.04,115.1,3.2,63.293,92.649,-22.450999999999993,1.2720760170603667
6.0,1.5,outer_1.5_Gyr,9.53,116.3,3.1,61.563,95.549,-20.75099999999999,1.0884558049594286
6.0,1.5,outer_1.5_Gyr,10.02,119.1,2.7,59.669,106.41,-12.689999999999998,0.4094589234407179
6.0,1.5,outer_1.5_Gyr,10.51,121.0,2.7,57.903,106.758,-14.242000000000004,0.515737913498945
6.0,1.5,outer_1.5_Gyr,10.99,121.5,2.1,56.428,106.294,-15.206000000000003,0.5922554135396124
6.0,1.5,outer_1.5_Gyr,11.48,118.6,2.0,55.144,105.234,-13.366,0.4580768102564103
6.0,1.5,outer_1.5_Gyr,11.97,118.7,1.9,54.022,103.958,-14.742000000000004,0.5578054054054057
6.0,1.5,outer_1.5_Gyr,12.46,117.2,1.9,52.964,102.657,-14.543000000000006,0.5428475886142557
6.0,1.5,outer_1.5_Gyr,12.95,116.2,2.0,51.951,101.498,-14.701999999999998,0.5542277025641025
6.0,1.5,outer_1.5_Gyr,13.44,118.3,2.4,50.98,100.497,-17.802999999999997,0.809033104451705
6.0,1.5,outer_1.5_Gyr,13.93,119.0,2.4,50.06,99.773,-19.227000000000004,0.9436326551970599
6.0,1.5,outer_1.5_Gyr,14.41,121.3,2.9,49.264,99.102,-22.197999999999993,1.2493375015846446
6.0,1.5,outer_1.5_Gyr,14.9,121.4,3.7,48.596,98.301,-23.099000000000004,1.3349440841652285
6.0,1.5,outer_1.5_Gyr,15.39,120.3,3.4,47.948,97.53,-22.769999999999996,1.3041374886809536
6.0,1.5,outer_1.5_Gyr,15.88,121.9,4.2,47.231,96.909,-24.991,1.5472948196412646
6.0,1.5,outer_1.5_Gyr,16.37,126.3,7.2,46.565,96.913,-29.387,1.9724003494427187
6.0,1.5,outer_1.5_Gyr,16.86,126.3,4.5,45.997,97.589,-28.711,2.0290991286153846
6.0,1.5,outer_1.5_Gyr,17.35,127.2,5.5,45.39,98.112,-29.088000000000008,2.0327008864864875
6.0,1.5,outer_1.5_Gyr,17.84,126.2,4.7,44.753,97.961,-28.239000000000004,1.9540815040799828
6.0,1.5,outer_1.5_Gyr,18.32,124.2,12.2,44.108,97.131,-27.069000000000003,1.3699999270809966
6.0,1.5,outer_1.5_Gyr,18.81,127.2,13.3,43.485,96.05,-31.150000000000006,1.7238225941125271
6.0,1.5,outer_1.5_Gyr,19.3,120.2,14.2,43.027,95.072,-25.128,1.0744952419848888
6.0,1.5,outer_1.5_Gyr,19.79,121.8,13.2,42.731,94.057,-27.742999999999995,1.3738291607168351
6.0,1.5,outer_1.5_Gyr,20.28,136.0,19.1,42.432,93.199,-42.801,2.4399323410716427
6.0,1.5,outer_1.5_Gyr,20.77,128.3,14.3,41.99,92.263,-36.037000000000006,2.199301205778253
6.0,1.5,outer_1.5_Gyr,21.26,127.4,15.4,41.56,90.889,-36.51100000000001,2.1391827476089618
6.0,1.5,outer_1.5_Gyr,21.74,120.1,13.1,41.224,88.192,-31.908,1.825864787216872
6.0,1.5,outer_1.5_Gyr,22.23,112.2,14.9,40.975,81.879,-30.320999999999998,1.512085394977056
6.0,1.5,outer_1.5_Gyr,22.72,119.6,13.4,40.805,73.992,-45.60799999999999,3.6779292453497408
6.0,1.0,outer_1_Gyr,0.24,37.3,6.2,21.186,28.664,-8.635999999999996,0.17571505041937593
6.0,1.0,outer_1_Gyr,0.28,37.9,5.5,24.564,31.475,-6.424999999999997,0.09917267267267259
6.0,1.0,outer_1_Gyr,0.46,47.1,3.9,34.976,57.651,10.551000000000002,0.2774696567882158
6.0,1.0,outer_1_Gyr,0.64,53.5,2.8,41.567,68.324,14.823999999999998,0.5579701807840747
6.0,1.0,outer_1_Gyr,0.73,55.1,3.3,43.736,69.706,14.606000000000002,0.5375172869056919
6.0,1.0,outer_1_Gyr,0.82,58.5,2.5,45.431,75.366,16.866,0.7252057514340344
6.0,1.0,outer_1_Gyr,1.08,66.2,3.3,50.165,83.524,17.323999999999998,0.7561817531305902
6.0,1.0,outer_1_Gyr,1.22,69.4,2.8,52.328,85.195,15.794999999999987,0.6334603519195603
6.0,1.0,outer_1_Gyr,1.45,74.6,5.0,55.273,86.898,12.298000000000002,0.36798249148418505
6.0,1.0,outer_1_Gyr,1.71,77.9,2.9,57.596,85.079,7.178999999999988,0.13067123298090774
6.0,1.0,outer_1_Gyr,1.87,81.7,2.5,58.412,80.813,-0.8870000000000005,0.0020057845761631632
6.0,1.0,outer_1_Gyr,2.2,86.8,3.0,60.161,80.427,-6.3729999999999905,0.10282311139240474
6.0,1.0,outer_1_Gyr,2.28,90.1,2.1,60.615,93.934,3.834000000000003,0.03765158679337113
6.0,1.0,outer_1_Gyr,2.69,94.4,3.9,62.724,100.516,6.116,0.0932316143665412
6.0,1.0,outer_1_Gyr,2.7,95.4,1.8,62.759,101.563,6.162999999999997,0.09758136111396558
6.0,1.0,outer_1_Gyr,3.12,99.2,2.6,64.191,103.722,4.521999999999991,0.05206356044403687
6.0,1.0,outer_1_Gyr,3.18,98.7,2.0,64.331,100.229,1.5289999999999964,0.005994464102564074
6.0,1.0,outer_1_Gyr,3.53,101.3,2.4,65.178,100.391,-0.9089999999999918,0.002109151010822915
6.0,1.0,outer_1_Gyr,3.66,101.5,1.3,65.451,95.108,-6.391999999999996,0.1053874590523355
6.0,1.0,outer_1_Gyr,4.15,106.3,2.8,66.308,97.334,-8.965999999999994,0.20411628072313603
6.0,1.0,outer_1_Gyr,4.64,109.4,1.4,66.688,90.074,-19.326000000000008,0.9627133622022898
6.0,1.0,outer_1_Gyr,5.13,108.8,1.6,66.706,83.149,-25.650999999999996,1.6933647338892315
6.0,1.0,outer_1_Gyr,5.62,107.3,2.7,66.582,78.19,-29.11,2.154624068753337
6.0,1.0,outer_1_Gyr,6.11,108.2,2.2,66.514,79.554,-28.646,2.0995632893255554
6.0,1.0,outer_1_Gyr,6.6,109.8,1.6,66.507,75.585,-34.215,3.0128325741198276
6.0,1.0,outer_1_Gyr,7.09,110.1,1.7,66.56,74.819,-35.28099999999999,3.2007738975031486
6.0,1.0,outer_1_Gyr,7.57,111.1,1.6,66.513,77.441,-33.65899999999999,2.915710008750256
6.0,1.0,outer_1_Gyr,8.06,113.0,2.6,65.923,82.519,-30.480999999999995,2.365544762704959
6.0,1.0,outer_1_Gyr,8.55,113.9,2.4,64.749,88.037,-25.863,1.7074095594241372
6.0,1.0,outer_1_Gyr,9.04,115.1,3.2,63.293,92.649,-22.450999999999993,1.2720760170603667
6.0,1.0,outer_1_Gyr,9.53,116.3,3.1,61.563,95.549,-20.75099999999999,1.0884558049594286
6.0,1.0,outer_1_Gyr,10.02,119.1,2.7,59.669,107.588,-11.512,0.33696799816928985
6.0,1.0,outer_1_Gyr,10.51,121.0,2.7,57.903,107.968,-13.031999999999996,0.43182644867654885
6.0,1.0,outer_1_Gyr,10.99,121.5,2.1,56.428,107.514,-13.986000000000004,0.5010327501857025
6.0,1.0,outer_1_Gyr,11.48,118.6,2.0,55.144,106.448,-12.152000000000001,0.37864385641025644
6.0,1.0,outer_1_Gyr,11.97,118.7,1.9,54.022,105.16,-13.540000000000006,0.4705515772182443
6.0,1.0,outer_1_Gyr,12.46,117.2,1.9,52.964,103.846,-13.354,0.4577123687790354
6.0,1.0,outer_1_Gyr,12.95,116.2,2.0,51.951,102.676,-13.524000000000001,0.46897070769230775
6.0,1.0,outer_1_Gyr,13.44,118.3,2.4,50.98,101.667,-16.632999999999996,0.706189220441086
6.0,1.0,outer_1_Gyr,13.93,119.0,2.4,50.06,100.94,-18.060000000000002,0.8325597304472129
6.0,1.0,outer_1_Gyr,14.41,121.3,2.9,49.264,100.264,-21.036,1.1219626682893438
6.0,1.0,outer_1_Gyr,14.9,121.4,3.7,48.596,99.456,-21.944000000000003,1.204781545697916
6.0,1.0,outer_1_Gyr,15.39,120.3,3.4,47.948,98.677,-21.62299999999999,1.1760592841332116
6.0,1.0,outer_1_Gyr,15.88,121.9,4.2,47.231,98.052,-23.848,1.4089958973342582
6.0,1.0,outer_1_Gyr,16.37,126.3,7.2,46.565,98.064,-28.236000000000004,1.8209201900237535
6.0,1.0,outer_1_Gyr,16.86,126.3,4.5,45.997,98.759,-27.540999999999997,1.8670933686153843
6.0,1.0,outer_1_Gyr,17.35,127.2,5.5,45.39,99.298,-27.902,1.8703221717717717
6.0,1.0,outer_1_Gyr,17.84,126.2,4.7,44.753,99.151,-27.049000000000007,1.7928604008919609
6.0,1.0,outer_1_Gyr,18.32,124.2,12.2,44.108,98.312,-25.888000000000005,1.2530636152868155
6.0,1.0,outer_1_Gyr,18.81,127.2,13.3,43.485,97.218,-29.982,1.596973341150136
6.0,1.0,outer_1_Gyr,19.3,120.2,14.2,43.027,96.226,-23.974000000000004,0.9780693553876526
6.0,1.0,outer_1_Gyr,19.79,121.8,13.2,42.731,95.195,-26.605000000000004,1.263433573111524
6.0,1.0,outer_1_Gyr,20.28,136.0,19.1,42.432,94.324,-41.676,2.3133535461701364
6.0,1.0,outer_1_Gyr,20.77,128.3,14.3,41.99,93.376,-34.92400000000001,2.065548571525344
6.0,1.0,outer_1_Gyr,21.26,127.4,15.4,41.56,91.981,-35.41900000000001,2.0131355687142958
6.0,1.0,outer_1_Gyr,21.74,120.1,13.1,41.224,89.239,-30.86099999999999,1.7080061709797159
6.0,1.0,outer_1_Gyr,22.23,112.2,14.9,40.975,82.81,-29.39,1.420654430025822
6.0,1.0,outer_1_Gyr,22.72,119.6,13.4,40.805,74.773,-44.827,3.5530446442464108
7.1,7.1,uniform,0.24,37.3,6.2,21.186,28.179,-9.120999999999999,0.19600565686551688
7.1,7.1,uniform,0.28,37.9,5.5,24.564,31.017,-6.882999999999999,0.11381546906906904
7.1,7.1,uniform,0.46,47.1,3.9,34.976,56.289,9.189,0.21045766805413624
7.1,7.1,uniform,0.64,53.5,2.8,41.567,66.716,13.215999999999994,0.4434863294738976
7.1,7.1,uniform,0.73,55.1,3.3,43.736,68.127,13.026999999999994,0.42758126684975645
7.1,7.1,uniform,0.82,58.5,2.5,45.431,73.573,15.072999999999993,0.5792105264499676
7.1,7.1,uniform,1.08,66.2,3.3,50.165,81.529,15.328999999999994,0.592048781778326
7.1,7.1,uniform,1.22,69.4,2.8,52.328,83.213,13.812999999999988,0.48445807688401304
7.1,7.1,uniform,1.45,74.6,5.0,55.273,84.966,10.366,0.2614451484184915
7.1,7.1,uniform,1.71,77.9,2.9,57.596,83.36,5.459999999999994,0.07558530463223531
7.1,7.1,uniform,1.87,81.7,2.5,58.412,79.375,-2.325000000000003,0.01378107074569793
7.1,7.1,uniform,2.2,86.8,3.0,60.161,79.108,-7.691999999999993,0.14978952911392376
7.1,7.1,uniform,2.28,90.1,2.1,60.615,91.888,1.788000000000011,0.008188683691503903
7.1,7.1,uniform,2.69,94.4,3.9,62.724,98.223,3.8229999999999933,0.0364281274145708
7.1,7.1,uniform,2.7,95.4,1.8,62.759,99.218,3.817999999999998,0.03745022094337679
7.1,7.1,uniform,3.12,99.2,2.6,64.191,101.332,2.131999999999991,0.011573031876973115
7.1,7.1,uniform,3.18,98.7,2.0,64.331,98.029,-0.6710000000000065,0.001154464102564125
7.1,7.1,uniform,3.53,101.3,2.4,65.178,98.223,-3.076999999999998,0.024167676638758396
7.1,7.1,uniform,3.66,101.5,1.3,65.451,93.241,-8.259,0.1759423276329026
7.1,7.1,uniform,4.15,106.3,2.8,66.308,95.388,-10.911999999999992,0.3023353239894369
7.1,7.1,uniform,4.64,109.4,1.4,66.688,88.558,-20.842,1.1196746159397875
7.1,7.1,uniform,5.13,108.8,1.6,66.706,82.047,-26.753,1.8419883904673668
7.1,7.1,uniform,5.62,107.3,2.7,66.582,77.392,-29.908,2.2743737801622212
7.1,7.1,uniform,6.11,108.2,2.2,66.514,78.665,-29.534999999999997,2.231901097635861
7.1,7.1,uniform,6.6,109.8,1.6,66.507,74.952,-34.848,3.1253425571340334
7.1,7.1,uniform,7.09,110.1,1.7,66.56,74.241,-35.858999999999995,3.3065079611201105
7.1,7.1,uniform,7.57,111.1,1.6,66.513,76.688,-34.41199999999999,3.0476264772493296
7.1,7.1,uniform,8.06,113.0,2.6,65.923,81.419,-31.581000000000003,2.5393613428047668
7.1,7.1,uniform,8.55,113.9,2.4,64.749,86.557,-27.343000000000004,1.9084124183173377
7.1,7.1,uniform,9.04,115.1,3.2,63.293,90.853,-24.247,1.4837396754492227
7.1,7.1,uniform,9.53,116.3,3.1,61.563,93.534,-22.76599999999999,1.3101052956194221
7.1,7.1,uniform,10.02,119.1,2.7,59.669,94.55,-24.549999999999997,1.5324633222304147
7.1,7.1,uniform,10.51,121.0,2.7,57.903,94.561,-26.438999999999993,1.7773671362099204
7.1,7.1,uniform,10.99,121.5,2.1,56.428,93.991,-27.509,1.9383342665403038
7.1,7.1,uniform,11.48,118.6,2.0,55.144,92.983,-25.61699999999999,1.6826427923076912
7.1,7.1,uniform,11.97,118.7,1.9,54.022,91.827,-26.873000000000005,1.8535410513077186
7.1,7.1,uniform,12.46,117.2,1.9,52.964,90.659,-26.540999999999997,1.8080251559251554
7.1,7.1,uniform,12.95,116.2,2.0,51.951,89.608,-26.592,1.8131652923076922
7.1,7.1,uniform,13.44,118.3,2.4,50.98,88.687,-29.613,2.2384362083928937
7.1,7.1,uniform,13.93,119.0,2.4,50.06,87.994,-31.006,2.453982121707168
7.1,7.1,uniform,14.41,121.3,2.9,49.264,87.359,-33.941,2.920796838315459
7.1,7.1,uniform,14.9,121.4,3.7,48.596,86.639,-34.76100000000001,3.023160752082866
7.1,7.1,uniform,15.39,120.3,3.4,47.948,85.944,-34.355999999999995,2.9689474192574696
7.1,7.1,uniform,15.88,121.9,4.2,47.231,85.358,-36.542,3.308189882073135
7.1,7.1,uniform,16.37,126.3,7.2,46.565,85.282,-41.018,3.842673862598209
7.1,7.1,uniform,16.86,126.3,4.5,45.997,85.76,-40.53999999999999,4.045517784615383
7.1,7.1,uniform,17.35,127.2,5.5,45.39,86.112,-41.08800000000001,4.05579277837838
7.1,7.1,uniform,17.84,126.2,4.7,44.753,85.917,-40.283,3.9763779778970325
7.1,7.1,uniform,18.32,124.2,12.2,44.108,85.173,-39.027,2.8477801379851924
7.1,7.1,uniform,18.81,127.2,13.3,43.485,84.228,-42.97200000000001,3.2805570964131547
7.1,7.1,uniform,19.3,120.2,14.2,43.027,83.387,-36.813,2.3061686900142946
7.1,7.1,uniform,19.79,121.8,13.2,42.731,82.536,-39.263999999999996,2.7517879765814643
7.1,7.1,uniform,20.28,136.0,19.1,42.432,81.811,-54.18899999999999,3.9110397051184704
7.1,7.1,uniform,20.77,128.3,14.3,41.99,81.004,-47.29600000000001,3.7882294636657705
7.1,7.1,uniform,21.26,127.4,15.4,41.56,79.842,-47.55800000000001,3.6295066499775346
7.1,7.1,uniform,21.74,120.1,13.1,41.224,77.622,-42.477999999999994,3.2359184447911615
7.1,7.1,uniform,22.23,112.2,14.9,40.975,72.502,-39.69800000000001,2.591949481094062
7.1,7.1,uniform,22.72,119.6,13.4,40.805,66.168,-53.43199999999999,5.048056128439067
7.1,3.0,outer_3_Gyr,0.24,37.3,6.2,21.186,28.179,-9.120999999999999,0.19600565686551688
7.1,3.0,outer_3_Gyr,0.28,37.9,5.5,24.564,31.017,-6.882999999999999,0.11381546906906904
7.1,3.0,outer_3_Gyr,0.46,47.1,3.9,34.976,56.289,9.189,0.21045766805413624
7.1,3.0,outer_3_Gyr,0.64,53.5,2.8,41.567,66.716,13.215999999999994,0.4434863294738976
7.1,3.0,outer_3_Gyr,0.73,55.1,3.3,43.736,68.127,13.026999999999994,0.42758126684975645
7.1,3.0,outer_3_Gyr,0.82,58.5,2.5,45.431,73.573,15.072999999999993,0.5792105264499676
7.1,3.0,outer_3_Gyr,1.08,66.2,3.3,50.165,81.529,15.328999999999994,0.592048781778326
7.1,3.0,outer_3_Gyr,1.22,69.4,2.8,52.328,83.213,13.812999999999988,0.48445807688401304
7.1,3.0,outer_3_Gyr,1.45,74.6,5.0,55.273,84.966,10.366,0.2614451484184915
7.1,3.0,outer_3_Gyr,1.71,77.9,2.9,57.596,83.36,5.459999999999994,0.07558530463223531
7.1,3.0,outer_3_Gyr,1.87,81.7,2.5,58.412,79.375,-2.325000000000003,0.01378107074569793
7.1,3.0,outer_3_Gyr,2.2,86.8,3.0,60.161,79.108,-7.691999999999993,0.14978952911392376
7.1,3.0,outer_3_Gyr,2.28,90.1,2.1,60.615,91.888,1.788000000000011,0.008188683691503903
7.1,3.0,outer_3_Gyr,2.69,94.4,3.9,62.724,98.223,3.8229999999999933,0.0364281274145708
7.1,3.0,outer_3_Gyr,2.7,95.4,1.8,62.759,99.218,3.817999999999998,0.03745022094337679
7.1,3.0,outer_3_Gyr,3.12,99.2,2.6,64.191,101.332,2.131999999999991,0.011573031876973115
7.1,3.0,outer_3_Gyr,3.18,98.7,2.0,64.331,98.029,-0.6710000000000065,0.001154464102564125
7.1,3.0,outer_3_Gyr,3.53,101.3,2.4,65.178,98.223,-3.076999999999998,0.024167676638758396
7.1,3.0,outer_3_Gyr,3.66,101.5,1.3,65.451,93.241,-8.259,0.1759423276329026
7.1,3.0,outer_3_Gyr,4.15,106.3,2.8,66.308,95.388,-10.911999999999992,0.3023353239894369
7.1,3.0,outer_3_Gyr,4.64,109.4,1.4,66.688,88.558,-20.842,1.1196746159397875
7.1,3.0,outer_3_Gyr,5.13,108.8,1.6,66.706,82.047,-26.753,1.8419883904673668
7.1,3.0,outer_3_Gyr,5.62,107.3,2.7,66.582,77.392,-29.908,2.2743737801622212
7.1,3.0,outer_3_Gyr,6.11,108.2,2.2,66.514,78.665,-29.534999999999997,2.231901097635861
7.1,3.0,outer_3_Gyr,6.6,109.8,1.6,66.507,74.952,-34.848,3.1253425571340334
7.1,3.0,outer_3_Gyr,7.09,110.1,1.7,66.56,74.241,-35.858999999999995,3.3065079611201105
7.1,3.0,outer_3_Gyr,7.57,111.1,1.6,66.513,76.688,-34.41199999999999,3.0476264772493296
7.1,3.0,outer_3_Gyr,8.06,113.0,2.6,65.923,81.419,-31.581000000000003,2.5393613428047668
7.1,3.0,outer_3_Gyr,8.55,113.9,2.4,64.749,86.557,-27.343000000000004,1.9084124183173377
7.1,3.0,outer_3_Gyr,9.04,115.1,3.2,63.293,90.853,-24.247,1.4837396754492227
7.1,3.0,outer_3_Gyr,9.53,116.3,3.1,61.563,93.534,-22.76599999999999,1.3101052956194221
7.1,3.0,outer_3_Gyr,10.02,119.1,2.7,59.669,103.002,-16.098,0.6589173485214472
7.1,3.0,outer_3_Gyr,10.51,121.0,2.7,57.903,103.258,-17.742000000000004,0.8003726613948997
7.1,3.0,outer_3_Gyr,10.99,121.5,2.1,56.428,102.767,-18.733000000000004,0.8988634742962529
7.1,3.0,outer_3_Gyr,11.48,118.6,2.0,55.144,101.723,-16.876999999999995,0.7303413564102559
7.1,3.0,outer_3_Gyr,11.97,118.7,1.9,54.022,100.483,-18.217,0.8517725135391799
7.1,3.0,outer_3_Gyr,12.46,117.2,1.9,52.964,99.221,-17.979,0.8296615615615616
7.1,3.0,outer_3_Gyr,12.95,116.2,2.0,51.951,98.094,-18.10600000000001,0.8405826564102572
7.1,3.0,outer_3_Gyr,13.44,118.3,2.4,50.98,97.117,-21.182999999999993,1.145393835511537
7.1,3.0,outer_3_Gyr,13.93,119.0,2.4,50.06,96.403,-22.596999999999994,1.3034112951807222
7.1,3.0,outer_3_Gyr,14.41,121.3,2.9,49.264,95.743,-25.557000000000002,1.6560438350954594
7.1,3.0,outer_3_Gyr,14.9,121.4,3.7,48.596,94.966,-26.43400000000001,1.7482457804798737
7.1,3.0,outer_3_Gyr,15.39,120.3,3.4,47.948,94.217,-26.083,1.711245822014287
7.1,3.0,outer_3_Gyr,15.88,121.9,4.2,47.231,93.607,-28.293000000000006,1.9831876152016659
7.1,3.0,outer_3_Gyr,16.37,126.3,7.2,46.565,93.59,-32.709999999999994,2.4436874200621217
7.1,3.0,outer_3_Gyr,16.86,126.3,4.5,45.997,94.211,-32.089,2.534655805538461
7.1,3.0,outer_3_Gyr,17.35,127.2,5.5,45.39,94.687,-32.513000000000005,2.5395679735735746
7.1,3.0,outer_3_Gyr,17.84,126.2,4.7,44.753,94.525,-31.674999999999997,2.4585400891960103
7.1,3.0,outer_3_Gyr,18.32,124.2,12.2,44.108,93.719,-30.48100000000001,1.7371388845262148
7.1,3.0,outer_3_Gyr,18.81,127.2,13.3,43.485,92.678,-34.522000000000006,2.1172315798823935
7.1,3.0,outer_3_Gyr,19.3,120.2,14.2,43.027,91.739,-28.461,1.378443470492138
7.1,3.0,outer_3_Gyr,19.79,121.8,13.2,42.731,90.77,-31.03,1.7186578966157362
7.1,3.0,outer_3_Gyr,20.28,136.0,19.1,42.432,89.95,-46.05,2.8244196268030524
7.1,3.0,outer_3_Gyr,20.77,128.3,14.3,41.99,89.051,-39.24900000000001,2.6088231824417023
7.1,3.0,outer_3_Gyr,21.26,127.4,15.4,41.56,87.737,-39.66300000000001,2.524477772963606
7.1,3.0,outer_3_Gyr,21.74,120.1,13.1,41.224,85.175,-34.925,2.187470857767974
7.1,3.0,outer_3_Gyr,22.23,112.2,14.9,40.975,79.197,-33.003,1.7914146296935904
7.1,3.0,outer_3_Gyr,22.72,119.6,13.4,40.805,71.746,-47.854,4.049093493174906
7.1,2.0,outer_2_Gyr,0.24,37.3,6.2,21.186,28.179,-9.120999999999999,0.19600565686551688
7.1,2.0,outer_2_Gyr,0.28,37.9,5.5,24.564,31.017,-6.882999999999999,0.11381546906906904
7.1,2.0,outer_2_Gyr,0.46,47.1,3.9,34.976,56.289,9.189,0.21045766805413624
7.1,2.0,outer_2_Gyr,0.64,53.5,2.8,41.567,66.716,13.215999999999994,0.4434863294738976
7.1,2.0,outer_2_Gyr,0.73,55.1,3.3,43.736,68.127,13.026999999999994,0.42758126684975645
7.1,2.0,outer_2_Gyr,0.82,58.5,2.5,45.431,73.573,15.072999999999993,0.5792105264499676
7.1,2.0,outer_2_Gyr,1.08,66.2,3.3,50.165,81.529,15.328999999999994,0.592048781778326
7.1,2.0,outer_2_Gyr,1.22,69.4,2.8,52.328,83.213,13.812999999999988,0.48445807688401304
7.1,2.0,outer_2_Gyr,1.45,74.6,5.0,55.273,84.966,10.366,0.2614451484184915
7.1,2.0,outer_2_Gyr,1.71,77.9,2.9,57.596,83.36,5.459999999999994,0.07558530463223531
7.1,2.0,outer_2_Gyr,1.87,81.7,2.5,58.412,79.375,-2.325000000000003,0.01378107074569793
7.1,2.0,outer_2_Gyr,2.2,86.8,3.0,60.161,79.108,-7.691999999999993,0.14978952911392376
7.1,2.0,outer_2_Gyr,2.28,90.1,2.1,60.615,91.888,1.788000000000011,0.008188683691503903
7.1,2.0,outer_2_Gyr,2.69,94.4,3.9,62.724,98.223,3.8229999999999933,0.0364281274145708
7.1,2.0,outer_2_Gyr,2.7,95.4,1.8,62.759,99.218,3.817999999999998,0.03745022094337679
7.1,2.0,outer_2_Gyr,3.12,99.2,2.6,64.191,101.332,2.131999999999991,0.011573031876973115
7.1,2.0,outer_2_Gyr,3.18,98.7,2.0,64.331,98.029,-0.6710000000000065,0.001154464102564125
7.1,2.0,outer_2_Gyr,3.53,101.3,2.4,65.178,98.223,-3.076999999999998,0.024167676638758396
7.1,2.0,outer_2_Gyr,3.66,101.5,1.3,65.451,93.241,-8.259,0.1759423276329026
7.1,2.0,outer_2_Gyr,4.15,106.3,2.8,66.308,95.388,-10.911999999999992,0.3023353239894369
7.1,2.0,outer_2_Gyr,4.64,109.4,1.4,66.688,88.558,-20.842,1.1196746159397875
7.1,2.0,outer_2_Gyr,5.13,108.8,1.6,66.706,82.047,-26.753,1.8419883904673668
7.1,2.0,outer_2_Gyr,5.62,107.3,2.7,66.582,77.392,-29.908,2.2743737801622212
7.1,2.0,outer_2_Gyr,6.11,108.2,2.2,66.514,78.665,-29.534999999999997,2.231901097635861
7.1,2.0,outer_2_Gyr,6.6,109.8,1.6,66.507,74.952,-34.848,3.1253425571340334
7.1,2.0,outer_2_Gyr,7.09,110.1,1.7,66.56,74.241,-35.858999999999995,3.3065079611201105
7.1,2.0,outer_2_Gyr,7.57,111.1,1.6,66.513,76.688,-34.41199999999999,3.0476264772493296
7.1,2.0,outer_2_Gyr,8.06,113.0,2.6,65.923,81.419,-31.581000000000003,2.5393613428047668
7.1,2.0,outer_2_Gyr,8.55,113.9,2.4,64.749,86.557,-27.343000000000004,1.9084124183173377
7.1,2.0,outer_2_Gyr,9.04,115.1,3.2,63.293,90.853,-24.247,1.4837396754492227
7.1,2.0,outer_2_Gyr,9.53,116.3,3.1,61.563,93.534,-22.76599999999999,1.3101052956194221
7.1,2.0,outer_2_Gyr,10.02,119.1,2.7,59.669,105.258,-13.841999999999999,0.48717476671158677
7.1,2.0,outer_2_Gyr,10.51,121.0,2.7,57.903,105.576,-15.424000000000007,0.6048965801317099
7.1,2.0,outer_2_Gyr,10.99,121.5,2.1,56.428,105.104,-16.396,0.6885807638124023
7.1,2.0,outer_2_Gyr,11.48,118.6,2.0,55.144,104.051,-14.548999999999992,0.5427523102564097
7.1,2.0,outer_2_Gyr,11.97,118.7,1.9,54.022,102.787,-15.912999999999997,0.6499411437078101
7.1,2.0,outer_2_Gyr,12.46,117.2,1.9,52.964,101.5,-15.700000000000003,0.6326582993249662
7.1,2.0,outer_2_Gyr,12.95,116.2,2.0,51.951,100.352,-15.847999999999999,0.6439977025641025
7.1,2.0,outer_2_Gyr,13.44,118.3,2.4,50.98,99.36,-18.939999999999998,0.9156718399019806
7.1,2.0,outer_2_Gyr,13.93,119.0,2.4,50.06,98.64,-20.36,1.0581212987543394
7.1,2.0,outer_2_Gyr,14.41,121.3,2.9,49.264,97.973,-23.326999999999998,1.3796529727948073
7.1,2.0,outer_2_Gyr,14.9,121.4,3.7,48.596,97.181,-24.21900000000001,1.4675372438639955
7.1,2.0,outer_2_Gyr,15.39,120.3,3.4,47.948,96.417,-23.882999999999996,1.4347461741623901
7.1,2.0,outer_2_Gyr,15.88,121.9,4.2,47.231,95.8,-26.10000000000001,1.6876672282231704
7.1,2.0,outer_2_Gyr,16.37,126.3,7.2,46.565,95.797,-30.503,2.125052551160241
7.1,2.0,outer_2_Gyr,16.86,126.3,4.5,45.997,96.456,-29.843999999999994,2.1924045193846142
7.1,2.0,outer_2_Gyr,17.35,127.2,5.5,45.39,96.963,-30.23700000000001,2.196459264864866
7.1,2.0,outer_2_Gyr,17.84,126.2,4.7,44.753,96.809,-29.391000000000005,2.1167656178784098
7.1,2.0,outer_2_Gyr,18.32,124.2,12.2,44.108,95.987,-28.213000000000008,1.488245772567498
7.1,2.0,outer_2_Gyr,18.81,127.2,13.3,43.485,94.92,-32.28,1.8511581303629487
7.1,2.0,outer_2_Gyr,19.3,120.2,14.2,43.027,93.955,-26.245000000000005,1.172146254509564
7.1,2.0,outer_2_Gyr,19.79,121.8,13.2,42.731,92.956,-28.843999999999994,1.4850355847493923
7.1,2.0,outer_2_Gyr,20.28,136.0,19.1,42.432,92.11,-43.89,2.565671874375674
7.1,2.0,outer_2_Gyr,20.77,128.3,14.3,41.99,91.188,-37.11200000000001,2.3324705651238813
7.1,2.0,outer_2_Gyr,21.26,127.4,15.4,41.56,89.833,-37.56700000000001,2.2647145018935753
7.1,2.0,outer_2_Gyr,21.74,120.1,13.1,41.224,87.182,-32.91799999999999,1.9432842380875515
7.1,2.0,outer_2_Gyr,22.23,112.2,14.9,40.975,80.98,-31.22,1.6030795546125884
7.1,2.0,outer_2_Gyr,22.72,119.6,13.4,40.805,73.239,-46.36099999999999,3.800378953603507
7.1,1.5,outer_1.5_Gyr,0.24,37.3,6.2,21.186,28.179,-9.120999999999999,0.19600565686551688
7.1,1.5,outer_1.5_Gyr,0.28,37.9,5.5,24.564,31.017,-6.882999999999999,0.11381546906906904
7.1,1.5,outer_1.5_Gyr,0.46,47.1,3.9,34.976,56.289,9.189,0.21045766805413624
7.1,1.5,outer_1.5_Gyr,0.64,53.5,2.8,41.567,66.716,13.215999999999994,0.4434863294738976
7.1,1.5,outer_1.5_Gyr,0.73,55.1,3.3,43.736,68.127,13.026999999999994,0.42758126684975645
7.1,1.5,outer_1.5_Gyr,0.82,58.5,2.5,45.431,73.573,15.072999999999993,0.5792105264499676
7.1,1.5,outer_1.5_Gyr,1.08,66.2,3.3,50.165,81.529,15.328999999999994,0.592048781778326
7.1,1.5,outer_1.5_Gyr,1.22,69.4,2.8,52.328,83.213,13.812999999999988,0.48445807688401304
7.1,1.5,outer_1.5_Gyr,1.45,74.6,5.0,55.273,84.966,10.366,0.2614451484184915
7.1,1.5,outer_1.5_Gyr,1.71,77.9,2.9,57.596,83.36,5.459999999999994,0.07558530463223531
7.1,1.5,outer_1.5_Gyr,1.87,81.7,2.5,58.412,79.375,-2.325000000000003,0.01378107074569793
7.1,1.5,outer_1.5_Gyr,2.2,86.8,3.0,60.161,79.108,-7.691999999999993,0.14978952911392376
7.1,1.5,outer_1.5_Gyr,2.28,90.1,2.1,60.615,91.888,1.788000000000011,0.008188683691503903
7.1,1.5,outer_1.5_Gyr,2.69,94.4,3.9,62.724,98.223,3.8229999999999933,0.0364281274145708
7.1,1.5,outer_1.5_Gyr,2.7,95.4,1.8,62.759,99.218,3.817999999999998,0.03745022094337679
7.1,1.5,outer_1.5_Gyr,3.12,99.2,2.6,64.191,101.332,2.131999999999991,0.011573031876973115
7.1,1.5,outer_1.5_Gyr,3.18,98.7,2.0,64.331,98.029,-0.6710000000000065,0.001154464102564125
7.1,1.5,outer_1.5_Gyr,3.53,101.3,2.4,65.178,98.223,-3.076999999999998,0.024167676638758396
7.1,1.5,outer_1.5_Gyr,3.66,101.5,1.3,65.451,93.241,-8.259,0.1759423276329026
7.1,1.5,outer_1.5_Gyr,4.15,106.3,2.8,66.308,95.388,-10.911999999999992,0.3023353239894369
7.1,1.5,outer_1.5_Gyr,4.64,109.4,1.4,66.688,88.558,-20.842,1.1196746159397875
7.1,1.5,outer_1.5_Gyr,5.13,108.8,1.6,66.706,82.047,-26.753,1.8419883904673668
7.1,1.5,outer_1.5_Gyr,5.62,107.3,2.7,66.582,77.392,-29.908,2.2743737801622212
7.1,1.5,outer_1.5_Gyr,6.11,108.2,2.2,66.514,78.665,-29.534999999999997,2.231901097635861
7.1,1.5,outer_1.5_Gyr,6.6,109.8,1.6,66.507,74.952,-34.848,3.1253425571340334
7.1,1.5,outer_1.5_Gyr,7.09,110.1,1.7,66.56,74.241,-35.858999999999995,3.3065079611201105
7.1,1.5,outer_1.5_Gyr,7.57,111.1,1.6,66.513,76.688,-34.41199999999999,3.0476264772493296
7.1,1.5,outer_1.5_Gyr,8.06,113.0,2.6,65.923,81.419,-31.581000000000003,2.5393613428047668
7.1,1.5,outer_1.5_Gyr,8.55,113.9,2.4,64.749,86.557,-27.343000000000004,1.9084124183173377
7.1,1.5,outer_1.5_Gyr,9.04,115.1,3.2,63.293,90.853,-24.247,1.4837396754492227
7.1,1.5,outer_1.5_Gyr,9.53,116.3,3.1,61.563,93.534,-22.76599999999999,1.3101052956194221
7.1,1.5,outer_1.5_Gyr,10.02,119.1,2.7,59.669,106.416,-12.683999999999997,0.40907181977675483
7.1,1.5,outer_1.5_Gyr,10.51,121.0,2.7,57.903,106.766,-14.233999999999995,0.5151586768033762
7.1,1.5,outer_1.5_Gyr,10.99,121.5,2.1,56.428,106.304,-15.195999999999998,0.5914766937322301
7.1,1.5,outer_1.5_Gyr,11.48,118.6,2.0,55.144,105.244,-13.355999999999995,0.4573916307692304
7.1,1.5,outer_1.5_Gyr,11.97,118.7,1.9,54.022,103.969,-14.731000000000009,0.5569732835399509
7.1,1.5,outer_1.5_Gyr,12.46,117.2,1.9,52.964,102.669,-14.531000000000006,0.5419521085187756
7.1,1.5,outer_1.5_Gyr,12.95,116.2,2.0,51.951,101.511,-14.689000000000007,0.5532480025641031
7.1,1.5,outer_1.5_Gyr,13.44,118.3,2.4,50.98,100.51,-17.789999999999992,0.8078520012252393
7.1,1.5,outer_1.5_Gyr,13.93,119.0,2.4,50.06,99.787,-19.212999999999994,0.9422589570144981
7.1,1.5,outer_1.5_Gyr,14.41,121.3,2.9,49.264,99.116,-22.183999999999997,1.247762115565021
7.1,1.5,outer_1.5_Gyr,14.9,121.4,3.7,48.596,98.316,-23.084000000000003,1.3332108784307843
7.1,1.5,outer_1.5_Gyr,15.39,120.3,3.4,47.948,97.545,-22.754999999999995,1.302419823422879
7.1,1.5,outer_1.5_Gyr,15.88,121.9,4.2,47.231,96.924,-24.976,1.5454379546130215
7.1,1.5,outer_1.5_Gyr,16.37,126.3,7.2,46.565,96.929,-29.370999999999995,1.9702531541202257
7.1,1.5,outer_1.5_Gyr,16.86,126.3,4.5,45.997,97.606,-28.694000000000003,2.0266969501538465
7.1,1.5,outer_1.5_Gyr,17.35,127.2,5.5,45.39,98.13,-29.070000000000007,2.030185945945947
7.1,1.5,outer_1.5_Gyr,17.84,126.2,4.7,44.753,97.979,-28.221000000000004,1.9515911710652067
7.1,1.5,outer_1.5_Gyr,18.32,124.2,12.2,44.108,97.149,-27.051000000000002,1.3681785225488001
7.1,1.5,outer_1.5_Gyr,18.81,127.2,13.3,43.485,96.069,-31.131,1.7217203378990569
7.1,1.5,outer_1.5_Gyr,19.3,120.2,14.2,43.027,95.091,-25.10900000000001,1.0728709430944123
7.1,1.5,outer_1.5_Gyr,19.79,121.8,13.2,42.731,94.076,-27.724000000000004,1.3719480508353568
7.1,1.5,outer_1.5_Gyr,20.28,136.0,19.1,42.432,93.218,-42.782,2.437766577429709
7.1,1.5,outer_1.5_Gyr,20.77,128.3,14.3,41.99,92.283,-36.01700000000001,2.1968607241443556
7.1,1.5,outer_1.5_Gyr,21.26,127.4,15.4,41.56,90.908,-36.492000000000004,2.136956903523975
7.1,1.5,outer_1.5_Gyr,21.74,120.1,13.1,41.224,88.211,-31.888999999999996,1.8236909685981237
7.1,1.5,outer_1.5_Gyr,22.23,112.2,14.9,40.975,81.896,-30.304000000000002,1.510390315948751
7.1,1.5,outer_1.5_Gyr,22.72,119.6,13.4,40.805,74.006,-45.593999999999994,3.67567161043921
7.1,1.0,outer_1_Gyr,0.24,37.3,6.2,21.186,28.179,-9.120999999999999,0.19600565686551688
7.1,1.0,outer_1_Gyr,0.28,37.9,5.5,24.564,31.017,-6.882999999999999,0.11381546906906904
7.1,1.0,outer_1_Gyr,0.46,47.1,3.9,34.976,56.289,9.189,0.21045766805413624
7.1,1.0,outer_1_Gyr,0.64,53.5,2.8,41.567,66.716,13.215999999999994,0.4434863294738976
7.1,1.0,outer_1_Gyr,0.73,55.1,3.3,43.736,68.127,13.026999999999994,0.42758126684975645
7.1,1.0,outer_1_Gyr,0.82,58.5,2.5,45.431,73.573,15.072999999999993,0.5792105264499676
7.1,1.0,outer_1_Gyr,1.08,66.2,3.3,50.165,81.529,15.328999999999994,0.592048781778326
7.1,1.0,outer_1_Gyr,1.22,69.4,2.8,52.328,83.213,13.812999999999988,0.48445807688401304
7.1,1.0,outer_1_Gyr,1.45,74.6,5.0,55.273,84.966,10.366,0.2614451484184915
7.1,1.0,outer_1_Gyr,1.71,77.9,2.9,57.596,83.36,5.459999999999994,0.07558530463223531
7.1,1.0,outer_1_Gyr,1.87,81.7,2.5,58.412,79.375,-2.325000000000003,0.01378107074569793
7.1,1.0,outer_1_Gyr,2.2,86.8,3.0,60.161,79.108,-7.691999999999993,0.14978952911392376
7.1,1.0,outer_1_Gyr,2.28,90.1,2.1,60.615,91.888,1.788000000000011,0.008188683691503903
7.1,1.0,outer_1_Gyr,2.69,94.4,3.9,62.724,98.223,3.8229999999999933,0.0364281274145708
7.1,1.0,outer_1_Gyr,2.7,95.4,1.8,62.759,99.218,3.817999999999998,0.03745022094337679
7.1,1.0,outer_1_Gyr,3.12,99.2,2.6,64.191,101.332,2.131999999999991,0.011573031876973115
7.1,1.0,outer_1_Gyr,3.18,98.7,2.0,64.331,98.029,-0.6710000000000065,0.001154464102564125
7.1,1.0,outer_1_Gyr,3.53,101.3,2.4,65.178,98.223,-3.076999999999998,0.024167676638758396
7.1,1.0,outer_1_Gyr,3.66,101.5,1.3,65.451,93.241,-8.259,0.1759423276329026
7.1,1.0,outer_1_Gyr,4.15,106.3,2.8,66.308,95.388,-10.911999999999992,0.3023353239894369
7.1,1.0,outer_1_Gyr,4.64,109.4,1.4,66.688,88.558,-20.842,1.1196746159397875
7.1,1.0,outer_1_Gyr,5.13,108.8,1.6,66.706,82.047,-26.753,1.8419883904673668
7.1,1.0,outer_1_Gyr,5.62,107.3,2.7,66.582,77.392,-29.908,2.2743737801622212
7.1,1.0,outer_1_Gyr,6.11,108.2,2.2,66.514,78.665,-29.534999999999997,2.231901097635861
7.1,1.0,outer_1_Gyr,6.6,109.8,1.6,66.507,74.952,-34.848,3.1253425571340334
7.1,1.0,outer_1_Gyr,7.09,110.1,1.7,66.56,74.241,-35.858999999999995,3.3065079611201105
7.1,1.0,outer_1_Gyr,7.57,111.1,1.6,66.513,76.688,-34.41199999999999,3.0476264772493296
7.1,1.0,outer_1_Gyr,8.06,113.0,2.6,65.923,81.419,-31.581000000000003,2.5393613428047668
7.1,1.0,outer_1_Gyr,8.55,113.9,2.4,64.749,86.557,-27.343000000000004,1.9084124183173377
7.1,1.0,outer_1_Gyr,9.04,115.1,3.2,63.293,90.853,-24.247,1.4837396754492227
7.1,1.0,outer_1_Gyr,9.53,116.3,3.1,61.563,93.534,-22.76599999999999,1.3101052956194221
7.1,1.0,outer_1_Gyr,10.02,119.1,2.7,59.669,107.595,-11.504999999999995,0.3365583284599148
7.1,1.0,outer_1_Gyr,10.51,121.0,2.7,57.903,107.976,-13.024000000000001,0.4312964377431412
7.1,1.0,outer_1_Gyr,10.99,121.5,2.1,56.428,107.523,-13.977000000000004,0.5003881278655775
7.1,1.0,outer_1_Gyr,11.48,118.6,2.0,55.144,106.459,-12.140999999999991,0.3779586692307687
7.1,1.0,outer_1_Gyr,11.97,118.7,1.9,54.022,105.171,-13.528999999999996,0.4697873283539948
7.1,1.0,outer_1_Gyr,12.46,117.2,1.9,52.964,103.858,-13.341999999999999,0.4568901311567977
7.1,1.0,outer_1_Gyr,12.95,116.2,2.0,51.951,102.689,-13.51100000000001,0.4680695410256417
7.1,1.0,outer_1_Gyr,13.44,118.3,2.4,50.98,101.68,-16.61999999999999,0.7050857667959967
7.1,1.0,outer_1_Gyr,13.93,119.0,2.4,50.06,100.954,-18.046000000000006,0.8312694404737601
7.1,1.0,outer_1_Gyr,14.41,121.3,2.9,49.264,100.279,-21.021,1.1203631779113106
7.1,1.0,outer_1_Gyr,14.9,121.4,3.7,48.596,99.471,-21.929000000000002,1.2031350321499164
7.1,1.0,outer_1_Gyr,15.39,120.3,3.4,47.948,98.692,-21.608000000000004,1.174428171848275
7.1,1.0,outer_1_Gyr,15.88,121.9,4.2,47.231,98.068,-23.832000000000008,1.4071058963432772
7.1,1.0,outer_1_Gyr,16.37,126.3,7.2,46.565,98.08,-28.22,1.8188571167549787
7.1,1.0,outer_1_Gyr,16.86,126.3,4.5,45.997,98.776,-27.524,1.8647891101538463
7.1,1.0,outer_1_Gyr,17.35,127.2,5.5,45.39,99.316,-27.884,1.8679098042042044
7.1,1.0,outer_1_Gyr,17.84,126.2,4.7,44.753,99.169,-27.031000000000006,1.790475044720528
7.1,1.0,outer_1_Gyr,18.32,124.2,12.2,44.108,98.331,-25.869,1.2512249663450754
7.1,1.0,outer_1_Gyr,18.81,127.2,13.3,43.485,97.237,-29.963000000000008,1.5949499351560705
7.1,1.0,outer_1_Gyr,19.3,120.2,14.2,43.027,96.245,-23.955,0.9765196804165814
7.1,1.0,outer_1_Gyr,19.79,121.8,13.2,42.731,95.215,-26.584999999999994,1.2615347440382687
7.1,1.0,outer_1_Gyr,20.28,136.0,19.1,42.432,94.343,-41.657,2.3112447210346154
7.1,1.0,outer_1_Gyr,20.77,128.3,14.3,41.99,93.396,-34.90400000000001,2.0631834849023707
7.1,1.0,outer_1_Gyr,21.26,127.4,15.4,41.56,92.001,-35.399,2.0108627013929006
7.1,1.0,outer_1_Gyr,21.74,120.1,13.1,41.224,89.257,-30.84299999999999,1.7060143272179469
7.1,1.0,outer_1_Gyr,22.23,112.2,14.9,40.975,82.827,-29.373000000000005,1.4190114126412399
7.1,1.0,outer_1_Gyr,22.72,119.6,13.4,40.805,74.787,-44.81299999999999,3.5508256754367338
