galaxy,type,tier,age_confidence,age_t50_gyr,g98_kms2_per_kpc,psi,beta,wear_activation_W,baseline_chi2nu,mond_chi2nu,wear_activated_eta_chi2nu,delta_wear_eta_vs_baseline_chi2nu,delta_wear_eta_vs_mond_chi2nu,baseline_median_abs_residual_kms,mond_median_abs_residual_kms,wear_eta_median_abs_residual_kms,outer5_signed_residual_baseline_kms,outer5_signed_residual_wear_eta_kms,outer5_signed_shift_wear_minus_baseline_kms,outer5_baseline_sign,outer5_wear_eta_sign,outer5_sign_flip,outer5_under_to_over_flip,outer5_material_overshoot_gt5_kms,outer5_material_overshoot_gt10_kms,improved_gt0p5_vs_baseline,casualty_worsened_gt0p5_vs_baseline,baseline_cat_gt5,wear_eta_cat_gt5,wear_eta_new_cat_gt5,wear_eta_rescued_from_gt5,baseline_cat_gt10,wear_eta_cat_gt10,wear_eta_new_cat_gt10,wear_eta_rescued_from_gt10,wear_eta_beats_mond,baseline_beats_mond,rho_outer_to_g98,r_knee_kpc,g_outer_kms2_per_kpc,vmax_obs_kms,chimera_flag,g98_quartile,eta_wear_activated_last,eta_wear_activated_median,max_velocity_delta_wear_eta_kms
CamB,DWARF,T2,MEDIUM-LOW,4.1,319.01572225266364,0.0280354194974904,2.655797669907367,0.4250067626116199,0.6201343177932956,0.9978657157929653,0.7709780671189619,0.15084374932566624,-0.22688764867400346,16.55340146354035,21.478452401837565,17.841999426965533,15.510863960437836,17.898002014858072,2.387138054420236,over_predicted_positive,over_predicted_positive,False,False,False,False,False,False,False,False,False,False,False,False,False,False,True,True,0.4729214736159535,0.73,150.86938547486034,20.1,False,Q1_low_g98,1.3529122683283292,1.1764904430290648,3.360004033660509
D631-7,DWARF,T1,MEDIUM,3.6,509.2096629629629,0.0392925534073534,2.621602881985191,0.5395743614260138,0.6199875939071857,0.46361690797999044,0.3499971167851446,-0.2699904771220411,-0.11361979119484583,15.23215340000306,11.369769588763717,9.894427738755038,-20.663822018098703,-9.955116490656916,10.70870552744179,under_predicted_negative,under_predicted_negative,False,False,False,False,False,False,False,False,False,False,False,False,False,False,True,False,0.1076219324600132,1.35,54.80212795549373,58.5,False,Q1_low_g98,2.0688147889334507,1.379377482553897,11.666390912885303
DDO 154,DWARF,T2,MEDIUM-LOW,5.0,322.8987283446712,0.0346056852943661,2.6357930064356423,0.4949454560755345,0.435181305256028,0.11838542778160083,0.1499118216789605,-0.2852694835770675,0.03152639389735967,13.558876584933344,4.817506769643352,7.088184917066887,-16.715003694458638,-8.478108081533813,8.236895612924824,under_predicted_negative,under_predicted_negative,False,False,False,False,False,False,False,False,False,False,False,False,False,False,False,False,0.1484636265426744,0.49,47.93871621621622,48.2,False,Q1_low_g98,2.0599715526590145,1.5431736911586444,9.93508321718371
DDO 161,DWARF,T2,MEDIUM-LOW,5.0,478.9560010286744,0.0513306470001151,2.585459263232304,0.6369542280303826,0.2771741891618467,1.2733898754111583,0.387509658405896,0.1103354692440493,-0.8858802170052623,9.460454727640888,22.153458813859757,12.582836237391277,-5.500860604988266,13.658216756651589,19.159077361639856,under_predicted_negative,over_predicted_positive,True,True,True,True,False,False,False,False,False,False,False,False,False,False,True,True,0.1496155218909219,2.02,71.65925205684367,67.5,False,Q1_low_g98,2.0293080990657457,1.377531058494816,19.941542816277423
DDO 168,DWARF,T2,MEDIUM,7.7,578.8923516129032,0.0955431711625874,2.4563856967934217,0.8483145947452082,0.2991759725875575,0.2663476118891139,0.2484840617977065,-0.050691910789851025,-0.017863550091407387,10.78623966839704,9.525179896702623,8.108301369765394,-9.165084018238035,-3.927791056915042,5.237292961322993,under_predicted_negative,under_predicted_negative,False,False,False,False,False,False,False,False,False,False,False,False,False,False,True,False,0.3291708549266754,0.82,190.5544902912621,55.0,False,Q1_low_g98,1.5432168807222055,1.2106993669596833,5.806670445761547
DDO 64,DWARF,T2,MEDIUM,6.2,377.590889260385,0.0501792668027261,2.588897423005416,0.6286086887626313,0.0224994347364817,0.11516219577785623,0.045667161107963,0.023167726371481297,-0.06949503466989324,2.8965868301791176,6.224201592416708,3.143381948065138,1.1522828830400342,4.2787518913141485,3.126469008274114,over_predicted_positive,over_predicted_positive,False,False,False,False,False,False,False,False,False,False,False,False,False,False,True,True,0.7000341310781355,1.88,264.32651006711416,46.9,False,Q1_low_g98,1.2583697101270046,1.2157452857295787,5.059390854643489
ESO 079-G014,SPIRAL,T2,MEDIUM,7.2,2292.5264719101124,0.3538001156975353,1.8065037507674453,0.999073164403322,1.484644368173716,1.4328825877548395,1.484644368173716,0.0,0.05176178041887658,22.250865124647675,24.748693183585942,22.250865124647675,18.55984049934856,18.559840499348557,-7.105427357601002e-15,over_predicted_positive,over_predicted_positive,False,False,False,False,False,False,False,False,False,False,False,False,False,False,False,False,0.4467329660608583,5.281663128746266,1024.1471505698862,178.0,False,Q2,1.0,1.0,5.684341886080803e-14
F563-1,SPIRAL,T2,MEDIUM,5.6,337.5563497134606,0.0405177596432327,2.6179043574068324,0.550576000753579,1.8600235502507885,0.2818560565429322,0.920693360446615,-0.9393301898041735,0.6388373039036828,27.46876912567086,10.015107739197049,16.751418804016254,-47.019579564550895,-33.42957722826078,13.590002336290112,under_predicted_negative,under_predicted_negative,False,False,False,False,True,False,False,False,False,False,False,False,False,False,False,False,0.2558630111762406,1.78,86.368184079602,112.5,False,Q1_low_g98,1.7652351923780567,1.4409567227049929,14.828316119110552
F563-V2,SPIRAL,T2,MEDIUM,6.0,632.9929935651271,0.0814069096195559,2.49703600462164,0.7994933743048674,0.6942709378611145,0.3791488077979545,0.5342810286011488,-0.1599899092599657,0.15513222080319428,25.11198711342142,8.566984113457508,18.397593740481835,-27.502888927902,-21.18816433968277,6.314724588219221,under_predicted_negative,under_predicted_negative,False,False,False,False,False,False,False,False,False,False,False,False,False,False,False,False,0.451624581477539,2.35,285.8751957975167,118.0,False,Q2,1.2893662150311087,1.1759280917059547,9.688518490203847
F568-1,SPIRAL,T2,MEDIUM-LOW,7.1,586.9937999999999,0.0893311608865263,2.4741782300124693,0.8285264818262602,1.8336523094054051,0.6113783605166736,1.4817453356169723,-0.35190697378843283,0.8703669751002987,30.632943215326712,15.902334057645128,26.96738182837974,-33.16773470810746,-27.94933338484045,5.21840132326701,under_predicted_negative,under_predicted_negative,False,False,False,False,False,False,False,False,False,False,False,False,False,False,False,False,0.6108361699817021,1.32,358.557044595616,142.0,False,Q1_low_g98,1.1920195357979926,1.145419142236844,5.90398327005326
F568-3,SPIRAL,T2,MEDIUM-LOW,7.6,498.231190385271,0.0811625379801959,2.497743786060035,0.7985238534698629,0.4781099039002555,0.43379200103084226,0.4037099442648563,-0.0743999596353992,-0.030082056765985965,4.55750525510075,14.790216827335158,9.509018110751164,-20.67128673646393,-13.84229069171376,6.82899604475017,under_predicted_negative,under_predicted_negative,False,False,False,False,False,False,False,False,False,False,False,False,False,False,True,False,0.437483233079234,4.19,217.9677919911012,120.0,False,Q1_low_g98,1.4321727509638134,1.1088698280942828,7.423668153097239
F568-V1,SPIRAL,T2,MEDIUM,5.7,680.8505856584093,0.0831836142292822,2.4918952747844747,0.8064034123735987,1.6621005703468634,0.3829607218702182,1.1887767190655945,-0.47332385128126897,0.8058159971953762,31.351793748583063,11.581345130097162,23.27322025143917,-36.93141752351156,-28.39264586423776,8.538771659273802,under_predicted_negative,under_predicted_negative,False,False,False,False,False,False,False,False,False,False,False,False,False,False,False,False,0.199534809555862,1.18,135.85339194554737,118.0,False,Q2,1.7447654958434458,1.174317712170398,10.481691879032413
F571-8,SPIRAL,T2,MEDIUM,8.0,9115.949957586272,1.563158564339396,0.2591377827808491,0.9999999999999604,5.893790378645993,3.8497994742150965,5.6693689786693575,-0.22442139997663535,1.819569504454261,40.405747567690966,26.427739999499323,40.405747567690966,-55.956945120569934,-54.37823518597365,1.578709934596283,under_predicted_negative,under_predicted_negative,False,False,False,False,False,False,True,True,False,False,False,False,False,False,False,False,0.0225725226768055,5.11192705214336,205.76998713826367,144.0,False,Q3,1.582815074398472,1.0,4.659150526003799
F574-1,SPIRAL,T2,MEDIUM,5.5,755.3445920567377,0.0890469253721451,2.4749949889690788,0.827561711287723,0.2242570758147717,0.29268547495856295,0.1282769409984563,-0.0959801348163154,-0.16440853396010666,8.938343769113516,8.673462279031554,5.86149926324989,-7.785979549856398,1.2514371410620329,9.03741669091843,under_predicted_negative,over_predicted_positive,True,True,False,False,False,False,False,False,False,False,False,False,False,False,True,True,0.3593688815992636,1.41,271.4473412698413,99.7,False,Q2,1.326166117434149,1.18459856556647,10.109775960036105
F579-V1,SPIRAL,T2,MEDIUM-LOW,7.5,1116.427555856466,0.1794745717178268,2.2265156070102936,0.9710644994740898,0.1394246957725776,0.5526740890608576,0.1261542157850941,-0.013270479987483513,-0.42651987327576346,7.503818475956407,14.922189308229925,6.174621481463326,-0.588865107361704,1.8540633041845669,2.4429284115462706,under_predicted_negative,over_predicted_positive,True,True,False,False,False,False,False,False,False,False,False,False,False,False,True,True,0.3032658103174663,2.11,338.5743073878628,114.0,False,Q2,1.2555026390656077,1.0,7.738797843445127
F583-1,SPIRAL,T2,MEDIUM,5.0,237.3697833118438,0.0254393817584605,2.6637381925900296,0.3947739584466829,0.6449481233955398,0.16536359612469909,0.3598657273340335,-0.28508239606150626,0.1945021312093344,17.584374427440373,3.169338657559557,12.15086699798332,-21.419579267520916,-13.72544505900865,7.694134208512263,under_predicted_negative,under_predicted_negative,False,False,False,False,False,False,False,False,False,False,False,False,False,False,False,False,0.4809448866007285,1.22,114.16178351783516,86.9,False,Q1_low_g98,1.430257237016626,1.3220292890151832,8.865422367285191
IC 2574,DWARF,T3,HIGH,11.7,160.8603319948022,0.0403409329176316,2.618437863687131,0.5490045815307454,0.0891548941693479,1.0664467917562799,0.1712655511055098,0.08211065693616192,-0.8951812406507701,5.3521767998448375,20.2301767131168,6.610615239580788,-7.620739909915055,2.5278433065577888,10.148583216472844,under_predicted_negative,over_predicted_positive,True,True,False,False,False,False,False,False,False,False,False,False,False,False,True,True,0.7977448016798049,6.54,128.3254936461388,67.5,False,Q1_low_g98,1.536059314231235,1.480875849642595,11.495911954378954
IC4202,BULGE-DOM,T2,MEDIUM,7.8,21873.39096285224,3.656973668072352,-0.3178561849691026,1.0,4.787573484708492,7.046404487018023,4.787573484708496,3.552713678800501e-15,-2.2588310023095275,41.22004034278287,51.09615515316483,41.22004034278288,-67.04096454052717,-67.04096454052718,-1.4210854715202004e-14,under_predicted_negative,under_predicted_negative,False,False,False,False,False,False,False,False,False,False,False,False,False,False,True,True,0.0665854125266262,24.856202342596216,1456.4487606177606,250.0,False,Q4_high_g98,1.0,1.0,8.526512829121202e-14
KK98-251,DWARF,T2,LOW,3.6,212.1289471104947,0.0163686759891495,2.691645243003808,0.2761019512567827,0.0989800556343516,0.42130130444324165,0.1835381968481926,0.08455814121384099,-0.23776310759504907,6.59949930584262,13.18633294101868,8.795897210191896,7.190485814168935,10.131690697621094,2.94120488345216,over_predicted_positive,over_predicted_positive,False,False,False,False,False,False,False,False,False,False,False,False,False,False,True,True,0.6899634210722818,1.89,146.361214057508,34.6,False,Q1_low_g98,1.236567820860266,1.192622969851674,3.835895891861668
NGC 0024,SPIRAL,T2,MEDIUM,6.5,2613.1697965963745,0.364076042308836,1.7839567930502347,0.9992433221972732,0.5665421006566,0.0999313498072398,0.3920527349257015,-0.17448936573089857,0.29212138511846164,11.568783321146256,5.965456993548017,10.68003674979034,-21.00289727483561,-14.107082541706546,6.895814733129065,under_predicted_negative,under_predicted_negative,False,False,False,False,False,False,False,False,False,False,False,False,False,False,False,False,0.0687620975161051,3.660158772218436,179.6870363797693,110.0,False,Q3,1.6854252816875026,1.0,12.871272617614778
NGC 0055,SPIRAL,T3,HIGH,10.8,767.1383161894663,0.1775859264981831,2.231478850926862,0.9699654136630788,0.7375809240679189,1.8190467831190413,0.6956621368094631,-0.04191878725845577,-1.1233846463095782,17.122877428516887,25.823014470881112,14.071001784256552,-16.679965379986456,-11.881224356918253,4.798741023068203,under_predicted_negative,under_predicted_negative,False,False,False,False,False,False,False,False,False,False,False,False,False,False,True,True,0.3315479270825129,1.84,254.3431185185185,87.4,False,Q2,1.4228320340679457,1.1345893973458658,5.176084026251374
NGC 0247,SPIRAL,T2,HIGH,7.4,563.719081684241,0.0894140096125387,2.473940205498652,0.8288066750104992,0.1840388528021017,0.7512823568413111,0.1532491165328199,-0.030789736269281803,-0.5980332403084911,6.544517076286141,19.992520276186603,7.258565739635117,-10.7879950867402,-2.0277045998967025,8.760290486843498,under_predicted_negative,under_predicted_negative,False,False,False,False,False,False,False,False,False,False,False,False,False,False,True,True,0.4372678138143179,2.15,246.49621045392024,108.0,False,Q1_low_g98,1.3784259043493636,1.098152033616382,9.905539674778382
NGC 0289,SPIRAL,T2,MEDIUM,6.7,20835.150913047622,2.992144534604088,-0.2412980748410772,1.0,7.868687911914345,5.252652348093305,7.280191869598314,-0.5884960423160317,2.027539521505009,63.326059352300575,50.8085620373664,62.85661290260098,-81.40530391012413,-75.7178646076072,5.687439302516935,under_predicted_negative,under_predicted_negative,False,False,False,False,True,False,True,True,False,False,False,False,False,False,False,False,0.0048829214868093,14.596979129578855,101.73640607424072,194.0,True,Q4_high_g98,2.2085904785530914,1.1040927669216036,6.217365672938158
NGC 0300,SPIRAL,T3,HIGH,11.1,1064.0437579831932,0.2531591227678965,2.0400153883105125,0.9932428953337986,0.7966333823512124,0.23337465608683775,0.5119793460315998,-0.2846540363196126,0.27860468994476206,17.549737118299362,10.432137310424082,9.638325646439212,-20.83169773632545,-3.115521129185575,17.71617660713988,under_predicted_negative,under_predicted_negative,False,False,False,False,False,False,False,False,False,False,False,False,False,False,False,False,0.1362697000389409,0.91,144.99692372881353,97.0,False,Q2,1.8592167643009407,1.1587261454211122,18.9679323270332
NGC 0801,GIANT,T3,MEDIUM,8.3,28744.19453846154,5.113748331744991,-0.3800503128757576,1.0,1.685940202021679,18.14896942368747,1.6848301417738645,-0.0011100602478144594,-16.464139281913603,8.080213767834806,91.7296438295187,8.080213767834806,-34.14053372938979,-34.129121426878605,0.0114123025111823,under_predicted_negative,under_predicted_negative,False,False,False,False,False,False,False,False,False,False,False,False,False,False,True,True,0.0171590919168681,32.361495942087366,493.2242761618188,238.0,True,Q4_high_g98,1.076244976077322,1.0,0.0570615125558617
NGC 0891,BULGE-DOM,T2,MEDIUM,7.8,73817.49527574962,12.341416880671476,-0.3989285608275577,1.0,2.4533522643718446,22.469448140437247,2.453352264371846,1.3322676295501878e-15,-20.0160958760654,17.088692651320613,75.36079043975127,17.0886926513206,-30.477381227905187,-30.47738122790518,7.105427357601002e-15,under_predicted_negative,under_predicted_negative,False,False,False,False,False,False,False,False,False,False,False,False,False,False,True,True,0.0317601466719536,17.11,2344.4544769140853,234.0,False,Q4_high_g98,1.0,1.0,5.684341886080803e-14
NGC 1003,SPIRAL,T2,MEDIUM,6.0,2198.354794076921,0.2827223553063301,1.9689672957435265,0.9962301331801104,2.743214321186882,1.205177537442007,1.117255659746973,-1.625958661439909,-0.08792187769503412,32.28029204430075,19.179565315163977,8.620370554227769,-41.82715668316759,-9.030031104557002,32.79712557861058,under_predicted_negative,under_predicted_negative,False,False,False,False,True,False,False,False,False,False,False,False,False,False,True,False,0.0358624277389027,4.069661245779004,78.83833994708996,115.0,False,Q2,2.492015284430671,1.623138141390548,34.52462371717522
NGC 1090,SPIRAL,T2,MEDIUM,8.0,8616.261502044392,1.4774744291240869,0.3180110409104035,0.9999999999997842,1.6183624777051284,7.1545406823715645,1.5915822717259314,-0.026780205979197058,-5.562958410645633,23.74752364868627,55.40320976184178,23.74752364868627,-29.849033668184425,-29.05306431760806,0.7959693505763603,under_predicted_negative,under_predicted_negative,False,False,False,False,False,False,False,False,False,False,False,False,False,False,True,True,0.0540632262076545,16.021522374208224,465.8228946493852,176.0,False,Q3,1.1018127645817963,1.0,1.8384976883970552
NGC 2366,DWARF,T3,HIGH,11.0,494.5677654543408,0.1166083384060905,2.396866823824132,0.8999170903368134,0.3073193973992902,0.5690914420046064,0.3513262629911591,0.04400686559186889,-0.21776517901344727,10.025073547766254,14.154219936686559,10.203088497374626,-2.8783595611139488,7.146319366824335,10.024678927938282,under_predicted_negative,over_predicted_positive,True,True,True,False,False,False,False,False,False,False,False,False,False,False,True,True,0.2883303448985406,1.07,142.59889438943895,53.7,False,Q1_low_g98,1.791793293623635,1.3509650689242076,10.968453840567989
NGC 2403,SPIRAL,T3,HIGH,10.8,6966.305095652174,1.6126397529267262,0.2273676918604459,0.999999999999985,3.130867877624766,0.9599699889250571,2.769399154952417,-0.361468722672349,1.80942916602736,17.751725927201733,13.83814915392265,17.75172592720172,-68.19132564373734,-61.26996287282367,6.9213627709136745,under_predicted_negative,under_predicted_negative,False,False,False,False,False,False,False,False,False,False,False,False,False,False,False,False,0.025469011782897,5.890441780960513,177.42490656444656,136.0,False,Q3,1.6959695849869356,1.0,7.817653638909292
NGC 2683,GIANT,T3,HIGH,10.0,15724.974825136584,3.370552326732238,-0.2909637042909215,1.0,3.523781889684208,5.918415071099819,3.4622112473279048,-0.061570642356303384,-2.456203823771914,35.28417639117146,51.82122619001785,35.28417639117146,-51.651718296535215,-51.06877980005167,0.5829384964835427,under_predicted_negative,under_predicted_negative,False,False,False,False,False,False,False,False,False,False,False,False,False,False,True,True,0.0191415967188253,15.993831800470232,301.0011265164644,212.0,True,Q4_high_g98,1.3308045925074974,1.0,1.3322137533264282
NGC 2841,BULGE-DOM,T3,MEDIUM,9.0,21762.96202416105,4.198282209830871,-0.3517512917953862,1.0,27.268529902916388,0.18529107567417313,27.208082292933767,-0.060447609982620776,27.022791217259595,88.67800719266475,6.475740884284448,88.67800719266475,-162.96998419172945,-162.55167102851868,0.4183131632107688,under_predicted_negative,under_predicted_negative,False,False,False,False,False,False,True,True,False,False,True,True,False,False,False,False,0.0127059601873742,25.22428246808653,276.5193290383407,323.0,True,Q4_high_g98,1.3825140225455137,1.0,0.557517091157294
NGC 2903,GIANT,T2,MEDIUM,6.2,84575.03018749978,11.239447574966748,-0.3989009832770978,1.0,5.127124210956549,12.364890755689148,5.127124210956549,0.0,-7.237766544732598,33.39048496196946,53.29464438345859,33.390484961969435,-69.07920505382313,-69.07920505382315,-1.4210854715202004e-14,under_predicted_negative,under_predicted_negative,False,False,False,False,False,False,True,True,False,False,False,False,False,False,True,True,0.0072237692312591,15.67660603446122,610.9505008012819,216.0,True,Q4_high_g98,1.0,1.0,5.684341886080803e-14
NGC 2915,SPIRAL,T3,MEDIUM,8.5,4616.605800702367,0.841110072147514,0.9558116188968376,0.99999993841499,4.5153387483254575,0.630023002428289,3.788001295260529,-0.7273374530649286,3.1579782928322397,45.535851000042726,14.355026895230992,37.74434825891683,-57.84843633997158,-55.87282282102007,1.975613518951512,under_predicted_negative,under_predicted_negative,False,False,False,False,True,False,False,False,False,False,False,False,False,False,False,False,0.0145535186381953,1.3210970592934392,67.18785856573706,86.5,True,Q3,2.6991496445326133,1.8023921818892852,9.131271504962337
NGC 2955,BULGE-DOM,T2,HIGH,7.4,37785.86105935484,5.993384743842453,-0.3911033654871819,1.0,1.0540020438907238,14.10743792840116,1.0540020438907238,0.0,-13.053435884510435,16.486435136000395,79.21916311070197,16.48643513600038,-38.49626181411595,-38.49626181411595,0.0,under_predicted_negative,under_predicted_negative,False,False,False,False,False,False,False,False,False,False,False,False,False,False,True,True,0.0342387282321621,32.02874298772093,1293.7398278295232,276.0,False,Q4_high_g98,1.0,1.0,5.684341886080803e-14
NGC 2976,SPIRAL,T3,MEDIUM,10.0,4249.6544376278125,0.910887477521287,0.8645030876487141,0.999999984465432,0.5689039405684221,0.8966120385254058,0.5689039405684222,1.1102230246251565e-16,-0.32770809795698363,11.73004928975286,17.40037403686053,11.73004928975286,5.759240627019054,5.759240627019054,0.0,over_predicted_positive,over_predicted_positive,False,False,False,False,False,False,False,False,False,False,False,False,False,False,True,True,0.6548154189812222,0.24,2782.7392511013213,88.7,False,Q3,1.0,1.0,2.8421709430404014e-14
NGC 2998,GIANT,T2,HIGH,6.8,10283.282117079889,1.498827933213513,0.3028638733370273,0.9999999999998584,2.1707500424247588,5.243880429131594,2.139616741830986,-0.031133300593772617,-3.104263687300608,28.534891265787905,54.36849609781598,28.534891265787905,-34.547490149822735,-34.20057395594773,0.3469161938750034,under_predicted_negative,under_predicted_negative,False,False,False,False,False,False,False,False,False,False,False,False,False,False,True,True,0.0484692988854316,21.96837734866825,498.4234744560075,214.0,False,Q3,1.0716629962158808,1.0,1.7345809693749743
NGC 3109,DWARF,T3,HIGH,11.5,165.718894866706,0.040848958095064,2.616905347915308,0.5535045696917306,0.8604246778621595,0.048209861840964784,0.4210409005147761,-0.4393837773473834,0.37283103867381134,14.046412814888903,4.1342587858056135,7.920685598101848,-29.1644029619843,-21.05256568992603,8.11183727205827,under_predicted_negative,under_predicted_negative,False,False,False,False,False,False,False,False,False,False,False,False,False,False,False,False,0.5014679421114641,2.06,83.10271317829458,67.3,False,Q1_low_g98,1.7941723176816065,1.6081203817971288,9.414561744554405
NGC 3198,SPIRAL,T2,MEDIUM,7.0,9123.535924999986,1.3689019478501283,0.4002353340380166,0.9999999999981596,2.8414165474258906,3.032730606294112,2.259529669908099,-0.5818868775177917,-0.7732009363860133,25.45887996895752,35.6192884690596,25.45887996895752,-61.487476336217846,-51.62921451230925,9.8582618239086,under_predicted_negative,under_predicted_negative,False,False,False,False,True,False,False,False,False,False,False,False,False,False,True,True,0.0151353685269379,10.657544952234398,138.08807849364794,157.0,True,Q3,1.9087234303203384,1.0,11.501707056229662
NGC 3521,GIANT,T1,MEDIUM,3.2,67758.56586530268,4.647563140758961,-0.3688303327761039,1.0,1.0478393853673873,8.923268262904589,1.0478393853673875,2.220446049250313e-16,-7.8754288775372014,13.881919497192,71.66430242426537,13.881919497192,-39.49161433938114,-39.49161433938114,7.105427357601002e-15,under_predicted_negative,under_predicted_negative,False,False,False,False,False,False,False,False,False,False,False,False,False,False,True,True,0.0195536727342382,16.429544881589816,1324.9288218714769,220.0,True,Q4_high_g98,1.0,1.0,1.1368683772161605e-13
NGC 3726,SPIRAL,T2,MEDIUM,5.5,5387.333857463467,0.6351081625594605,1.265719092800896,0.9999964070344312,14.856056367745635,10.287461943516167,14.762145785464623,-0.09391058228101201,4.4746838419484565,88.9555040194253,69.18913577284138,88.95550401942532,9.521169299790332,13.417468932766628,3.8962996329762944,over_predicted_positive,over_predicted_positive,False,False,False,False,False,False,True,True,False,False,True,True,False,False,False,False,0.0652297693428714,15.82684062233994,351.41454489544896,169.0,False,Q3,1.2426409969019143,1.0,9.168981582211076
NGC 3741,DWARF,T3,HIGH,11.1,549.848101757632,0.1308208069942494,2.3574125104729333,0.9244000173224044,0.8176709183294115,0.04123843588976354,0.2284965376556654,-0.5891743806737462,0.18725810176590188,14.625630103372233,2.5010660821229322,4.206192408028642,-28.60708897655244,-17.705999593653615,10.901089382898824,under_predicted_negative,under_predicted_negative,False,False,False,False,True,False,False,False,False,False,False,False,False,False,False,False,0.0506880768852364,0.23,27.87074285714285,51.6,False,Q1_low_g98,2.9796882860759397,2.654711870768097,15.114237336996643
NGC 3769,SPIRAL,T2,MEDIUM,6.0,8402.48132392118,1.0806123364240383,0.6672754442747799,0.9999999994551074,3.1085885649357974,3.7396614623990523,2.338689354183409,-0.7698992107523885,-1.4009721082156434,33.88072729692572,36.58364362005614,23.973731268701982,-36.76304249642189,-23.470223183850397,13.292819312571496,under_predicted_negative,under_predicted_negative,False,False,False,False,True,False,False,False,False,False,False,False,False,False,True,True,0.0101917309360052,7.858671623938408,85.6358288482239,126.0,True,Q3,2.3997310767137305,1.0,21.480528695846147
NGC 3877,SPIRAL,T2,MEDIUM,7.3,10888.903094252872,1.70379801491932,0.1727993246602813,0.9999999999999976,3.5472163570382667,9.35994941550406,3.547216357038267,4.440892098500626e-16,-5.812733058465793,41.153934888516346,69.13513438004847,41.153934888516346,44.59447027365267,44.59447027365267,0.0,over_predicted_positive,over_predicted_positive,False,False,False,False,False,False,False,False,False,False,False,False,False,False,True,True,0.2987476711263301,11.35,3253.0344405286346,171.0,False,Q3,1.0,1.0,2.8421709430404014e-14
NGC 3893,SPIRAL,T2,MEDIUM,6.5,21704.56290861741,3.0239563361343755,-0.2462340929465812,1.0,2.9587550549335058,4.775098863166488,2.958755054933505,-8.881784197001252e-16,-1.8163438082329835,35.60575136587539,41.22599548096693,35.60575136587539,-48.71824005102341,-48.7182400510234,7.105427357601002e-15,under_predicted_negative,under_predicted_negative,False,False,False,False,False,False,False,False,False,False,False,False,False,False,True,True,0.03921337624648,14.125356276933688,851.1091916010498,194.0,False,Q4_high_g98,1.0,1.0,2.8421709430404014e-14
NGC 3917,SPIRAL,T2,HIGH,7.0,1806.125370585075,0.2709923606570824,1.9969064048508829,0.9952479291656072,3.893048595019822,1.7437512252506493,3.8931488848886366,0.00010028986881449597,2.1493976596379873,38.5034199453799,27.76630591566311,38.50341994537996,38.037234689954914,38.04053807942394,0.0033033894690248,over_predicted_positive,over_predicted_positive,False,False,False,False,False,False,False,False,False,False,False,False,False,False,False,False,0.3286866477117695,7.8101464364097986,593.6492934051143,138.0,False,Q2,1.00026319143952,1.0,0.0165169473449964
NGC 3953,GIANT,T3,MEDIUM-HIGH,8.8,11518.261157969464,2.1726046681984674,-0.0411757955468381,1.0,0.5039055484343953,9.70402605194887,0.5039055484343957,4.440892098500626e-16,-9.200120503514475,14.701309379306169,69.22200821074361,14.70130937930618,13.091073481332351,13.091073481332351,0.0,over_predicted_positive,over_predicted_positive,False,False,False,False,False,False,False,False,False,False,False,False,False,False,True,True,0.2727600203599447,15.68,3141.721147959184,224.0,False,Q3,1.0,1.0,5.684341886080803e-14
NGC 3972,SPIRAL,T2,HIGH,7.3,2579.782404597701,0.4036612413418617,1.69923424127539,0.9996536128674532,2.1098092759724745,1.0446454922171249,2.1098092759724745,0.0,1.0651637837553496,22.497727545768093,17.833305898057063,22.497727545768107,33.10724917174328,33.10724917174328,0.0,over_predicted_positive,over_predicted_positive,False,False,False,False,False,False,False,False,False,False,False,False,False,False,False,False,0.4198052037455146,7.089731195400722,1083.0060779816513,134.0,False,Q2,1.0,1.0,2.8421709430404014e-14
NGC 3992,GIANT,T2,MEDIUM-HIGH,7.2,5054.556840990105,0.7800576425414488,1.041099667006383,0.99999979447963,4.84620875459562,4.524227851835388,4.812206410571273,-0.034002344024346876,0.28797855873588496,37.09327650334996,43.69493254474497,35.14475349660367,-4.768361100754665,-4.378656499405406,0.3897046013492584,under_predicted_negative,under_predicted_negative,False,False,False,False,False,False,False,False,False,False,False,False,False,False,False,False,0.1069060037975438,28.18501107150262,540.3624728378965,272.0,False,Q3,1.037493170262652,1.0,1.948523006746285
NGC 4010,SPIRAL,T2,MEDIUM,6.0,2686.3247573464696,0.345478384363159,1.824933457287913,0.9989077002746796,4.115683912005713,2.735620150748981,4.115683912005713,0.0,1.3800637612567326,41.788299304780736,32.44459469093083,41.788299304780736,35.62221378054996,35.62221378054996,0.0,over_predicted_positive,over_predicted_positive,False,False,False,False,False,False,False,False,False,False,False,False,False,False,False,False,0.3298521156332412,6.704658362269055,886.0899044890162,129.0,False,Q3,1.0,1.0,2.8421709430404014e-14
NGC 4013,BULGE-DOM,T3,MEDIUM,9.0,8175.220068425574,1.5770776485581122,0.2500413647251415,0.9999999999999698,3.741677304228451,6.844178719880821,3.6140157894646094,-0.12766151476384158,-3.2301629304162116,37.36245372276836,52.77542995287861,37.36245372276835,-55.91541964699286,-52.83855241758365,3.07686722940921,under_predicted_negative,under_predicted_negative,False,False,False,False,False,False,False,False,False,False,False,False,False,False,True,True,0.0468629904011152,15.691544888819807,383.1152595936794,198.0,False,Q3,1.1968448495898931,1.0,4.018933353637465
NGC 4088,SPIRAL,T2,MEDIUM,6.8,11061.20685578661,1.612213456924357,0.2276347422150702,0.9999999999999848,10.77383081989296,20.864832514226034,10.773830819892956,-5.329070518200751e-15,-10.091001694333078,62.56024883573397,96.13402880663645,62.56024883573396,26.90868780404049,26.90868780404049,0.0,over_predicted_positive,over_predicted_positive,False,False,False,False,False,False,True,True,False,False,True,True,False,False,True,True,0.1084199246780388,18.92687240101675,1199.2552141527,182.0,False,Q3,1.0,1.0,5.684341886080803e-14
NGC 4100,SPIRAL,T2,MEDIUM,7.0,6313.859853531952,0.9473361121173672,0.8192813703427653,0.9999999924344845,3.383336886693252,3.4385859083762678,3.3819033858315337,-0.0014335008617183398,-0.05668252254473405,22.705683248201225,36.46095700870546,22.70568324820121,-13.143658002530625,-13.033516714838653,0.110141287691972,under_predicted_negative,under_predicted_negative,False,False,False,False,False,False,False,False,False,False,False,False,False,False,True,True,0.0907794835532162,14.092688694805474,573.1689367311071,195.0,False,Q3,1.0138378467251776,1.0,0.550706438459855
NGC 4157,GIANT,T3,MEDIUM,8.4,13730.499083323482,2.4721608500861074,-0.1337846940432245,1.0,2.6001585445318574,11.640049196625839,2.600158544531858,4.440892098500626e-16,-9.03989065209398,34.6286823688105,70.9156725712291,34.6286823688105,-46.77760582903559,-46.77760582903559,0.0,under_predicted_negative,under_predicted_negative,False,False,False,False,False,False,False,False,False,False,False,False,False,False,True,True,0.0435597301961819,18.68737398573451,598.0968355285376,201.0,False,Q3,1.0,1.0,5.684341886080803e-14
NGC 4183,SPIRAL,T2,MEDIUM,5.2,1601.2648643678156,0.1784750995565791,2.2291409908597744,0.9704879686419836,0.3337979619812487,1.4759431092677997,0.3752886683821131,0.041490706400864386,-1.1006544408856866,9.72953432880989,27.798559842249972,12.796764148442335,-12.278503988151208,3.48434414392367,15.762848132074875,under_predicted_negative,over_predicted_positive,True,True,False,False,False,False,False,False,False,False,False,False,False,False,True,True,0.1110159303523418,1.2897355232650238,177.76590865842056,115.0,False,Q2,1.6739513432449136,1.0,17.032141243812532
NGC 4214,SPIRAL,T3,HIGH,11.2,4984.674225396825,1.1966466181773148,0.550465638137422,0.999999999944844,1.8002291079939223,0.12077035167526438,1.600409051455857,-0.19982005653806523,1.4796386997805928,27.823916770211905,5.989533235837158,27.8239167702119,-39.308852850735605,-36.10265813493556,3.206194715800045,under_predicted_negative,under_predicted_negative,False,False,False,False,False,False,False,False,False,False,False,False,False,False,False,False,0.0394680200006782,1.9573839338032573,196.7352220248668,80.6,False,Q3,1.6161547417193292,1.0,3.992425155164561
NGC 4217,BULGE-DOM,T3,HIGH,9.0,28015.658179310347,5.404486723834894,-0.3848165435662213,1.0,3.821419986231053,17.90751952197985,3.821419986231054,8.881784197001252e-16,-14.086099535748797,29.61591352499568,70.42845642085507,29.615913524995705,-39.87224347616594,-39.87224347616596,-1.4210854715202004e-14,under_predicted_negative,under_predicted_negative,False,False,False,False,False,False,False,False,False,False,False,False,False,False,True,True,0.0504089330602247,15.746436051491017,1412.2394377990431,191.0,False,Q4_high_g98,1.0,1.0,5.684341886080803e-14
NGC 4559,SPIRAL,T2,HIGH,6.3,4705.529777747624,0.6354189908648783,1.2652017493338308,0.9999964290115994,2.434017992580804,4.405634059329444,2.3866501971602707,-0.047367795420533376,-2.018983862169173,16.41230343721115,41.53856674862028,14.41245462469729,-11.73743402558724,-5.920042657619843,5.817391367967397,under_predicted_negative,under_predicted_negative,False,False,False,False,False,False,False,False,False,False,False,False,False,False,True,True,0.0700442395848713,7.964594851874727,329.59525512637106,124.0,False,Q3,1.2781790309668557,1.0,6.451302685941698
NGC 5005,BULGE-DOM,T3,HIGH,9.3,120116.4332244898,23.94398827512657,-0.3989422802760008,1.0,0.2335054045109789,8.096823021980864,0.2335054045109792,3.0531133177191805e-16,-7.8633176174698844,9.0448220414565,81.67356031162137,9.0448220414565,-6.292085590580582,-6.292085590580582,0.0,under_predicted_negative,under_predicted_negative,False,False,False,False,False,False,False,False,False,False,False,False,False,False,True,True,0.0547179274231165,11.47,6572.522275501307,265.0,False,Q4_high_g98,1.0,1.0,5.684341886080803e-14
NGC 5033,BULGE-DOM,T2,MEDIUM,7.4,82842.22778684199,13.139976971377177,-0.398936106916654,1.0,11.317131443357152,5.589193361192573,11.317125321211735,-6.122145416398439e-06,5.727931960019163,72.15355261511307,38.02858677887333,72.15355261511309,-88.92342758546958,-88.92336980076652,5.778470305983774e-05,under_predicted_negative,under_predicted_negative,False,False,False,False,False,False,True,True,False,False,True,True,False,False,False,False,0.0034851726193104,18.17373214948096,288.71946400538235,225.0,True,Q4_high_g98,1.3558885251199564,1.0,7.088442983160803e-05
NGC 5055,GIANT,T2,MEDIUM,7.6,47718.114080963496,7.773345629856444,-0.3976202886063399,1.0,4.122294499698013,19.01374721988506,4.121428839620429,-0.0008656600775838186,-14.892318380264634,32.83303639928117,82.50479681090893,32.83303639928116,-65.56364121922414,-65.55055257014206,0.0130886490820785,under_predicted_negative,under_predicted_negative,False,False,False,False,False,False,False,False,False,False,False,False,False,False,True,True,0.0052566020152105,21.970766920629696,250.83513464004392,206.0,True,Q4_high_g98,1.4450399651575938,1.0,0.015296942656974
NGC 5371,GIANT,T2,MEDIUM,7.5,32375.00085517243,5.204537797697802,-0.3816899476356414,1.0,1.0450137433837887,27.052650856430258,1.0450137433837892,4.440892098500626e-16,-26.00763711304647,18.724581342884846,112.04183386957544,18.724581342884846,-21.673199038594294,-21.673199038594294,0.0,under_predicted_negative,under_predicted_negative,False,False,False,False,False,False,False,False,False,False,False,False,False,False,True,True,0.0237775650691096,34.05288518589021,769.7986894463668,242.0,False,Q4_high_g98,1.0,1.0,5.684341886080803e-14
NGC 5585,SPIRAL,T2,MEDIUM,5.0,2857.2943363148484,0.3062217962355691,1.91397146102818,0.9976293141456332,1.0916333653889774,1.006049451770968,0.9978415757981348,-0.09379178959084256,-0.008207875972833123,16.392476454672128,18.387095381470317,11.371172067361288,-13.211761825865816,-2.6515313186604343,10.560230507205382,under_predicted_negative,under_predicted_negative,False,False,False,False,False,False,False,False,False,False,False,False,False,False,True,False,0.0725370009696071,1.7306543779862906,207.25956204379565,92.3,False,Q3,1.5761645505713124,1.0,11.63832215746281
NGC 5907,GIANT,T2,MEDIUM,7.0,6121.190238897213,0.918427823386644,0.8550121002244251,0.9999999866137608,4.747646814973997,7.623299590098569,4.5699865663575405,-0.17766024861645668,-3.053313023741029,33.16359469527123,55.71883447054637,32.14438153739286,-35.10681609259249,-31.351993495203423,3.754822597389065,under_predicted_negative,under_predicted_negative,False,False,False,False,False,False,False,False,False,False,False,False,False,False,True,True,0.0645688499072255,24.56097807072001,395.2382137889927,235.0,False,Q3,1.1809048869103798,1.0,6.960114629015749
NGC 5985,GIANT,T3,HIGH,10.0,6563.522270881915,1.4068509175808963,0.3704756136904713,0.9999999999991298,7.357524837491569,1.7232558610436823,7.35752483749157,8.881784197001252e-16,5.6342689764478875,54.71447140023858,10.481345879012622,54.71447140023858,-64.36519330615586,-64.36519330615586,0.0,under_predicted_negative,under_predicted_negative,False,False,False,False,False,False,True,True,False,False,False,False,False,False,False,False,0.1581776008937867,26.77819770094636,1038.2022062211984,305.0,False,Q3,1.0,1.0,5.684341886080803e-14
NGC 6015,SPIRAL,T2,MEDIUM,6.0,5859.155003701493,0.7535244571142659,1.079819982072398,0.999999653012332,3.1647647771715826,1.4963968696577765,2.7228384505681382,-0.44192632660344433,1.2264415809103617,33.68283353530947,21.297485066171348,27.775647921645337,-45.34618808083166,-32.663648314640405,12.682539766191256,under_predicted_negative,under_predicted_negative,False,False,False,False,False,False,False,False,False,False,False,False,False,False,False,False,0.037060183845207,10.4496584976937,217.14136161477927,166.0,False,Q3,1.5439189034277492,1.0,13.93866432059562
NGC 6195,BULGE-DOM,T2,HIGH,7.9,38719.26611497974,6.556398214694132,-0.3944780941368861,1.0,0.6910132032519077,19.281235935800044,0.6910132032519081,3.3306690738754696e-16,-18.590222732548135,15.442887448475858,94.64078341742163,15.442887448475858,-20.513867253758526,-20.51386725375853,-3.552713678800501e-15,under_predicted_negative,under_predicted_negative,False,False,False,False,False,False,False,False,False,False,False,False,False,False,True,True,0.0362675369781409,34.201190074364675,1404.2524155915455,258.0,False,Q4_high_g98,1.0,1.0,8.526512829121202e-14
NGC 6503,SPIRAL,T2,MEDIUM,6.5,9386.726657894736,1.307791899436614,0.450596223449495,0.9999999999938513,3.321243827023308,1.6172009406602303,2.5379810405288747,-0.7832627864944333,0.9207800998686444,36.13315934369992,20.608233309915278,32.987934163824434,-51.42086658152199,-41.3545758988833,10.066290682638687,under_predicted_negative,under_predicted_negative,False,False,False,False,True,False,False,False,False,False,False,False,False,False,False,False,0.013730006392896,6.106987965422971,128.8798170212766,121.0,True,Q3,1.9723689101247663,1.1116866265576029,10.9953648350358
NGC 6674,BULGE-DOM,T2,HIGH,6.2,14970.85132192896,1.9895245465760607,0.0307032918616935,1.0,14.539415031682577,2.6421522401594433,13.4347945014919,-1.104620530190676,10.792642261332457,67.22694880312022,31.87835557623015,67.22694880312022,-105.97137618509184,-99.933627037983,6.0377491471088405,under_predicted_negative,under_predicted_negative,False,False,False,False,True,False,True,True,False,False,True,True,False,False,False,False,0.0140048889193321,26.410185459572748,209.66510979146528,291.0,True,Q3,1.5691267823898534,1.0,8.119308783665375
NGC 6946,BULGE-DOM,T2,MEDIUM,6.0,53690.955800987824,6.904997102197602,-0.3957920107190305,1.0,1.225199575310675,8.48145294857592,1.2251995753106752,2.220446049250313e-16,-7.256253373265244,18.41941738425001,58.638642420217565,18.41941738425001,-49.13237115397538,-49.13237115397539,-7.105427357601002e-15,under_predicted_negative,under_predicted_negative,False,False,False,False,False,False,False,False,False,False,False,False,False,False,True,True,0.014875242457118,14.974114412127012,798.6659852941177,181.0,True,Q4_high_g98,1.0,1.0,2.8421709430404014e-14
NGC 7331,GIANT,T2,HIGH,7.0,42616.29342791137,6.394179577214807,-0.3936918734528421,1.0,4.150422962426432,24.7711711847093,4.150422962426432,0.0,-20.620748222282867,32.57025745591348,94.53090890130363,32.57025745591348,-80.54148321704876,-80.54148321704878,-1.4210854715202004e-14,under_predicted_negative,under_predicted_negative,False,False,False,False,False,False,False,False,False,False,False,False,False,False,True,True,0.0218933783311069,28.309128864517096,933.014635086753,257.0,False,Q4_high_g98,1.0,1.0,8.526512829121202e-14
NGC 7793,SPIRAL,T2,PLATINUM,6.5,6428.2185064935065,0.8956020982596945,0.8839636816548206,0.9999999789944012,1.0035202537524024,1.0671881616801493,1.0035202537524024,0.0,-0.0636679079277469,19.170913916068564,20.247156222004236,19.170913916068564,-6.860972395438108,-6.860972395438111,-2.664535259100376e-15,under_predicted_negative,under_predicted_negative,False,False,False,False,False,False,False,False,False,False,False,False,False,False,True,True,0.1074801095004385,5.087330595534696,690.905628970775,116.0,False,Q3,1.0,1.0,2.8421709430404014e-14
NGC 7814,BULGE-DOM,T3,HIGH,10.5,145488.97828599118,32.743907746450624,-0.3989422804014138,1.0,10.365064183753248,2.4071379043279975,10.36506418375325,1.7763568394002505e-15,7.957926279425251,61.79034618088892,15.204329748197026,61.79034618088893,-92.99595023205248,-92.99595023205248,0.0,under_predicted_negative,under_predicted_negative,False,False,False,False,False,False,True,True,False,False,True,True,False,False,False,False,0.0062024825001383,14.757566756826796,902.3928417818736,265.0,True,Q4_high_g98,1.0,1.0,2.8421709430404014e-14
NGC0100,SPIRAL,T2,MEDIUM,7.5,1072.6607374137138,0.1724387090196522,2.2450531054003684,0.966753430260018,0.5904876391786611,0.7159222275399336,0.4791400138348434,-0.1113476253438177,-0.23678221370509023,11.329451828741128,17.378712266392952,6.913018956186107,-17.37308661685263,-7.474297307377489,9.89878930947514,under_predicted_negative,under_predicted_negative,False,False,False,False,False,False,False,False,False,False,False,False,False,False,True,True,0.2013249390565372,1.59,215.9533575883576,91.2,False,Q2,1.52962112992718,1.01372706789283,10.468154667841944
UGC 00128,SPIRAL,T2,HIGH,6.0,675.0228271999998,0.0868122125262571,2.4814245949890443,0.819784944711144,2.7291949519293897,0.7837188568158328,0.6166891494624384,-2.112505802466951,-0.1670297073533944,31.775643801679017,17.76846172687354,11.368137889937929,-40.95239938663663,4.541538057075991,45.49393744371262,under_predicted_negative,over_predicted_positive,True,True,False,False,True,False,False,False,False,False,False,False,False,False,True,False,0.061624469639667,1.25,41.59792372093023,134.0,False,Q2,2.7556454151169008,1.692397135619268,48.5158636538482
UGC 00191,SPIRAL,T2,MEDIUM,5.0,932.3110591133004,0.0999175911082973,2.443922572482278,0.8608627181305024,0.3655002881430722,0.2657934454458062,0.2618664794378609,-0.10363380870521133,-0.003926966007945287,6.0070780515042514,6.353787221214851,6.0070780515042514,-10.47948965404068,-8.317249619290399,2.162240034750281,under_predicted_negative,under_predicted_negative,False,False,False,False,False,False,False,False,False,False,False,False,False,False,True,False,0.2318459090417375,0.87,216.1525050100201,83.85,False,Q2,1.47104346574871,1.0,4.950734455279573
UGC 00731,DWARF,T1,MEDIUM,3.7,162.32935429828697,0.0128738931475042,2.7024650707129863,0.2244016359883269,0.6902562381438341,0.27682943922616016,0.4750213261850468,-0.2152349119587873,0.19819188695888662,16.424043512229332,9.11728913746426,13.08398186643228,-4.362223483860872,0.7600603618742354,5.122283845735107,under_predicted_negative,over_predicted_positive,True,True,False,False,False,False,False,False,False,False,False,False,False,False,False,False,0.8146022598062972,8.19,132.23385884509622,74.0,False,Q1_low_g98,1.2128241391353585,1.2495552064957902,5.64883811510758
UGC 01230,SPIRAL,T2,HIGH,6.0,704.8977383524278,0.0906543153880603,2.470379161607161,0.8329470515555314,0.487258672958203,1.0314315693912979,0.4106086259549448,-0.07665004700325823,-0.620822943436353,15.684638241449775,14.644711281122056,12.863487335599956,-16.803216366987833,4.672199040323216,21.475415407311047,under_predicted_negative,over_predicted_positive,True,True,False,False,False,False,False,False,False,False,False,False,False,False,True,True,0.0987069812742026,2.35,69.5783278598796,113.0,False,Q2,2.377431446018962,1.1511669639429407,36.67686768276795
UGC 01281,DWARF,T2,MEDIUM,6.5,249.0989313063063,0.0347053425963688,2.635490587974018,0.4959380007345627,0.1012935552659778,0.12436374483471893,0.0659047963081452,-0.0353887589578326,-0.058458948526573726,2.6018385518406184,7.096311081008224,3.534831887475761,-12.680443745129258,-7.589484327273093,5.0909594178561655,under_predicted_negative,under_predicted_negative,False,False,False,False,False,False,False,False,False,False,False,False,False,False,True,True,0.6041369947664045,2.22,150.48987975951906,56.9,False,Q1_low_g98,1.4128922534457449,1.2917930011142922,5.595890641390056
UGC 02455,DWARF,T2,HIGH,5.5,4194.311578543046,0.4944637904999948,1.5171083329412718,0.9999423040747076,11.836162386904032,8.800686537044692,11.836162386904029,-3.552713678800501e-15,3.0354758498593366,69.42278064538193,60.73821974101355,69.42278064538193,71.51575646831938,71.51575646831938,0.0,over_predicted_positive,over_predicted_positive,False,False,False,False,False,False,True,True,False,False,True,True,False,False,False,False,0.3042771743431747,3.517102220252053,1276.2332754342433,61.0,False,Q3,1.0,1.0,1.4210854715202004e-14
UGC 02487,BULGE-DOM,T3,HIGHEST,10.8,10902.5277611796,2.5238414674141483,-0.147140121003935,1.0,35.0279509390472,0.1730111783937795,34.78120767986656,-0.24674325918064,34.60819650147278,132.23895974312262,5.769066442921542,132.2389597431226,-154.4140867730451,-153.0251527096586,1.3889340633865004,under_predicted_negative,under_predicted_negative,False,False,False,False,False,False,True,True,False,False,True,True,False,False,False,False,0.0333743067449947,39.40305733014719,363.86430579746207,383.0,False,Q3,1.2238960234746583,1.0,3.0673724018299424
UGC 02885,BULGE-DOM,T3,PLATINUM,9.0,38177.93558980163,7.364886618686815,-0.3969533469397829,1.0,19.28697992092293,5.234300758247334,19.28608766618212,-0.000892254740811893,14.051786907934785,80.90319944913395,48.75279183086576,80.90319944913392,-133.77876961212374,-133.7728077134506,0.0059618986731493,under_predicted_negative,under_predicted_negative,False,False,False,False,False,False,True,True,False,False,True,True,False,False,False,False,0.0119080446919819,34.758155399353754,454.6245632509789,305.0,True,Q4_high_g98,1.1130011079564324,1.0,0.0151026930014666
UGC 02916,BULGE-DOM,T2,HIGH,7.4,44933.172032432405,7.127051764907614,-0.39641931892668,1.0,2.589680655270941,9.219305193143258,2.589663605089069,-1.7050181872146908e-05,-6.62964158805419,32.75775647372879,53.96883446744084,32.75775647372879,-49.87400000917236,-49.87329489070646,0.0007051184659019,under_predicted_negative,under_predicted_negative,False,False,False,False,False,False,False,False,False,False,False,False,False,False,True,True,0.0119197626277139,20.589911206100563,535.5927447368422,218.0,True,Q4_high_g98,1.0411448560186536,1.0,0.0035255923294812
UGC 02953,BULGE-DOM,T3,MEDIUM,8.8,141664.65773515732,26.72115977342532,-0.398942280393629,1.0,9.712724815554042,6.105844893891425,9.712724815550894,-3.147704319417244e-12,3.606879921659469,41.10231468116916,53.879305766267635,41.10231468116916,-138.31341449396487,-138.31341449389032,7.455014383594971e-11,under_predicted_negative,under_predicted_negative,False,False,False,False,False,False,True,True,False,False,False,False,False,False,False,False,0.0021621958161072,28.026651090739723,306.3067302452316,319.0,True,Q4_high_g98,1.3204586819121755,1.0,8.364509085367901e-11
UGC 03205,BULGE-DOM,T2,HIGH,7.9,33628.32597612268,5.694340789886595,-0.3883709635609979,1.0,6.727635030377443,2.8006694408081407,6.72670313656877,-0.0009318938086728679,3.9260336957606294,41.56574044235214,36.58901726911024,41.56574044235214,-90.96840445325527,-90.9508260661815,0.0175783870737689,under_predicted_negative,under_predicted_negative,False,False,False,False,False,False,True,True,False,False,False,False,False,False,False,False,0.0107255965224062,19.508788837548902,360.6838561438561,237.0,True,Q4_high_g98,1.2285866143975384,1.0,0.0502086608267546
UGC 03546,BULGE-DOM,T2,HIGH,7.9,211180.4720793248,35.75954322087422,-0.3989422804014317,1.0,1.7495639586507266,9.466756326158752,1.7495639586507266,0.0,-7.717192367508025,24.21136250664206,86.29242127793094,24.211362506642075,-56.27424455485652,-56.27424455485652,0.0,under_predicted_negative,under_predicted_negative,False,False,False,False,False,False,False,False,False,False,False,False,False,False,True,True,0.0026137359077734,18.06599474113369,551.9699828942867,262.0,True,Q4_high_g98,1.028838600143832,1.0,8.526512829121202e-14
UGC 03580,BULGE-DOM,T2,HIGH,7.0,26258.132284910487,3.939789214094685,-0.3378310317995441,1.0,3.3061760585266886,5.464297532421436,3.2696460085729098,-0.03653004995377884,-2.1946515238485262,30.72167338924952,45.82803113660751,30.72167338924952,-68.9931428203657,-68.21761312386673,0.7755296964989782,under_predicted_negative,under_predicted_negative,False,False,False,False,False,False,False,False,False,False,False,False,False,False,True,True,0.0047543357795781,6.008691537682365,124.839977827051,131.0,True,Q4_high_g98,2.0025195743997566,1.0,0.8854915082548018
UGC 04278,SPIRAL,T2,HIGH,6.0,623.0601019381443,0.08012947682147,2.50073778615065,0.7943732144939979,0.2848750424874823,0.19165930913042797,0.20764329846868,-0.07723174401880231,0.015983989338252014,7.131232305735008,7.320465792773772,7.607423086596952,0.4692078987629827,6.322016530871895,5.852808632108912,over_predicted_positive,over_predicted_positive,False,False,False,False,False,False,False,False,False,False,False,False,False,False,False,False,0.635853405890323,1.25,396.1748878923767,92.8,False,Q2,1.1427537469992737,1.2060150793403883,8.436143122447092
UGC 04305,DWARF,T3,HIGH,11.5,709.8628396825396,0.1749779795162088,2.238347802815605,0.9683787802745948,1.1734577493873994,2.853343770810248,1.406961138390314,0.23350338900291456,-1.4463826324199338,19.415955774877,35.2463214659643,20.336230173837443,15.447191587808254,18.64809166829209,3.200900080483832,over_predicted_positive,over_predicted_positive,False,False,False,False,False,False,False,False,False,False,False,False,False,False,True,True,0.3734978527612587,1.26,265.1322463768117,37.3,False,Q2,1.3961365999647362,1.1155039288255022,4.124941872818063
UGC 04325,SPIRAL,T2,HIGH,5.7,924.714907458284,0.1129779862929699,2.40703504125072,0.8924818987089476,0.2506475642299201,0.16383185919392734,0.2614870103283466,0.01083944609842652,0.09765515113441925,9.072744936874258,5.11769079292176,10.00180388077316,7.507441348922444,7.879064926482007,0.3716235775595633,over_predicted_positive,over_predicted_positive,False,False,False,False,False,False,False,False,False,False,False,False,False,False,False,False,0.5654855864021935,2.79,522.9129516994633,92.7,False,Q2,1.0456363849642023,1.0,1.8581178877978035
UGC 04483,DWARF,T2,HIGH,5.0,409.59148166666665,0.0438967164301739,2.6077277657989626,0.5795738550852706,0.0448815218868555,0.1277752990830014,0.0690444269023471,0.024162905015491606,-0.05873087218065429,3.612551578040639,7.333222949151656,4.993950680960392,1.1410836761647167,3.542116659282626,2.401032983117909,over_predicted_positive,over_predicted_positive,False,False,False,False,False,False,False,False,False,False,False,False,False,False,True,True,0.413429472197962,0.24,169.33719008264464,24.3,False,Q1_low_g98,1.4251023474314934,1.2666627640365546,2.72227333518029
UGC 04499,DWARF,T2,HIGH,5.4,942.117010989011,0.1090459951845642,2.4180898385694545,0.8838045588345738,0.3798333642750158,0.7855474334389201,0.4003250721309156,0.02049170785589982,-0.38522236130800447,8.446971717847958,16.48533657797705,11.393193897494044,-1.661035938182991,3.8230915117240927,5.484127449907083,under_predicted_negative,over_predicted_positive,True,True,False,False,False,False,False,False,False,False,False,False,False,False,True,True,0.2775530318554121,0.91,261.4874327628362,74.3,False,Q2,1.369386834972503,1.1073668685435394,8.704394716582186
UGC 05005,SPIRAL,T2,HIGH,6.0,434.24644029044737,0.05584684360918,2.5720115083101747,0.6679177191693848,0.6763903535823386,1.2029328577560205,0.6516246988212738,-0.024765654761064737,-0.5513081589347467,18.35346970213621,25.408551337701383,15.485696845897614,-14.0336096420065,5.074684292723271,19.10829393472977,under_predicted_negative,over_predicted_positive,True,True,True,False,False,False,False,False,False,False,False,False,False,False,True,True,0.17621294985461,3.91,76.51984620761972,100.0,False,Q1_low_g98,2.0246092812074545,1.2562583390576183,24.59576601872793
UGC 05253,BULGE-DOM,T2,HIGH,8.0,172480.7521902834,29.57615676088368,-0.3989422804009835,1.0,3.381824121429592,6.599621205537003,3.3818241214295046,-8.748557434046234e-14,-3.2177970841074988,19.02131775639313,54.58563588497219,19.02131775639313,-90.31661352140972,-90.31661352140692,2.8137492336099967e-12,under_predicted_negative,under_predicted_negative,False,False,False,False,False,False,False,False,False,False,False,False,False,False,True,True,0.0018334963077168,22.31087617092425,316.2428222931132,248.0,True,Q4_high_g98,1.3018210383168245,1.0,3.765876499528531e-12
UGC 05716,DWARF,T2,HIGH,5.3,452.171925435017,0.0513677542076904,2.5853485224793884,0.6372200496835452,0.8252392967630433,0.14196431943227864,0.2388067120034416,-0.5864325847596017,0.09684239257116298,19.256137879563667,4.88905268739682,8.636363047813717,-20.981926534819596,-8.729155312435399,12.252771222384194,under_predicted_negative,under_predicted_negative,False,False,False,False,True,False,False,False,False,False,False,False,False,False,False,False,0.1765786063846895,1.03,79.84388843977364,74.7,False,Q1_low_g98,1.944604822874385,1.5406425744900814,15.415198846989234
UGC 05721,SPIRAL,T2,HIGH,6.0,3801.809185185185,0.4889367494986734,1.5277277431660587,0.9999356532795458,1.6633343553026705,0.24142818604911662,1.3431624187910802,-0.32017193651159026,1.1017342327419637,21.85155593927892,8.496427758694878,21.85155593927891,-40.891740434408696,-36.3839251341956,4.507815300213096,under_predicted_negative,under_predicted_negative,False,False,False,False,False,False,False,False,False,False,False,False,False,False,False,False,0.0370263588935008,1.3172673333837908,140.76715133531158,82.6,False,Q3,1.8913484199349373,1.0,6.501329913551167
UGC 05750,DWARF,T2,HIGH,5.7,237.981842838216,0.0290756742010938,2.6526216145454464,0.4366931677142952,0.2068834901601536,1.1426960216866753,0.5764653262135936,0.36958183605343997,-0.5662306954730817,9.416283227163298,21.690784774895725,16.03777904408723,10.81238924563019,20.60176612909717,9.789376883466986,over_predicted_positive,over_predicted_positive,False,False,False,False,False,False,False,False,False,False,False,False,False,False,True,True,0.3809339768173471,9.43,90.65536980306344,78.9,False,Q1_low_g98,1.5828346162100262,1.257280088655748,18.42227388771252
UGC 05764,DWARF,T2,MEDIUM,7.6,216.74919259108387,0.0353087380222968,2.63366017734719,0.5019060436400815,0.4508290851360537,0.11351256281786282,0.2565431030908092,-0.1942859820452445,0.14303054027294637,11.74165103761958,5.807418255093895,8.12893651484304,-10.291927349328294,-4.676216677672964,5.6157106716553296,under_predicted_negative,under_predicted_negative,False,False,False,False,False,False,False,False,False,False,False,False,False,False,False,False,0.6501210119157598,2.17,140.91320441988947,55.8,False,Q1_low_g98,1.44693534311731,1.3092984199760958,7.392059256044
UGC 05829,DWARF,T2,HIGH,4.5,248.6846049270509,0.0239868118954801,2.668190182575485,0.3771693883045898,0.0747465977078064,0.3614887745895457,0.1549750945348297,0.0802284968270233,-0.20651368005471601,3.215884343777361,12.341636746159104,2.2438874657681964,4.82638419914738,9.53159384801117,4.70520964886379,over_predicted_positive,over_predicted_positive,False,False,False,False,False,False,False,False,False,False,False,False,False,False,True,True,0.9346576896449932,5.65,232.43497829233,68.6,False,Q1_low_g98,1.18718741714367,1.2297056041712733,5.788514088431995
UGC 05918,DWARF,T2,HIGH,7.3,152.02122125785556,0.0237869189176136,2.668803342098119,0.3747070126166276,0.1127806044330285,0.15154054989817053,0.0273889361405965,-0.085391668292432,-0.12415161375757404,6.480465202294399,7.2940170508492095,2.516820045681144,-6.550385295758036,-2.4259384428434645,4.124446852914572,under_predicted_negative,under_predicted_negative,False,False,False,False,False,False,False,False,False,False,False,False,False,False,True,True,0.7849376152866641,2.23,119.32717488789238,44.5,False,Q1_low_g98,1.3919961203334217,1.3742972612542887,4.769187237939356
UGC 05986,SPIRAL,T2,HIGH,5.8,1721.731466489597,0.2140447229742286,2.1373040438579425,0.9853757399174876,0.6600748876492519,0.12401233558646561,0.5422172782740107,-0.11785760937524126,0.41820494268754504,14.366653841893196,2.258452646826342,13.800852112974423,-17.93084182863979,-13.83564201645708,4.095199812182708,under_predicted_negative,under_predicted_negative,False,False,False,False,False,False,False,False,False,False,False,False,False,False,False,False,0.1931542099698503,0.851241647644961,332.5596811902231,116.0,False,Q2,1.2691411324139077,1.0,6.68079798843597
UGC 06399,SPIRAL,T2,HIGH,7.6,620.8034546600985,0.1011297263989529,2.440478723294764,0.8641522880189185,0.2794272393140245,0.21873830522037244,0.2094532987181595,-0.06997394059586504,-0.00928500650221295,9.543356927185052,9.53214235970799,8.249867161515823,-6.770683225900333,-3.042048976752117,3.728634249148216,under_predicted_negative,under_predicted_negative,False,False,False,False,False,False,False,False,False,False,False,False,False,False,True,False,0.4758009178032592,1.74,295.3788535031847,87.6,False,Q2,1.295613308655336,1.0715978313339658,5.45967355071835
UGC 06446,SPIRAL,T2,HIGH,4.6,774.2945448275863,0.0763440413728061,2.511735139617957,0.778419865405704,0.5936966364035283,0.06475846010236272,0.2503477486489975,-0.3433488877545308,0.18558928854663478,15.337490459997213,3.9595378847653,9.620140713456266,-16.853414113284366,-5.650131220996096,11.20328289228827,under_predicted_negative,under_predicted_negative,False,False,False,False,False,False,False,False,False,False,False,False,False,False,False,False,0.1973529026520248,0.58,152.8092759295499,84.9,False,Q2,1.6378036245378178,1.301799074378446,13.24411632206575
UGC 06614,BULGE-DOM,T3,MEDIUM,8.0,15832.132091503265,2.714816665924168,-0.1909151514375434,1.0,4.2847799162501765,7.25784115615232,4.183380507528739,-0.10139940872143782,-3.0744606486235817,39.98489112102686,72.14443135127226,39.98489112102689,-77.13321984542715,-76.1956744896527,0.9375453557744464,under_predicted_negative,under_predicted_negative,False,False,False,False,False,False,False,False,False,False,False,False,False,False,True,True,0.0119262994990851,20.52281798428261,188.818749032358,205.0,True,Q4_high_g98,1.6473602729953434,1.0,1.937646055851232
UGC 06667,SPIRAL,T2,HIGH,5.7,171.62940641090134,0.0209689976538375,2.677460199161972,0.3389404967003332,1.9045676754438303,0.3714676906792247,1.3400765440659097,-0.5644911313779206,0.968608853386685,28.45091910173223,12.424272177045822,24.270556797834335,-29.160448798288712,-24.132489534710864,5.0279592635778485,under_predicted_negative,under_predicted_negative,False,False,False,False,True,False,False,False,False,False,False,False,False,False,False,False,0.8715947328116536,5.24,149.59128662420383,85.7,False,Q1_low_g98,1.283944818800561,1.2751933387570422,5.824898217595084
UGC 06786,BULGE-DOM,T3,HIGH,8.6,91687.30508749996,16.901247990579577,-0.3989421368421985,1.0,11.679600278481082,0.9116069867049875,11.679600238659184,-3.982189866746921e-08,10.767993251954197,55.9506921736614,16.508579912038954,55.9506921736614,-118.17545235727523,-118.17545169981058,6.574646675971962e-07,under_predicted_negative,under_predicted_negative,False,False,False,False,False,False,True,True,False,False,True,True,False,False,False,False,0.0033719913408972,15.197387938219194,309.168798825257,229.0,True,Q4_high_g98,1.3149936903097983,1.0,9.60975299335587e-07
UGC 06787,BULGE-DOM,T3,HIGH,9.0,272010.3591714285,52.47338347286099,-0.3989422804014327,1.0,11.702763461271315,3.7529700639420867,11.702763461271315,0.0,7.949793397329229,35.70790405186256,32.870462092554874,35.70790405186256,-142.20404612304378,-142.20404612304375,2.8421709430404014e-14,under_predicted_negative,under_predicted_negative,False,False,False,False,False,False,True,True,False,False,True,True,False,False,False,False,0.0012866424907886,16.771270466485078,349.9800860446357,276.0,True,Q4_high_g98,1.244869821631418,1.0,8.526512829121202e-14
UGC 06917,SPIRAL,T2,HIGH,6.0,1722.2990881226056,0.22149857522904,2.118469520555723,0.9873766452081756,0.4121959154789203,0.5857995932027337,0.3917863457639294,-0.020409569714990916,-0.19401324743880427,11.53682340224951,16.001305112871336,11.519022835220682,-7.873421884764215,-6.6139316350537,1.259490249710515,under_predicted_negative,under_predicted_negative,False,False,False,False,False,False,False,False,False,False,False,False,False,False,True,True,0.276251411964209,2.1625241739381225,475.7875549188156,111.0,False,Q2,1.0910641134355177,1.0,2.988350663819716
UGC 06973,SPIRAL,T2,HIGH,8.2,67302.68240153255,11.829253562236184,-0.3989193838368386,1.0,7.886325052988123,27.465209374830906,7.886325052988121,-1.7763568394002505e-15,-19.578884321842786,35.749537980408775,80.15678578590183,35.749537980408775,-7.071843821733137,-7.071843821733131,6.217248937900877e-15,under_predicted_negative,under_predicted_negative,False,False,False,False,False,False,True,True,False,False,False,False,False,False,True,True,0.0605353820528237,7.85,4074.193592356688,180.0,False,Q4_high_g98,1.0,1.0,2.8421709430404014e-14
UGC 06983,SPIRAL,T2,HIGH,5.1,1782.6967685823756,0.194876184673771,2.1863891203011607,0.9786499607274928,0.5044649241635316,0.2990153424710529,0.4622685985209583,-0.04219632564257331,0.16325325604990543,8.692156419247638,7.111523819875984,11.568406145975333,-5.070431838758961,11.26586489310196,16.33629673186092,under_predicted_negative,over_predicted_positive,True,True,True,True,False,False,False,False,False,False,False,False,False,False,False,False,0.1147084139497542,2.479244803767818,204.49031887755103,113.0,False,Q2,1.5748583583858768,1.12268628799826,21.024458500445206
UGC 07089,DWARF,T2,HIGH,5.9,729.0814076912973,0.0922017470180189,2.4659425164391227,0.8379725536707217,1.3225930256600442,1.9197907487263681,1.4899487539376668,0.16735572827762257,-0.42984199478870133,19.054169404542407,30.028000377054514,20.672828454769327,9.63223441491884,14.84485417015748,5.212619755238638,over_predicted_positive,over_predicted_positive,False,False,False,False,False,False,False,False,False,False,False,False,False,False,True,True,0.4143531276270729,2.61,302.0971615720524,79.1,False,Q2,1.2753946366857625,1.0878333997266352,7.972357872932079
UGC 07151,DWARF,T2,MEDIUM,6.0,1477.7548800000002,0.1900486406310284,2.1989000958483373,0.9765153861015674,0.4263991356810242,0.6820355204248609,0.4287192934793977,0.002320157798373468,-0.25331622694546324,11.088837507880598,16.32384075872521,11.088837507880598,6.498304600347891,6.617917159206272,0.1196125588583809,over_predicted_positive,over_predicted_positive,False,False,False,False,False,False,False,False,False,False,False,False,False,False,True,True,0.3801289303255771,1.0,561.7373818181818,76.2,False,Q2,1.0212895681748655,1.0,0.5980627942919199
UGC 07323,SPIRAL,T2,HIGH,6.4,1057.262786285714,0.145035406015102,2.3185091849957464,0.9428961742129904,1.305419598526158,1.4064072090260802,1.305419598526158,0.0,-0.10098761049992211,23.552595518796643,24.754904031852334,23.552595518796643,17.67430145688109,17.674301456881086,-3.552713678800501e-15,over_predicted_positive,over_predicted_positive,False,False,False,False,False,False,False,False,False,False,False,False,False,False,True,True,0.7361932321835293,1.75,778.34970790378,85.6,False,Q2,1.0,1.0,1.4210854715202004e-14
UGC 07399,SPIRAL,T2,HIGH,5.4,1613.760936065574,0.1867858930585609,2.207390042499856,0.9749531133444866,1.9709239871609296,0.8543307266684614,1.4830906879472383,-0.48783329921369134,0.6287599612787769,27.122297929469077,19.902092283007185,24.50605300487497,-35.64285471259255,-29.992909738520144,5.649944974072408,under_predicted_negative,under_predicted_negative,False,False,False,False,False,False,False,False,False,False,False,False,False,False,False,False,0.1634499646949067,0.7662647278909867,263.7691680261012,106.0,False,Q2,1.4020415343531512,1.0695556535216824,7.878459400301203
UGC 07524,SPIRAL,T2,HIGH,4.7,551.2594260869562,0.0555347730657327,2.5729388001562845,0.6658657702718438,0.1141563511036339,0.5594206459584817,0.1032692053149437,-0.010887145788690197,-0.456151440643538,3.2803661816687395,10.846583195593965,4.666375560180043,-3.329593716048265,3.544051507405212,6.873645223453477,under_predicted_negative,over_predicted_positive,True,True,False,False,False,False,False,False,False,False,False,False,False,False,True,True,0.4518636686349868,0.35,249.09410664172125,83.8,False,Q1_low_g98,1.299398264703184,1.2440421253321532,8.03782307032904
UGC 07577,DWARF,T2,HIGH,6.0,180.5909016118633,0.0232251341722291,2.6705272389757053,0.3677344334670157,0.2694769495994056,0.6984458265440318,0.405859520194927,0.1363825705955214,-0.29258630634910476,10.738581213004029,18.275781635104483,13.684048074794706,12.318256102460705,15.154373555302035,2.8361174528413304,over_predicted_positive,over_predicted_positive,False,False,False,False,False,False,False,False,False,False,False,False,False,False,True,True,0.7341818821612953,0.94,132.58656804733727,17.8,False,Q1_low_g98,1.347855129443032,1.286209776027375,3.6969448670996776
UGC 07603,DWARF,T2,HIGH,5.7,1206.7523852941176,0.1474362026016305,2.3119929619864066,0.9455391937909234,0.41284762699122,0.07688187879835796,0.2219583913112709,-0.19088923567994912,0.14507651251291293,11.059926291715882,2.07440355251439,7.916527397366696,-15.414471597843336,-8.511224137270789,6.903247460572546,under_predicted_negative,under_predicted_negative,False,False,False,False,False,False,False,False,False,False,False,False,False,False,False,False,0.1472835043546909,0.68,177.7347201946472,64.0,False,Q2,1.6567573670720268,1.0571076338422478,8.025098946176499
UGC 07608,DWARF,T2,HIGH,6.0,190.33639803921568,0.0244784667603055,2.666682582618793,0.3831846475371826,0.6943898294599161,0.059478282858279635,0.4633155438101455,-0.23107428564977062,0.4038372609518659,17.54340728411276,4.456790219992243,14.325258574075203,-20.22235613795249,-16.47767498188434,3.744681156068154,under_predicted_negative,under_predicted_negative,False,False,False,False,False,False,False,False,False,False,False,False,False,False,False,False,0.9300445985887132,0.6,177.0213389121339,69.3,False,Q1_low_g98,1.267378080069999,1.2697099105301035,4.207173908083689
UGC 08286,SPIRAL,T2,HIGH,5.6,677.7704239840107,0.0813545328227045,2.4971876906603403,0.7992859680127902,0.4363503439833231,0.033960067553854265,0.1821055342680015,-0.2542448097153216,0.14814546671414724,8.115648372080642,1.3392697160274878,5.851259773666456,-20.35859546154838,-10.800520764540872,9.558074697007507,under_predicted_negative,under_predicted_negative,False,False,False,False,False,False,False,False,False,False,False,False,False,False,False,False,0.2651075252657658,2.37,179.68203980099506,84.3,False,Q2,1.548283199125173,1.091377749434708,11.706064714039094
UGC 08490,SPIRAL,T2,MEDIUM,5.0,2322.229952941176,0.2488779046749663,2.050479481559489,0.9926470444183082,1.0414619085028805,0.008145377128305362,0.3342034692045128,-0.7072584392983676,0.32605809207620745,16.368268967097375,1.4038745966804385,10.691825009685829,-28.82154585443277,-12.130150154876976,16.691395699555795,under_predicted_negative,under_predicted_negative,False,False,False,False,True,False,False,False,False,False,False,False,False,False,False,False,0.0401877182896853,1.4611726333982686,93.32512315270937,80.1,False,Q2,2.292644530599293,1.3766339933737162,17.878784823432653
UGC 08550,DWARF,T2,HIGH,5.8,729.7099704046568,0.0907171481190682,2.4701988799686734,0.8331541136153012,0.2472569562051514,0.05231834374856259,0.0451158747155198,-0.20214108148963159,-0.007202469033042787,7.273669164066625,4.729013619378428,4.043500211316633,-13.522530797559597,-3.505425680515265,10.017105117044332,under_predicted_negative,under_predicted_negative,False,False,False,False,False,False,False,False,False,False,False,False,False,False,True,False,0.1861776538738853,0.97,135.85569029850743,57.8,False,Q2,1.7694586157358092,1.4523702335450304,11.340026674698734
UGC 08699,BULGE-DOM,T3,MEDIUM-LOW,8.8,119376.01181395352,22.517016846632465,-0.3989422798788756,1.0,4.730787577036856,2.519999586639635,4.730787577010393,-2.646327601496523e-11,2.2107879903707577,45.175665358099735,29.04640376497639,45.17566535809971,-79.25477136735424,-79.25477136681076,5.434799277281853e-10,under_predicted_negative,under_predicted_negative,False,False,False,False,False,False,False,False,False,False,False,False,False,False,False,False,0.0032969939140636,12.86363326135738,393.5819844357976,202.0,True,Q4_high_g98,1.18303579421801,1.0,1.7558363651914986e-09
UGC 08837,DWARF,T2,MEDIUM,5.0,357.9872864191242,0.038366194369092,2.624402287724058,0.5310777589406076,0.5033493120356388,1.1527920796214053,0.7227129605697424,0.21936364853410362,-0.43007911905166285,13.335722795307396,21.32101711085813,15.983112761028815,14.490722156803036,17.609063334543144,3.118341177740108,over_predicted_positive,over_predicted_positive,False,False,False,False,False,False,False,False,False,False,False,False,False,False,True,True,0.7933632370609981,2.63,284.0139523809524,48.0,False,Q1_low_g98,1.194345847600514,1.1821165865151604,4.26549254237338
UGC 09037,SPIRAL,T2,MEDIUM,5.0,7024.82957680365,0.7528646607797455,1.0807959859392853,0.9999996484636576,9.1357686263712,12.189210678499764,9.136599764158392,0.0008311377871912384,-3.052610914341372,34.70021923103481,73.47318093050407,34.70021923103481,6.023602086377804,6.431524227592371,0.4079221412145672,over_predicted_positive,over_predicted_positive,False,False,False,False,False,False,True,True,False,False,False,False,False,False,True,True,0.0763624922729505,14.656200973680392,536.4334942775394,160.0,False,Q3,1.0404970446127038,1.0,1.4040317062475367
UGC 09133,BULGE-DOM,T3,MEDIUM-HIGH,9.3,114469.35728519736,22.818301169296,-0.3989422800148098,1.0,10.418061036863625,9.673471567753651,10.418061035701369,-1.1622560691648687e-09,0.7445894679477174,33.56729847726717,63.533337221397744,33.56729847726716,-115.43144993583152,-115.43144992361802,1.2213490663270932e-08,under_predicted_negative,under_predicted_negative,False,False,False,False,False,False,True,True,False,False,True,True,False,False,False,False,0.0011301124698542,29.8722658281417,129.36324808420275,289.0,True,Q4_high_g98,1.968857059557012,1.0,1.4533910075442693e-08
UGC 11455,GIANT,T3,MEDIUM,10.3,10456.117287540985,2.3084410353168465,-0.0866173374954376,1.0,2.7613005961678514,14.824769055924094,2.7613005961678527,1.3322676295501878e-15,-12.06346845975624,31.935358488063148,87.6993046033246,31.935358488063155,-47.01296843097737,-47.01296843097736,7.105427357601002e-15,under_predicted_negative,under_predicted_negative,False,False,False,False,False,False,False,False,False,False,False,False,False,False,True,True,0.1017910685229114,35.24513568961006,1064.3393512997852,291.0,False,Q3,1.0,1.0,8.526512829121202e-14
UGC 11557,SPIRAL,T2,MEDIUM,7.8,2223.4532904911184,0.3717352352602289,1.7673014126607565,0.9993494936041986,7.962175365047602,6.967106143904093,7.962175365047602,0.0,0.9950692211435088,56.36899242890114,57.010262204682675,56.36899242890114,63.49821391233472,63.49821391233472,0.0,over_predicted_positive,over_predicted_positive,False,False,False,False,False,False,True,True,False,False,False,False,False,False,False,False,0.3138474058944744,5.454875728983585,697.8250473484848,85.0,False,Q2,1.0,1.0,2.8421709430404014e-14
UGC 11820,SPIRAL,T2,MEDIUM-HIGH,6.0,599.1023862890086,0.0770483627927734,2.5096858089428853,0.7814791227667333,0.2212262898919897,0.35746373086129296,0.0913406930320825,-0.1298855968599072,-0.26612303782921043,4.689277589380982,8.82019396113359,4.686269943495644,-9.804824830832532,4.877089279566367,14.6819141103989,under_predicted_negative,over_predicted_positive,True,True,False,False,False,False,False,False,False,False,False,False,False,False,True,True,0.1625606512545164,1.01,97.39047408343868,84.45,False,Q1_low_g98,1.9810985693038656,1.3955702342696217,19.171848388432323
UGC 11914,BULGE-DOM,T3,HIGH,10.5,134011.73487521562,30.16082685707044,-0.3989422804011824,1.0,3.0967951430439618,2.755484674960695,3.096795143043962,4.440892098500626e-16,0.34131046808326726,31.86902884808751,41.83213870631812,31.86902884808751,-72.85480040872874,-72.85480040872874,0.0,under_predicted_negative,under_predicted_negative,False,False,False,False,False,False,False,False,False,False,False,False,False,False,False,False,0.0504444828016887,9.83,6760.152655137335,305.0,False,Q4_high_g98,1.0,1.0,8.526512829121202e-14
UGC 12506,GIANT,T2,MEDIUM-HIGH,6.0,2963.70907456446,0.3811517650659485,1.746998655141231,0.9994598341176034,1.6205899594943405,1.0282411664997948,1.4683992887332595,-0.15219067076108095,0.44015812223346473,28.04030380634416,16.698878688110142,25.92188060413085,-41.893429450485385,-36.04025392765861,5.853175522826774,under_predicted_negative,under_predicted_negative,False,False,False,False,False,False,False,False,False,False,False,False,False,False,False,False,0.1375222719054498,20.236529470397244,407.5760052010402,255.0,False,Q3,1.1653847710424898,1.0,7.136841355581311
UGC 12632,DWARF,T2,HIGH,7.0,292.02967628791606,0.0438163444509669,2.607969427532684,0.5789063283491821,0.1247254442481935,0.39605900712666975,0.0276843442150689,-0.0970411000331246,-0.36837466291160087,5.519753909439913,8.192463491450553,2.8400122640449865,-8.127365039730673,0.3983220047486895,8.525687044479362,under_predicted_negative,over_predicted_positive,True,True,False,False,False,False,False,False,False,False,False,False,False,False,True,True,0.5464378854475559,2.14,159.57607879924953,73.2,False,Q1_low_g98,1.4530263922051008,1.3460015449622065,8.656577255132433
UGC 12732,SPIRAL,T2,HIGH,7.0,450.72003125,0.067626360413898,2.5372204216165377,0.7368130989301999,0.7375488396118194,0.23068131274272427,0.4168207425333597,-0.3207280970784597,0.18613942979063544,12.119228506030591,7.67912697137389,8.565379853428745,-10.133025197486054,7.447802586720729,17.580827784206782,under_predicted_negative,over_predicted_positive,True,True,True,False,False,False,False,False,False,False,False,False,False,False,False,False,0.3460599740924345,1.92,155.97616233766234,98.0,False,Q1_low_g98,1.5907993014151312,1.4966998978942507,18.34638126097947
UGCA 444,DWARF,T2,HIGH,5.1,201.1672531185032,0.0219906758456802,2.6743187109075555,0.3521386309824597,0.0535703611897199,0.07230191397924189,0.0189498265310982,-0.03462053465862171,-0.053352087448143695,3.9507463515244265,5.216440369573782,2.1066644423747167,-7.3144274373732,-2.406397174646294,4.908030262726906,under_predicted_negative,under_predicted_negative,False,False,False,False,False,False,False,False,False,False,False,False,False,False,True,True,0.4141451526337636,1.11,83.3124427480916,38.3,False,Q1_low_g98,1.504206856999311,1.3136300465920825,5.160268259653304
