galaxy,tail_N,R_min_tail_kpc,R_max_tail_kpc,baseline_outer_mean_residual_kms,corrected_outer_mean_residual_kms,signed_shift_corrected_minus_baseline_kms,abs_baseline_outer_mean_residual_kms,abs_corrected_outer_mean_residual_kms,abs_change_kms,baseline_sign,corrected_sign,sign_flip,under_to_over_flip,over_to_under_flip,tail_baseline_chi2_mean,tail_corrected_chi2_mean,tail_chi2_mean_delta,tail_baseline_median_residual_kms,tail_corrected_median_residual_kms,tail_mean_velocity_boost_kms,tail_max_velocity_boost_kms,tail_mean_eta_wear_activated,tail_mean_phi,N_points,t50_gyr,g98_kms2_per_kpc,psi,wear_activation_W,beta_net,positive_decay_term_P,baseline_chi2nu,BTFR_safe_chi2nu_previous,wear_activated_chi2nu,delta_wear_activated_minus_baseline,delta_wear_activated_minus_previous_BTFR_eta,worsened_gt0p5_vs_baseline,improved_gt0p5_vs_baseline,baseline_cat_gt5,wear_activated_cat_gt5,new_cat_gt5,rescued_from_gt5,baseline_cat_gt10,wear_activated_cat_gt10,new_cat_gt10,rescued_from_gt10,baseline_median_abs_resid_kms,wear_activated_median_abs_resid_kms,baseline_mean_resid_kms,wear_activated_mean_resid_kms,eta_BTFR_safe_last,eta_wear_activated_last,eta_wear_activated_median,max_velocity_delta_wear_activated_kms,g98_quartile,tier,age_confidence,morphology_bin,rho,r_knee_kpc,vmax_obs_kms,g_outer,chimera_flag
DDO 161,5,11.46,13.37,-5.500860604988266,13.658216756651589,19.159077361639856,5.500860604988266,13.658216756651589,8.157356151663322,under_predicted_negative,over_predicted_positive,True,True,False,0.0989722726165416,0.4950206281200072,0.3960483555034655,-5.33472222699875,14.204739966137597,19.159077361639856,19.941542816277423,1.8900543368740976,0.9580510140461184,31,5.0,478.9560010286744,0.0513306470001151,0.6369542280303826,2.585459263232304,2.9844015436337368,0.2771741891618467,0.6204181614842197,0.387509658405896,0.1103354692440493,-0.2329085030783236,False,False,False,False,False,False,False,False,False,False,9.460454727640888,12.582836237391277,1.2579315760634586,8.445302645323139,2.6159844047956424,2.0293080990657457,1.377531058494816,19.941542816277423,Q1_low_g98,T2,MEDIUM-LOW,DWARF,0.1496155218909219,2.02,67.5,71.65925205684367,False
UGC 06983,5,12.19,15.68,-5.070431838758961,11.26586489310196,16.33629673186092,5.070431838758961,11.26586489310196,6.195433054342998,under_predicted_negative,over_predicted_positive,True,True,False,0.0669253980455273,0.2946678325235501,0.2277424344780227,-4.8781785511454245,12.332302081197568,16.336296731860916,21.024458500445192,1.431580039300179,0.9273756251884068,17,5.1,1782.6967685823756,0.194876184673771,0.9786499607274928,2.1863891203011607,2.5853314007025934,0.5044649241635316,0.465130820364073,0.4622685985209583,-0.0421963256425732,-0.0028622218431146,False,False,False,False,False,False,False,False,False,False,8.692156419247638,11.568406145975333,-7.8885115962219645,-1.6679094921290225,1.5873993577423209,1.5748583583858768,1.12268628799826,21.024458500445206,Q2,T2,HIGH,SPIRAL,0.1147084139497542,2.479244803767818,113.0,204.49031887755103,False
UGC 12732,5,11.5,15.4,-10.133025197486054,7.447802586720729,17.580827784206782,10.133025197486054,7.447802586720729,-2.685222610765325,under_predicted_negative,over_predicted_positive,True,True,False,0.2714041251202997,0.1637510723656305,-0.1076530527546691,-9.023573726639242,8.408559083152625,17.580827784206786,18.34638126097947,1.6010778855378085,0.8741768118998692,16,7.0,450.72003125,0.067626360413898,0.7368130989301999,2.5372204216165377,2.9361627020179704,0.7375488396118194,0.4390179240042781,0.4168207425333597,-0.3207280970784596,-0.0221971814709183,False,False,False,False,False,False,False,False,False,False,12.119228506030591,8.565379853428745,-13.992330643722353,-4.982875977618232,1.8018306165741755,1.5907993014151312,1.4966998978942507,18.34638126097947,Q1_low_g98,T2,HIGH,SPIRAL,0.3460599740924345,1.92,98.0,155.97616233766234,False
NGC 2366,5,5.11,6.06,-2.8783595611139488,7.146319366824335,10.024678927938282,2.8783595611139488,7.146319366824335,4.267959805710386,under_predicted_negative,over_predicted_positive,True,True,False,0.0306077001348987,0.1401746744150956,0.1095669742801969,-2.2515086068683203,8.657374633569304,10.024678927938284,10.968453840567996,1.6990991684746977,0.5922447903267669,26,11.0,494.5677654543408,0.1166083384060905,0.8999170903368134,2.396866823824132,2.7958091042255644,0.3073193973992902,0.3642281040182344,0.3513262629911591,0.0440068655918688,-0.0129018410270753,False,False,False,False,False,False,False,False,False,False,10.025073547766254,10.203088497374626,1.1641529861593272,5.682944758157732,1.879851379783541,1.791793293623635,1.3509650689242076,10.968453840567989,Q1_low_g98,T3,HIGH,DWARF,0.2883303448985406,1.07,53.7,142.59889438943895,False
UGC 05005,5,10.17,28.61,-14.0336096420065,5.074684292723271,19.10829393472977,14.0336096420065,5.074684292723271,-8.958925349283229,under_predicted_negative,over_predicted_positive,True,True,False,0.5391923643410133,0.0720031428267416,-0.4671892215142716,-15.521602068625327,6.412411421781286,19.108293934729765,24.59576601872793,1.712356365075911,0.714210349219519,11,6.0,434.24644029044737,0.05584684360918,0.6679177191693848,2.5720115083101747,2.970953788711608,0.6763903535823386,0.8892225385791033,0.6516246988212738,-0.0247656547610647,-0.2375978397578294,False,False,False,False,False,False,False,False,False,False,18.35346970213621,15.485696845897614,4.088456639325517,15.015679466885349,2.534035183976924,2.0246092812074545,1.2562583390576183,24.59576601872793,Q1_low_g98,T2,HIGH,SPIRAL,0.17621294985461,3.91,100.0,76.51984620761972,False
UGC 11820,5,5.26,15.82,-9.804824830832532,4.877089279566367,14.6819141103989,9.804824830832532,4.877089279566367,-4.927735551266166,under_predicted_negative,over_predicted_positive,True,True,False,0.3991592554249495,0.1292966016363718,-0.2698626537885777,-5.984461714202396,6.789287565221152,14.6819141103989,19.171848388432323,1.6819422030541389,0.7542717037993787,10,6.0,599.1023862890086,0.0770483627927734,0.7814791227667333,2.5096858089428853,2.908628089344318,0.2212262898919897,0.1499509673062072,0.0913406930320825,-0.1298855968599072,-0.0586102742741246,False,False,False,False,False,False,False,False,False,False,4.689277589380982,4.686269943495644,-3.859934822263326,3.798160635618031,2.255437977447694,1.9810985693038656,1.3955702342696217,19.171848388432323,Q1_low_g98,T2,MEDIUM-HIGH,SPIRAL,0.1625606512545164,1.01,84.45,97.39047408343868,False
UGC 01230,5,13.27,36.54,-16.803216366987833,4.672199040323216,21.475415407311047,16.803216366987833,4.672199040323216,-12.131017326664615,under_predicted_negative,over_predicted_positive,True,True,False,0.5517437836214525,0.4756404200063978,-0.0761033636150547,-17.55511942588896,11.10809934232752,21.47541540731105,36.67686768276796,1.7760722341327368,0.596216289569939,11,6.0,704.8977383524278,0.0906543153880603,0.8329470515555314,2.470379161607161,2.869321442008593,0.487258672958203,0.5042444501514853,0.4106086259549448,-0.0766500470032582,-0.0936358241965405,False,False,False,False,False,False,False,False,False,False,15.684638241449775,12.863487335599956,-10.173756493093784,0.376576473237882,2.653684280947515,2.377431446018962,1.1511669639429407,36.67686768276795,Q2,T2,HIGH,SPIRAL,0.0987069812742026,2.35,113.0,69.5783278598796,False
UGC 00128,5,43.8,53.75,-40.95239938663663,4.541538057075991,45.49393744371262,40.95239938663663,4.541538057075991,-36.41086132956064,under_predicted_negative,over_predicted_positive,True,True,False,4.217545563844358,0.1400655833662631,-4.077479980478096,-39.49596868500248,7.37350023603193,45.49393744371263,48.5158636538482,2.627347591101835,0.8583333552488991,22,6.0,675.0228271999998,0.0868122125262571,0.819784944711144,2.4814245949890443,2.880366875390477,2.7291949519293897,0.6531133634325201,0.6166891494624384,-2.112505802466951,-0.0364242139700817,False,True,False,False,False,False,False,False,False,False,31.775643801679017,11.368137889937929,-30.002409650414403,-7.031776283118066,3.141592653589793,2.7556454151169008,1.692397135619268,48.5158636538482,Q2,T2,HIGH,SPIRAL,0.061624469639667,1.25,134.0,41.59792372093023,False
UGC 04499,5,4.55,8.18,-1.661035938182991,3.8230915117240927,5.484127449907083,1.661035938182991,3.8230915117240927,2.162055573541102,under_predicted_negative,over_predicted_positive,True,True,False,0.0853666304358373,0.1004326166257973,0.0150659861899599,-2.3475484929087003,2.7227270098987333,5.484127449907083,8.704394716582186,1.2486090198786572,0.5676655293817919,9,5.4,942.117010989011,0.1090459951845642,0.8838045588345738,2.4180898385694545,2.817032118970887,0.3798333642750158,0.4098344928754226,0.4003250721309156,0.0204917078558998,-0.0095094207445069,False,False,False,False,False,False,False,False,False,False,8.446971717847958,11.393193897494044,6.644743335574284,9.837829206055698,1.4179508142157513,1.369386834972503,1.1073668685435394,8.704394716582186,Q2,T2,HIGH,DWARF,0.2775530318554121,0.91,74.3,261.4874327628362,False
UGC 07524,5,9.3,10.69,-3.329593716048265,3.544051507405212,6.873645223453477,3.329593716048265,3.544051507405212,0.2144577913569465,under_predicted_negative,over_predicted_positive,True,True,False,0.0910083628588165,0.1234074607295542,0.0323990978707377,-2.323263036998398,4.974409486804618,6.873645223453477,7.961978920818055,1.2810999732642223,0.5298141642671106,31,4.7,551.2594260869562,0.0555347730657327,0.6658657702718438,2.5729388001562845,2.971881080557717,0.1141563511036339,0.1479610444330305,0.1032692053149437,-0.0108871457886902,-0.0446918391180867,False,False,False,False,False,False,False,False,False,False,3.2803661816687395,4.666375560180043,-3.3090682702598424,1.5311062997240608,1.4496375667140131,1.299398264703184,1.2440421253321532,8.03782307032904,Q1_low_g98,T2,HIGH,SPIRAL,0.4518636686349868,0.35,83.8,249.09410664172125,False
NGC 4183,5,16.95,21.02,-12.278503988151208,3.48434414392367,15.762848132074875,12.278503988151208,3.48434414392367,-8.794159844227538,under_predicted_negative,over_predicted_positive,True,True,False,0.5117760769078213,0.2758597979140667,-0.2359162789937546,-9.022134416616908,8.01000682719561,15.762848132074874,17.032141243812518,1.528757884025293,0.6063353064431183,23,5.2,1601.2648643678156,0.1784750995565791,0.9704879686419836,2.2291409908597744,2.628083271261207,0.3337979619812487,0.3812935780198341,0.3752886683821131,0.0414907064008643,-0.0060049096377209,False,False,False,False,False,False,False,False,False,False,9.72953432880989,12.796764148442335,4.769112572646139,9.91134383785342,1.6944458509753422,1.6739513432449136,1.0,17.032141243812532,Q2,T2,MEDIUM,SPIRAL,0.1110159303523418,1.2897355232650238,115.0,177.76590865842056,False
IC 2574,5,9.1,10.23,-7.620739909915055,2.5278433065577888,10.148583216472844,7.620739909915055,2.5278433065577888,-5.092896603357266,under_predicted_negative,over_predicted_positive,True,True,False,0.1515161803414625,0.0297863201589731,-0.1217298601824894,-7.059248683731106,3.3126801251709,10.148583216472844,11.495911954378954,1.531612379619156,0.635690785958561,34,11.7,160.8603319948022,0.0403409329176316,0.5490045815307454,2.618437863687131,3.0173801440885635,0.0891548941693479,0.3866034675327854,0.1712655511055098,0.0821106569361618,-0.2153379164272755,False,False,False,False,False,False,False,False,False,False,5.3521767998448375,6.610615239580788,-0.2146314206799864,6.669816093487965,1.976420474919506,1.536059314231235,1.480875849642595,11.495911954378954,Q1_low_g98,T3,HIGH,DWARF,0.7977448016798049,6.54,67.5,128.3254936461388,False
F579-V1,5,8.21,15.16,-0.588865107361704,1.8540633041845669,2.4429284115462706,0.588865107361704,1.8540633041845669,1.2651981968228627,under_predicted_negative,over_predicted_positive,True,True,False,0.0564126341606906,0.0211680462135072,-0.0352445879471834,0.6481473790953203,1.452311518002361,2.4429284115462764,7.738797843445141,1.075179967926628,0.5520963355253689,14,7.5,1116.427555856466,0.1794745717178268,0.9710644994740898,2.2265156070102936,2.6254578874117263,0.1394246957725776,0.1260865212983636,0.1261542157850941,-0.0132704799874835,6.769448673049627e-05,False,False,False,False,False,False,False,False,False,False,7.503818475956407,6.174621481463326,-1.159599002362249,-0.2682391392539805,1.2631160331821245,1.2555026390656077,1.0,7.738797843445127,Q2,T2,MEDIUM-LOW,SPIRAL,0.3032658103174663,2.11,114.0,338.5743073878628,False
F574-1,5,8.92,12.6,-7.785979549856398,1.2514371410620329,9.03741669091843,7.785979549856398,1.2514371410620329,-6.5345424087943655,under_predicted_negative,over_predicted_positive,True,True,False,0.186575504956448,0.0682291514705994,-0.1183463534858486,-6.654598204230823,3.4551777558052805,9.037416690918429,10.109775960036105,1.2901642735761385,0.6572348620064579,14,5.5,755.3445920567377,0.0890469253721451,0.827561711287723,2.4749949889690788,2.8739372693705114,0.2242570758147717,0.1299681526909742,0.1282769409984563,-0.0959801348163153,-0.0016912116925179,False,False,False,False,False,False,False,False,False,False,8.938343769113516,5.86149926324989,-4.588997272068373,0.1981163943410792,1.39412905767066,1.326166117434149,1.18459856556647,10.109775960036105,Q2,T2,MEDIUM,SPIRAL,0.3593688815992636,1.41,99.7,271.4473412698413,False
UGC 00731,5,7.28,10.91,-4.362223483860872,0.7600603618742354,5.122283845735107,4.362223483860872,0.7600603618742354,-3.602163121986636,under_predicted_negative,over_predicted_positive,True,True,False,0.0691857870084367,0.0275096833010151,-0.0416761037074215,-3.98298137889266,0.7923382452561754,5.122283845735107,5.64883811510758,1.1877893076382928,0.9302955047744168,12,3.7,162.32935429828697,0.0128738931475042,0.2244016359883269,2.7024650707129863,3.101407351114419,0.6902562381438341,0.3960315164584715,0.4750213261850468,-0.2152349119587872,0.0789898097265752,False,False,False,False,False,False,False,False,False,False,16.424043512229332,13.08398186643228,-13.996019475796516,-9.852422722268193,1.9484072529062548,1.2128241391353585,1.2495552064957902,5.64883811510758,Q1_low_g98,T1,MEDIUM,DWARF,0.8146022598062972,8.19,74.0,132.23385884509622,False
UGC 12632,5,7.82,10.66,-8.127365039730673,0.3983220047486895,8.525687044479362,8.127365039730673,0.3983220047486895,-7.729043034981983,under_predicted_negative,over_predicted_positive,True,True,False,0.1907578405260122,0.0255925106094461,-0.165165329916566,-9.504099263015632,-0.8911093770890375,8.525687044479364,8.656577255132433,1.4089229626494917,0.597934185099645,15,7.0,292.02967628791606,0.0438163444509669,0.5789063283491821,2.607969427532684,3.0069117079341168,0.1247254442481935,0.0903682499555715,0.0276843442150689,-0.0970411000331245,-0.0626839057405025,False,False,False,False,False,False,False,False,False,False,5.519753909439913,2.8400122640449865,-5.550161409227025,0.8034730567346976,1.7825556053203937,1.4530263922051008,1.3460015449622065,8.656577255132433,Q1_low_g98,T2,HIGH,DWARF,0.5464378854475559,2.14,73.2,159.57607879924953,False
