mass_bin,dn4000_slice,R_mpc,DeltaSigma_Msun_per_pc2,DeltaSigma_err_Msun_per_pc2,DeltaSigma_x_Msun_per_pc2,denom_sum_w2_approx,num_sum_w1_et,N_lenses_used
9.5-9.8,1,0.06057638293142942,-11.318382719508108,71.65907865749355,71.32489094616402,0.0001720128818619715,-0.0019469076295993279,108
9.5-9.8,1,0.08891397050194613,85.7055418048949,51.07447763170694,13.866742634373907,0.00035284032565541246,0.030240371280912684,108
9.5-9.8,1,0.13050786078412682,-34.94995112649392,33.85550299893217,-11.915103194125484,0.0007801230967859341,-0.02726526410531748,108
9.5-9.8,1,0.19155934247786435,-11.580249249282394,23.021974508150777,11.694208880844064,0.00166988827962955,-0.019337722496565565,108
9.5-9.8,1,0.2811706625951745,-11.599435808828943,16.28178514753301,-17.215181720271623,0.0034227037140917016,-0.039701432024247106,108
9.5-9.8,1,0.4127020926340091,-1.909871369882647,10.913156842920902,15.527327947937934,0.007556089246115505,-0.014431158519434157,108
9.5-9.8,1,0.6057638293142941,-1.1622736483613219,7.371719914709712,6.32851938556393,0.0165775359089535,-0.019267633141740206,108
9.5-9.8,1,0.8891397050194609,6.394822047685194,5.023892857446145,-0.7707033193193448,0.035273026989526945,0.22556473068122182,108
9.5-9.8,1,1.3050786078412682,1.7461661232803511,3.404726918863563,-1.904733447182255,0.07734333937666449,0.13505431908090676,108
9.5-9.8,1,1.9155934247786433,1.3591333827203722,2.348840655061129,2.0600638798331627,0.16284668861625917,0.22133037076382744,108
9.5-9.8,1,2.8117066259517443,0.8745893471810322,1.601744589401083,-2.9794514154761567,0.3484020263314207,0.304708700765746,108
9.5-9.8,1,4.127020926340092,-1.7444881238662655,1.1230699925152012,-1.61578757794852,0.7138906588470846,-1.2453737760978028,108
9.5-9.8,2,0.06057638293142942,-105.09321856820968,75.04742847684095,-15.071404972783284,0.00015948221765382797,-0.016760499557636532,107
9.5-9.8,2,0.08891397050194613,44.27869247032308,53.10461312112276,-20.383320723743093,0.00032007487445068206,0.01417249693327902,107
9.5-9.8,2,0.13050786078412682,11.687245644678546,34.70025516945141,15.652256041492723,0.0007515720793914715,0.008783807511529974,107
9.5-9.8,2,0.19155934247786435,2.811266745822914,23.480891449314527,7.99982002281196,0.0016301720030127143,0.0045828483420411745,107
9.5-9.8,2,0.2811706625951745,1.1208707783973402,16.21919488643238,-6.503453987915795,0.0034203025302071977,0.003833717159387734,107
9.5-9.8,2,0.4127020926340091,-12.112384137509647,11.086648556323912,7.056169631295729,0.007321188170765769,-0.08867704346730657,107
9.5-9.8,2,0.6057638293142941,5.9185941773617055,7.507463146478464,6.375270564109087,0.016013166305185678,0.09477543285499661,107
9.5-9.8,2,0.8891397050194609,-2.384560312290512,5.146343600927929,2.212902152026537,0.033882307960196756,-0.08079440685069009,107
9.5-9.8,2,1.3050786078412682,4.0057180728072295,3.5511221030066324,2.034522514667964,0.07119198504458968,0.2851750211321349,107
9.5-9.8,2,1.9155934247786433,-2.589710297405209,2.4289747603970886,-5.392698608686872,0.15229630311452258,-0.39440330443242416,107
9.5-9.8,2,2.8117066259517443,-0.5263157086433284,1.6890810810143122,2.066035421428541,0.31525648006747176,-0.16592443771111276,107
9.5-9.8,2,4.127020926340092,1.6780309161168814,1.1593596825518089,-4.254960029064812,0.665247986651238,1.1163066884852877,107
9.5-9.8,3,0.06057638293142942,-40.87722729994552,69.79206984717204,-4.990699713340959,0.00018482158888311062,-0.007554994098711997,107
9.5-9.8,3,0.08891397050194613,-76.3586512467058,47.29281278465897,-58.51280905735147,0.00039506440939274245,-0.030166585456806224,107
9.5-9.8,3,0.13050786078412682,-15.34295098970363,32.93357677786013,-88.39380704605132,0.0008387334144533132,-0.012868645671383966,107
9.5-9.8,3,0.19155934247786435,22.866670147752036,22.525144402889108,-2.721477737588054,0.0017605217639452553,0.04025727046407473,107
9.5-9.8,3,0.2811706625951745,-21.76187337973426,15.86307476082818,4.260385895660477,0.0035923100791868112,-0.07817539708400655,107
9.5-9.8,3,0.4127020926340091,5.974055531770231,10.813677319153577,-13.648290233710647,0.007646635471757174,0.045681424939481415,107
9.5-9.8,3,0.6057638293142941,-6.145287927567767,7.42024871824894,-8.69756981426444,0.01631650848059163,-0.10026964258583683,107
9.5-9.8,3,0.8891397050194609,-1.7237065683833313,5.026287522364013,2.4890799851133325,0.03557584033237626,-0.061322309656673596,107
9.5-9.8,3,1.3050786078412682,-0.742853892195122,3.416005319002234,0.07204867423944677,0.07692561854243474,-0.05714449514376489,107
9.5-9.8,3,1.9155934247786433,2.760766207304795,2.3540086047698026,-4.344482699791183,0.1611739195088422,0.44496351047887456,107
9.5-9.8,3,2.8117066259517443,-4.763519988276843,1.6106879552808107,0.4802319831844127,0.3475301418887877,-1.6554667774159277,107
9.5-9.8,3,4.127020926340092,-0.3343281534571305,1.1025354528066127,0.11108145142310347,0.7392422787292645,-0.2471495060049964,107
9.5-9.8,4,0.06057638293142942,26.253918409055224,79.34668974542039,69.2652451498411,0.0001452389050091707,0.0038130903619312895,107
9.5-9.8,4,0.08891397050194613,69.57400050062006,50.75087442984369,14.938240217937803,0.0003430951703806695,0.023870503555825023,107
9.5-9.8,4,0.13050786078412682,17.568928739762878,35.79772737424675,21.517272915570018,0.0007089652914963607,0.012455760685264779,107
9.5-9.8,4,0.19155934247786435,-10.758874038163434,24.332330421641075,2.5980311537357488,0.0015188369957998549,-0.016340975922313202,107
9.5-9.8,4,0.2811706625951745,2.6903469870074157,16.378094799034205,11.405853777787447,0.003361003027101267,0.009042264367284697,107
9.5-9.8,4,0.4127020926340091,-1.857534583902143,11.097260284233979,-4.742497451542345,0.007259846276525372,-0.013485415532459081,107
9.5-9.8,4,0.6057638293142941,-5.097491046528748,7.656905147700203,4.156192362440431,0.01539829864704112,-0.07849268948506784,107
9.5-9.8,4,0.8891397050194609,8.003887417640868,5.173086508017875,-7.574943283013075,0.03344084498324662,0.2676567583966864,107
9.5-9.8,4,1.3050786078412682,-2.7872299250174852,3.5361544301359107,7.249674954694067,0.07188464094598945,-0.20035902239379902,107
9.5-9.8,4,1.9155934247786433,-4.554356325559956,2.382764001395436,0.9774593286000481,0.1574791161346738,-0.7172160087115426,107
9.5-9.8,4,2.8117066259517443,0.5599889368094264,1.645047139491411,-0.889127298919952,0.3343357188668694,0.1872243037456735,107
9.5-9.8,4,4.127020926340092,0.7085173264510249,1.118546593348088,0.5903205345005488,0.7133119139082851,0.5053938501679618,107
9.5-9.8,5,0.06057638293142942,-2.4639965062628892,71.99864278725772,-168.7915101505131,0.00017376833463544905,-0.0004281645694408671,107
9.5-9.8,5,0.08891397050194613,26.18680205658288,49.7339799594725,12.056114201370514,0.0003674750113926706,0.009622995384080403,107
9.5-9.8,5,0.13050786078412682,-98.72192482740986,32.77910893159664,31.965254070520945,0.0008327513569589273,-0.08221081686162278,107
9.5-9.8,5,0.19155934247786435,-35.843645359966445,22.06303850769566,-35.90129890789363,0.00183617592480817,-0.06581523866733245,107
9.5-9.8,5,0.2811706625951745,24.769775381993753,15.548630029905565,-13.344714048179565,0.0037413277720338423,0.0926718485436934,107
9.5-9.8,5,0.4127020926340091,-3.8362717926682537,10.691680296105641,17.8118083576216,0.007936801099219348,-0.030447726180953576,107
9.5-9.8,5,0.6057638293142941,0.5613352179582114,7.2235383799363015,-4.853643347794357,0.017262863525891348,0.009690253259889077,107
9.5-9.8,5,0.8891397050194609,-6.841169199519718,4.9139840219035955,1.8243922256665106,0.03712234522517921,-0.2539602447684339,107
9.5-9.8,5,1.3050786078412682,2.3381939337694733,3.400675733294406,0.13329909697731163,0.07763056609591423,0.18151531872055682,107
9.5-9.8,5,1.9155934247786433,-2.801747497488066,2.3485092666848875,1.3218035954842982,0.163391117544748,-0.4577806546927762,107
9.5-9.8,5,2.8117066259517443,-1.4746204593883412,1.6106246124793173,2.4270502760029387,0.34718394750701975,-0.5119645521650592,107
9.5-9.8,5,4.127020926340092,2.0837395479403136,1.1092807184922941,1.165673939884997,0.7280858110869026,1.517141198855979,107
9.8-10.1,1,0.06057638293142942,-57.85301326065802,53.13849794412983,5.641289124628443,0.00031811899453532133,-0.01840414240931914,224
9.8-10.1,1,0.08891397050194613,-2.99446845673241,35.313131722234004,-14.505792142678674,0.0007230741659056683,-0.002165222781682621,224
9.8-10.1,1,0.13050786078412682,3.558805849554768,24.231908533111703,-1.5195969588164164,0.0015331685131483308,0.0054562490729454655,224
9.8-10.1,1,0.19155934247786435,-2.17056546966908,16.57240037091135,-5.950108334826376,0.003277055971162013,-0.007113064533177137,224
9.8-10.1,1,0.2811706625951745,13.990845088738846,11.20978715022419,9.525862842856215,0.0071359453240157356,0.09983790559001449,224
9.8-10.1,1,0.4127020926340091,6.210194668338317,7.625514746449746,-11.715769740039782,0.015384367827803724,0.09553991905998221,224
9.8-10.1,1,0.6057638293142941,-7.970547903459905,5.246092755397553,-19.415014661104863,0.0325931875842784,-0.2597855629669456,224
9.8-10.1,1,0.8891397050194609,-2.0551724991652005,3.5728329323286183,-5.9071973032042004,0.0700442500388112,-0.14395301640441582,224
9.8-10.1,1,1.3050786078412682,-0.01402644950459698,2.430942096528262,5.084924324123812,0.15137565146347143,-0.002123262931477854,224
9.8-10.1,1,1.9155934247786433,3.0247839107311227,1.6737859412225777,-0.3304543915603068,0.3191427382715748,0.9653378199505331,224
9.8-10.1,1,2.8117066259517443,-0.038958879532479604,1.1495205810510598,-0.6607241348595095,0.6789812492254814,-0.026452348693388042,224
9.8-10.1,1,4.127020926340092,1.1402870655021227,0.7864747918834778,-0.8837727725372985,1.4493373357156258,1.6526606174658358,224
9.8-10.1,2,0.06057638293142942,83.21471769880704,48.94028830342335,21.34209370025013,0.00036887043165195754,0.03069544883735474,223
9.8-10.1,2,0.08891397050194613,34.36621940140775,34.06243310046382,-20.42077812540486,0.0007734743922109821,0.026581390664093117,223
9.8-10.1,2,0.13050786078412682,23.160084585170193,23.899521985274333,-37.017627320309266,0.0015856992077497578,0.03672492777812175,223
9.8-10.1,2,0.19155934247786435,20.76776945071872,15.923097837283867,9.854908545944465,0.0035373289691514875,0.07346243250268661,223
9.8-10.1,2,0.2811706625951745,24.789733986021716,10.90406260110166,-7.7218071187197115,0.0075300541652645325,0.18666803965724257,223
9.8-10.1,2,0.4127020926340091,-1.3758356921835948,7.4537478097925405,-14.598552849396267,0.016137763177129116,-0.022202910571100364,223
9.8-10.1,2,0.6057638293142941,-3.307816485038097,5.052871135447,-4.6947569566740315,0.03505319051571765,-0.11594952144107191,223
9.8-10.1,2,0.8891397050194609,5.19743627978363,3.4477416339090925,-0.5968605323793819,0.07553960131770632,0.39261226444903813,223
9.8-10.1,2,1.3050786078412682,4.2221278501154975,2.356637452793887,1.1393334167415412,0.16155966911072528,0.6821255784078377,223
9.8-10.1,2,1.9155934247786433,-1.3433455614697267,1.6051279719147018,-1.5335084828348664,0.34647856306952995,-0.46544043984386185,223
9.8-10.1,2,2.8117066259517443,0.8791464856905185,1.1195599587938807,-0.0591547543529127,0.7192834656037377,0.6323555310008229,223
9.8-10.1,2,4.127020926340092,0.8188261818838013,0.7720120073666896,-0.1233469207952769,1.5017864061511688,1.2297020289537572,223
9.8-10.1,3,0.06057638293142942,-53.772000925244576,49.73255086380041,-16.31103064845604,0.00036477348295360645,-0.019614600062886012,223
9.8-10.1,3,0.08891397050194613,54.520730717512016,33.88123338722155,23.40086635712531,0.0007841957844372249,0.04275492719311004,223
9.8-10.1,3,0.13050786078412682,66.38838811717987,22.873299079722255,-6.766535151895774,0.0017112880858424218,0.11360965762321253,223
9.8-10.1,3,0.19155934247786435,9.03956006706032,15.593134622160756,8.142256522331907,0.0036915930011061082,0.03337037667663814,223
9.8-10.1,3,0.2811706625951745,-8.09834293479941,10.564210309109752,4.2681988511665265,0.008004835708271374,-0.0648259047023095,223
9.8-10.1,3,0.4127020926340091,-0.8352820270105897,7.246879186745158,-4.449263952811715,0.017063611463055517,-0.014252927970982147,223
9.8-10.1,3,0.6057638293142941,-7.272704392315782,4.927116799045976,-1.4502869104495184,0.03694758065373438,-0.2687088321058556,223
9.8-10.1,3,0.8891397050194609,2.360458693095567,3.358074486170651,3.2963143354287774,0.07931423833076945,0.18721798335411838,223
9.8-10.1,3,1.3050786078412682,-2.5548726290609802,2.3276361437924424,0.5612206021793996,0.16591167104517268,-0.42388318719508083,223
9.8-10.1,3,1.9155934247786433,-0.06604289623883856,1.5818605992221362,0.8443357994504013,0.3566650922873267,-0.023555195681947697,223
9.8-10.1,3,2.8117066259517443,1.0623749460586438,1.1016195469221213,-0.12115948926276691,0.7411834370306547,0.787414713935002,223
9.8-10.1,3,4.127020926340092,0.6457454064593875,0.7619624159629586,0.9517731746495416,1.5410263865404659,0.9951107103412143,223
9.8-10.1,4,0.06057638293142942,-22.952511179551426,51.770935842834525,-11.448151904687096,0.0003377742178979348,-0.007752766512466588,223
9.8-10.1,4,0.08891397050194613,15.88093734263855,34.91737339400824,-37.772765156965335,0.0007423558190438606,0.011789306248178671,223
9.8-10.1,4,0.13050786078412682,-18.521010948358395,23.293987483040716,-18.99134244949824,0.0016602167774995569,-0.030748893112717588,223
9.8-10.1,4,0.19155934247786435,9.782539086375355,15.749955635411396,23.81443368978716,0.0036206483479328533,0.03541913398167349,223
9.8-10.1,4,0.2811706625951745,7.948144231334323,10.991664574020538,8.750220136708792,0.007459765481971026,0.059291291982634914,223
9.8-10.1,4,0.4127020926340091,15.092392309595523,7.415900400358225,0.04624196005535236,0.01630522932046166,0.246084917602327,223
9.8-10.1,4,0.6057638293142941,-3.5169524452420027,5.037462790224119,4.773435832559693,0.03525710323445219,-0.12399755543255636,223
9.8-10.1,4,0.8891397050194609,-0.38545634565446096,3.4230931052949587,5.029210664831672,0.07648951779427016,-0.02948337000985124,223
9.8-10.1,4,1.3050786078412682,-3.2517759110028215,2.363892663804174,-0.47982975923522825,0.16136971860719096,-0.5247381637321673,223
9.8-10.1,4,1.9155934247786433,-1.8073911728815417,1.6010620106078637,-1.3661037129299343,0.3489970236419708,-0.6307741398924288,223
9.8-10.1,4,2.8117066259517443,0.8358773392420753,1.1110728097912979,-0.33213547580557023,0.729117078149411,0.6094524432794859,223
9.8-10.1,4,4.127020926340092,-0.07372621530799131,0.7658975360308117,0.6196045096532744,1.5279507697300438,-0.11265002742912827,223
9.8-10.1,5,0.06057638293142942,-4.7412760284179685,50.40290637729391,46.419299795672664,0.0003559640946244058,-0.0016877240288202006,224
9.8-10.1,5,0.08891397050194613,25.460770214959002,35.404648432231085,-4.417351190031532,0.0007227977819994069,0.01840298823936893,224
9.8-10.1,5,0.13050786078412682,-5.804172128747989,23.612279192645914,52.649871521376355,0.001616131699143264,-0.009380306564553463,224
9.8-10.1,5,0.19155934247786435,25.708370274711523,15.948387851129704,-22.14187516762523,0.003526855944003149,0.0906697185140002,224
9.8-10.1,5,0.2811706625951745,-15.246034481888275,10.949163422544991,6.90848454592813,0.007479294034832551,-0.11402957475523835,224
9.8-10.1,5,0.4127020926340091,-7.989483335048201,7.465812182321573,-2.0944217683738366,0.01606007977439028,-0.1283117397170358,224
9.8-10.1,5,0.6057638293142941,2.2065415286068304,5.161807689962795,-2.8129636631148753,0.033837269034694195,0.0746633393396947,224
9.8-10.1,5,0.8891397050194609,-4.312484495358033,3.494360856885171,1.2733564579061838,0.07318300995768556,-0.31560059576615157,224
9.8-10.1,5,1.3050786078412682,3.3408361018030788,2.390073071278382,-5.525301148021317,0.1575190238177555,0.5262452414911366,224
9.8-10.1,5,1.9155934247786433,-0.734487761706568,1.6421803835999442,-0.9703242899927143,0.33264083835066316,-0.2443206248123749,224
9.8-10.1,5,2.8117066259517443,-1.3192512212600795,1.128534618594902,-0.38888033612721756,0.7050503946794655,-0.9301385942307859,224
9.8-10.1,5,4.127020926340092,0.9105416748991487,0.7771716230203579,0.005125841210349063,1.484149522718738,1.351379992217092,224
10.1-10.4,1,0.06057638293142942,44.31892782823955,39.754700128297216,-42.03592374990341,0.0005717629781231137,0.025339922162297586,397
10.1-10.4,1,0.08891397050194613,51.3102397982828,27.378842454699875,-15.394458009565842,0.0012084366807327829,0.06200517586944,397
10.1-10.4,1,0.13050786078412682,2.706317789844667,18.62641320325195,14.403338470089668,0.002596112425438668,0.007025905241401453,397
10.1-10.4,1,0.19155934247786435,21.452251613710807,12.409801056253436,2.117918450360261,0.005817357357914915,0.12479541376886268,397
10.1-10.4,1,0.2811706625951745,22.394036449569974,8.543632835611945,15.170950695568605,0.012292611566331768,0.27528119147683905,397
10.1-10.4,1,0.4127020926340091,-0.7946774558638914,5.781773038909935,-6.508894744145798,0.026747778102528375,-0.021255856252529154,397
10.1-10.4,1,0.6057638293142941,0.731125932329175,3.989265411293715,-2.4065579160251565,0.05626185046229071,0.04113449787380692,397
10.1-10.4,1,0.8891397050194609,-2.2287341851757914,2.739814055775644,-1.840115646579798,0.11891634100363069,-0.2650329143708134,397
10.1-10.4,1,1.3050786078412682,4.929621318642994,1.868410082301688,-0.07354905090436505,0.25598436880155684,1.261906001683525,397
10.1-10.4,1,1.9155934247786433,-2.7569799845377942,1.2814006528683004,-2.133631477429024,0.5442709897265645,-1.5005442248407137,397
10.1-10.4,1,2.8117066259517443,-0.5518183419541516,0.8842669689787239,-2.2349609836096214,1.146240278050858,-0.6325164097150902,397
10.1-10.4,1,4.127020926340092,-0.0858458771481552,0.6061730801136008,0.16222389807366297,2.422504778211379,-0.207962047581153,397
10.1-10.4,2,0.06057638293142942,43.00741557265743,40.33011554631978,-42.005035079384804,0.0005571645015573501,0.023962205260809492,397
10.1-10.4,2,0.08891397050194613,4.104677912870486,27.83613938394084,-8.927650999205149,0.0011591784670642036,0.004758054250833504,397
10.1-10.4,2,0.13050786078412682,-38.27170543403052,18.578344900557383,22.454334128632297,0.0026224167737133874,-0.10036436228881944,397
10.1-10.4,2,0.19155934247786435,-17.242740894666717,12.532538665116137,-3.3426300998051346,0.005701929787028659,-0.09831689791731735,397
10.1-10.4,2,0.2811706625951745,5.695950653256414,8.653217666015921,-13.113196544293418,0.011999811828241058,0.0683503360220237,397
10.1-10.4,2,0.4127020926340091,-5.785540576582547,5.855705647053737,1.7946233383875418,0.026069955750990026,-0.15082878682706433,397
10.1-10.4,2,0.6057638293142941,-0.034610443530641674,3.9949400191967084,-1.5704025747142878,0.056106880804440484,-0.0019418840297625306,397
10.1-10.4,2,0.8891397050194609,1.3608020532542713,2.745523702089916,0.2560848376103496,0.11828535848066224,0.1609629586904027,397
10.1-10.4,2,1.3050786078412682,-1.9647291819038781,1.8858783521189797,-0.07650906782253386,0.2522320747808626,-0.495567717934122,397
10.1-10.4,2,1.9155934247786433,-3.116279775917653,1.2739906625500184,1.1056510028864222,0.5492926892900352,-1.7117496986939558,397
10.1-10.4,2,2.8117066259517443,0.09155224638589331,0.8824481119970968,-1.4318952440953627,1.1521578963710892,0.10548264360401849,397
10.1-10.4,2,4.127020926340092,0.9797759562015401,0.6103697601551623,0.17292267439664624,2.39651692897705,2.3480496656416676,397
10.1-10.4,3,0.06057638293142942,14.156342831464649,39.06189708930116,83.005394346669,0.0005846891213552585,0.008277059651732878,397
10.1-10.4,3,0.08891397050194613,-3.674623809087574,26.620471127479743,-41.79554413115455,0.0012714678342807262,-0.00467216597633697,397
10.1-10.4,3,0.13050786078412682,15.003302088551969,18.113004343679066,-2.3305289991713676,0.002755134523808739,0.041336115555301284,397
10.1-10.4,3,0.19155934247786435,1.8867303873967645,12.272008093288731,-4.090761293123857,0.0059584162084053705,0.011241924921155826,397
10.1-10.4,3,0.2811706625951745,18.281515736519726,8.432306912040861,-2.8657239183423884,0.012625615887982888,0.23081539553941263,397
10.1-10.4,3,0.4127020926340091,-13.059976772918672,5.745410570860828,1.4120114829726562,0.027108509109763756,-0.3540364993219689,397
10.1-10.4,3,0.6057638293142941,4.022829776182741,3.9341832079504075,2.772311578931374,0.057975637016913106,0.23322611888480038,397
10.1-10.4,3,0.8891397050194609,-2.59600521174651,2.657691745650779,2.8534504923107726,0.12647613352601028,-0.3283327017950702,397
10.1-10.4,3,1.3050786078412682,1.6961113962714887,1.830276732909923,-0.5207459076315766,0.26791955632175135,0.4544214127613234,397
10.1-10.4,3,1.9155934247786433,-0.9348067816909352,1.2418586358442874,-2.145819718714781,0.5785793044471861,-0.5408598575432538,397
10.1-10.4,3,2.8117066259517443,-1.0151528125401155,0.8559915271868632,0.0035483990900596024,1.2246273544263442,-1.2431839031594643,397
10.1-10.4,3,4.127020926340092,0.694636360648213,0.5926026304338429,-0.257518735374742,2.5538065987848224,1.7739669215792802,397
10.1-10.4,4,0.06057638293142942,-6.086882031661925,40.1368587776883,-2.308412348036693,0.0005554822883468424,-0.0033811551598448434,397
10.1-10.4,4,0.08891397050194613,-21.78954123614331,27.362632099173744,20.25932036527369,0.0012086289189239818,-0.026335469668089414,397
10.1-10.4,4,0.13050786078412682,6.968849873594768,18.152675022150568,-6.195963201277889,0.002708803691123446,0.018877246260478667,397
10.1-10.4,4,0.19155934247786435,13.769841040499053,12.484323859006714,26.062320436721542,0.0057931150970895184,0.0797702740162379,397
10.1-10.4,4,0.2811706625951745,-6.286388525355659,8.452616092147503,-4.905126912482294,0.0125498903563796,-0.07889348673081636,397
10.1-10.4,4,0.4127020926340091,-6.137499021436598,5.760825405554724,-10.271085011244736,0.027045506241086814,-0.16599176808892774,397
10.1-10.4,4,0.6057638293142941,-1.8431441890558373,3.9064955851458687,-5.2170328724612025,0.05874910631279695,-0.1082830739126553,397
10.1-10.4,4,0.8891397050194609,1.4436522242084153,2.6739605574644387,1.563257653402984,0.1252133436107732,0.1807645220042653,397
10.1-10.4,4,1.3050786078412682,-0.8432109132228521,1.8272235214457428,-0.7667823239305451,0.26871299429157824,-0.22658172931144874,397
10.1-10.4,4,1.9155934247786433,1.647647644775789,1.245750608934155,-2.6747511135721416,0.5765308649456742,0.9499197217682886,397
10.1-10.4,4,2.8117066259517443,1.3612485457514094,0.8575885646812871,-0.8748808005415388,1.2246725966588743,1.667083791223495,397
10.1-10.4,4,4.127020926340092,-0.29421047631299635,0.58515268017213,-0.6785604628148233,2.610362430412671,-0.7679959740012627,397
10.1-10.4,5,0.06057638293142942,92.76309231025145,40.19451029713356,-17.276802844431455,0.000554072880829426,0.05139751379098699,397
10.1-10.4,5,0.08891397050194613,-30.558327501966577,26.144063265909505,8.822273868429432,0.0013209629636761755,-0.04036641886198495,397
10.1-10.4,5,0.13050786078412682,28.58146552265967,17.796569288268806,8.603116625564418,0.002821708764099845,0.08064857175610635,397
10.1-10.4,5,0.19155934247786435,6.614052238456478,12.265009655438293,9.657995241769044,0.006003785762010161,0.039709352658436434,397
10.1-10.4,5,0.2811706625951745,-1.0483666860612015,8.377797866405704,1.2693837032513697,0.012770644464398406,-0.013388318216007184,397
10.1-10.4,5,0.4127020926340091,3.1040403014138582,5.649379447372552,-6.894738854122558,0.028208054899719892,0.08755893923322519,397
10.1-10.4,5,0.6057638293142941,-4.436549931146281,3.8565594491520043,0.6052707723772345,0.06011556153120673,-0.26670569037209524,397
10.1-10.4,5,0.8891397050194609,-6.130948326666184,2.6207359239901438,1.8242227564412454,0.1302864963373938,-0.7987797767069444,397
10.1-10.4,5,1.3050786078412682,-0.020470966381104558,1.8051656005217331,2.327796459132189,0.2756866001432916,-0.005643571123254337,397
10.1-10.4,5,1.9155934247786433,1.6527793191655658,1.2406648781146734,1.2541282276071173,0.5832058714779986,0.963910603194767,397
10.1-10.4,5,2.8117066259517443,-1.1842019270778434,0.8481912580725781,0.8387136915927856,1.2467811831778208,-1.4764406797635692,397
10.1-10.4,5,4.127020926340092,0.25553905154700446,0.5829846919894165,-1.3745627550278432,2.6371366602069237,0.6738914009491123,397
10.4-10.7,1,0.06057638293142942,56.91066886979756,36.525339167020086,-37.14916113701355,0.0006657047766829294,0.03788570411084473,522
10.4-10.7,1,0.08891397050194613,30.24305215750369,23.90331517524218,-27.02174868706496,0.001574202138680758,0.04760867738657602,522
10.4-10.7,1,0.13050786078412682,10.40612541740567,16.60239408464965,-8.84851921573501,0.003261797285939061,0.03394267164363529,522
10.4-10.7,1,0.19155934247786435,-8.52923193595113,11.030535707816979,-20.837438702439087,0.007345706755298331,-0.06265323664942248,522
10.4-10.7,1,0.2811706625951745,17.10201879539935,7.600447990183386,8.174324253731225,0.01544181898530217,0.26408627852179223,522
10.4-10.7,1,0.4127020926340091,0.7930591400943682,5.199174848195077,0.020048777282282687,0.032860636666089516,0.026060428257362416,522
10.4-10.7,1,0.6057638293142941,-2.1784618205204005,3.591232634429881,-2.5456628095031775,0.0694331450069402,-0.1512574554762759,522
10.4-10.7,1,0.8891397050194609,6.183389903317204,2.4531180219106896,-0.337598733011569,0.14805650347605415,0.9154910887142818,522
10.4-10.7,1,1.3050786078412682,3.8611368465941744,1.6872250067500987,-0.9699675988920019,0.3135557689531847,1.2106817329673112,522
10.4-10.7,1,1.9155934247786433,0.6555080703397315,1.1501524761038524,-2.968840383256719,0.6740758207879205,0.4418621405473604,522
10.4-10.7,1,2.8117066259517443,-0.6130323840847728,0.7863413184964897,-0.352530253326511,1.441718404132077,-0.8838200704639811,522
10.4-10.7,1,4.127020926340092,0.1296796090948811,0.5385534125548035,0.6784210999732219,3.0721621835632327,0.39839679104055636,522
10.4-10.7,2,0.06057638293142942,-24.207348527566428,36.41500952058574,-25.472870451561395,0.000677619543039909,-0.016403372447457376,521
10.4-10.7,2,0.08891397050194613,8.409790717435623,24.273499193851812,-48.53247056036257,0.001527475905180986,0.012845752688497632,521
10.4-10.7,2,0.13050786078412682,5.154181045050442,16.741642281084705,17.51341398081015,0.003201123203606826,0.01649916853890145,521
10.4-10.7,2,0.19155934247786435,21.41641109905942,11.253813211602953,-1.2855674386259464,0.00706863171785882,0.15138472277751508,521
10.4-10.7,2,0.2811706625951745,9.652184944495671,7.67870646753937,-1.2673698237686981,0.015134958883193272,0.14608542226791912,521
10.4-10.7,2,0.4127020926340091,-5.448909734219982,5.255199066867861,-2.409491128922929,0.03223674554097089,-0.1756551165777689,521
10.4-10.7,2,0.6057638293142941,-0.43609554974179165,3.58051419473931,-0.12725115975979065,0.06985211970299521,-0.030462198542507132,521
10.4-10.7,2,0.8891397050194609,-1.1973688014345412,2.4368292545271886,-3.106480794498662,0.1500468243252135,-0.17966138620134003,521
10.4-10.7,2,1.3050786078412682,1.701327451178885,1.6688673323910859,-2.617395357555256,0.32072000816490864,0.5456497540332752,521
10.4-10.7,2,1.9155934247786433,-0.6184484833226772,1.134941124345083,-1.972086303202682,0.6902622380349555,-0.426891634207635,521
10.4-10.7,2,2.8117066259517443,0.8369988499767578,0.7758520259812178,-0.14123264556280987,1.484545409746537,1.242562800696126,521
10.4-10.7,2,4.127020926340092,-0.02576140127082565,0.533818636334376,0.8608237786914645,3.1282780188657036,-0.08058882533070288,521
10.4-10.7,3,0.06057638293142942,6.155893536092125,37.02470917502024,31.50446200016728,0.0006526424387509611,0.004017597370086442,522
10.4-10.7,3,0.08891397050194613,17.5505434367469,24.86044045785104,7.413156223389104,0.0014615833750121765,0.025651582509578337,522
10.4-10.7,3,0.13050786078412682,39.08921019459308,16.65187667929746,7.944315570904709,0.0032456966763660944,0.12687171961036642,522
10.4-10.7,3,0.19155934247786435,-15.729124092773032,11.365150558678877,22.665210826577752,0.006916495442512605,-0.10879041510237988,522
10.4-10.7,3,0.2811706625951745,8.042176334303894,7.675811312342138,-4.347115136992154,0.015139055014152969,0.12175094995854571,522
10.4-10.7,3,0.4127020926340091,5.439777074095873,5.26705242752361,4.768260144941033,0.032239686984622984,0.1753767101349792,522
10.4-10.7,3,0.6057638293142941,0.8914805549635164,3.567725094281561,5.4836714527593236,0.07023901749855066,0.06261671829970009,522
10.4-10.7,3,0.8891397050194609,4.576146311065173,2.429385061671741,-2.8289223596317408,0.15125578894979524,0.692168620629858,522
10.4-10.7,3,1.3050786078412682,1.5124230270768453,1.6510118833936487,-4.287725813605117,0.3273866727488437,0.4951471426234227,522
10.4-10.7,3,1.9155934247786433,-1.0894956596519911,1.1273019413605594,2.3564430108291408,0.7026671388046184,-0.7655527979077149,522
10.4-10.7,3,2.8117066259517443,-0.7851974412026524,0.7729832277457188,-0.770182114357456,1.498026319788389,-1.1762464331520694,522
10.4-10.7,3,4.127020926340092,-0.28267719182873907,0.527111097462493,0.027442971362815295,3.207280304503461,-0.9066249898846616,522
10.4-10.7,4,0.06057638293142942,29.383656845982962,35.464472685557865,63.501447421496984,0.0007080186341538452,0.02080417658653814,521
10.4-10.7,4,0.08891397050194613,23.005290592834488,24.75380272698535,-50.957729438263144,0.0014809490168026795,0.03406966248471817,521
10.4-10.7,4,0.13050786078412682,14.339116076851962,16.587454703185553,6.578742118664671,0.0032668040638648976,0.046843082672090475,521
10.4-10.7,4,0.19155934247786435,1.6849592057415945,11.234721798852876,-10.113970679869722,0.007110530547628946,0.011980953903934215,521
10.4-10.7,4,0.2811706625951745,0.4389351970946526,7.641953211051907,5.425328683655276,0.015359118472010436,0.00674165769371202,521
10.4-10.7,4,0.4127020926340091,-0.4571624288085091,5.1736368771803845,2.7469099603254667,0.033267653488276205,-0.01520872126946022,521
10.4-10.7,4,0.6057638293142941,-0.01582659575140131,3.550038870544501,6.615592102648124,0.07125358365654477,-0.0011277016643707893,521
10.4-10.7,4,0.8891397050194609,-1.2832311791064694,2.40026535603049,0.3259305156477764,0.1556328475765803,-0.19971292250339256,521
10.4-10.7,4,1.3050786078412682,-0.03140213235735296,1.6401150313781194,-2.1588926883079487,0.3316247167920734,-0.010413723249674378,521
10.4-10.7,4,1.9155934247786433,1.6412140146178853,1.1348916669054023,0.9809219958588602,0.6946691942075967,1.1401008170568212,521
10.4-10.7,4,2.8117066259517443,0.44120916513364594,0.7776519278168281,1.0770637521319113,1.4764075643449925,0.6514045488616538,521
10.4-10.7,4,4.127020926340092,1.1671743603534435,0.5376908332844123,0.3149688004214622,3.099188480117224,3.6172933318955813,521
10.4-10.7,5,0.06057638293142942,4.77146587145043,35.1413446661292,41.16109170235003,0.0007275922407725399,0.003471681545178318,522
10.4-10.7,5,0.08891397050194613,7.007823834436877,23.586054954061563,-18.278175753530753,0.0016262457989041912,0.011396444070213632,522
10.4-10.7,5,0.13050786078412682,-10.980081542067428,16.346614020383413,35.71246513878428,0.0033862262173128266,-0.03718103998598137,522
10.4-10.7,5,0.19155934247786435,0.6627614787292125,10.844861805394487,19.51167429050504,0.007554910564749745,0.005007103697560491,522
10.4-10.7,5,0.2811706625951745,7.135045155189766,7.429732211573274,15.742688755873225,0.01626725938079071,0.11606763023312602,522
10.4-10.7,5,0.4127020926340091,3.4450832325105356,5.0366005680153725,-5.67286640672739,0.035174311457504825,0.12117843061735309,522
10.4-10.7,5,0.6057638293142941,-0.1938840433008891,3.460090820128681,1.4861105354781932,0.07479082965368766,-0.014500748455084998,522
10.4-10.7,5,0.8891397050194609,2.476172298991278,2.3788649482509836,0.29695051707180203,0.1584511667041617,0.3923523897356943,522
10.4-10.7,5,1.3050786078412682,-3.5081751273134696,1.6212742530900084,-0.11714769291727982,0.33989634413167646,-1.192415900347527,522
10.4-10.7,5,1.9155934247786433,-0.5737122656089612,1.1141267013853302,0.11428174743983163,0.7219711932463766,-0.4142037289817838,522
10.4-10.7,5,2.8117066259517443,-0.8096589351156306,0.7653461994881545,0.08075672989020324,1.5262119318522522,-1.2357111275042638,522
10.4-10.7,5,4.127020926340092,0.0769546510407864,0.5277711416314256,-0.05476865303936003,3.214297701896051,0.24735515799061225,522
10.7-11.0,1,0.06057638293142942,-14.811144382990609,41.29728613739003,-18.369887359363513,0.0005205132665289103,-0.007709397143821763,419
10.7-11.0,1,0.08891397050194613,10.729143402062045,27.59806137403762,-28.42126001740476,0.0011857609701525773,0.012722199489335213,419
10.7-11.0,1,0.13050786078412682,4.34505854901699,18.97655906864525,0.3799592198858469,0.002485240987769699,0.01079851760027616,419
10.7-11.0,1,0.19155934247786435,0.5525163989222475,12.799450279857828,12.458540377064518,0.005460197947039169,0.0030168489071007304,419
10.7-11.0,1,0.2811706625951745,-0.40307177130360744,8.695362798079993,7.034778896977986,0.01176700901137917,-0.004742949165162113,419
10.7-11.0,1,0.4127020926340091,4.554739292447346,5.92160516202884,-12.123261682830409,0.025475252231603462,0.11603313232429123,419
10.7-11.0,1,0.6057638293142941,0.4708131346843839,4.053954901662429,0.24490604759826912,0.054307378680408025,0.02556862719301478,419
10.7-11.0,1,0.8891397050194609,2.9944192145697675,2.780537198824078,-4.545112896009194,0.11534437717953083,0.3453894193189697,419
10.7-11.0,1,1.3050786078412682,-3.2395463173891015,1.8896181271197154,0.6405496869432491,0.24861360244980757,-0.8053952802691122,419
10.7-11.0,1,1.9155934247786433,0.625599503839703,1.2933382921890777,-1.85055840209508,0.5332917699174982,0.3336270666621839,419
10.7-11.0,1,2.8117066259517443,-1.9895285966105818,0.880181319118554,1.3973129802731497,1.1509314400113322,-2.2898110126407416,419
10.7-11.0,1,4.127020926340092,-0.38715581637512597,0.6043346777001246,-0.7820993370202651,2.4395427398901433,-0.9444831610441801,419
10.7-11.0,2,0.06057638293142942,15.662686353299868,42.40124756990139,-69.84093148306678,0.0004998597354537448,0.007829146257055452,418
10.7-11.0,2,0.08891397050194613,0.04714870934415695,27.610753362111545,-13.709407813372895,0.0011698511798904354,5.5156973256573205e-05,418
10.7-11.0,2,0.13050786078412682,1.2683340554353355,18.883394933578,12.672191431121467,0.0025226919857625485,0.0031996161569164327,418
10.7-11.0,2,0.19155934247786435,17.471346118909345,12.897752416922385,-9.91012546855207,0.005378907169387215,0.09397674889784696,418
10.7-11.0,2,0.2811706625951745,10.109333953132175,8.729436660071615,-10.973582692778532,0.011692348558346388,0.11820185627274718,418
10.7-11.0,2,0.4127020926340091,-6.298067663325112,6.018516512771225,1.996155495577593,0.02463392330789238,-0.15514611580626778,418
10.7-11.0,2,0.6057638293142941,10.51259932112539,4.099752713152562,3.49105655231817,0.052939355908020125,0.5565302369794677,418
10.7-11.0,2,0.8891397050194609,1.313866823470064,2.805666121033417,0.866009182059598,0.11328189966269397,0.14883732966647822,418
10.7-11.0,2,1.3050786078412682,1.5428456228865741,1.9123429880390772,1.0642967800660779,0.24301312939513053,0.3749317429912458,418
10.7-11.0,2,1.9155934247786433,0.5332068778517718,1.3036431751135815,-2.6979548426969426,0.5240496801079706,0.27942689376959073,418
10.7-11.0,2,2.8117066259517443,-0.5906472096980945,0.8900182357002893,-1.7548359224598555,1.1254575151795798,-0.6647483409745696,418
10.7-11.0,2,4.127020926340092,-1.5903464986603957,0.6090374055375237,0.5102104392450724,2.4027499708517794,-3.821205003300495,418
10.7-11.0,3,0.06057638293142942,143.76098670800258,40.13167478204147,-50.91979355982769,0.0005559967678213928,0.07993064394846365,418
10.7-11.0,3,0.08891397050194613,27.380407085208777,28.03203352725945,46.30921106321208,0.0011340771389403148,0.031051493730214694,418
10.7-11.0,3,0.13050786078412682,-0.07123318634893692,18.97466092373196,-16.658311430627236,0.002508228544453678,-0.00017866911131279167,418
10.7-11.0,3,0.19155934247786435,8.181038056748685,12.710087258386052,0.7420774950224577,0.005528275716700337,0.04522703402652507,418
10.7-11.0,3,0.2811706625951745,6.76088857890055,8.579536851240514,2.366275538160596,0.012070895046917218,0.08160997645980984,418
10.7-11.0,3,0.4127020926340091,-2.803126640086074,5.902046554099518,4.220040808776814,0.025656852231112748,-0.07191940598978397,418
10.7-11.0,3,0.6057638293142941,3.5124015971735307,3.98690177838049,1.3111641601496833,0.05606289688625854,0.19691540856546946,418
10.7-11.0,3,0.8891397050194609,-0.06435817942252293,2.7227616957232152,-0.8605910103840961,0.12014041072771758,-0.007732018109510047,418
10.7-11.0,3,1.3050786078412682,2.2484536414084872,1.865559465156918,-0.43852062784273504,0.2559865661664613,0.5755739268486346,418
10.7-11.0,3,1.9155934247786433,-2.1063784732336006,1.27629120705908,-0.7447749762926806,0.5481651001884222,-1.1546431668148325,418
10.7-11.0,3,2.8117066259517443,-0.39550849379803554,0.8705100257792977,-0.10790102752287721,1.1759764088519304,-0.46510865820704983,418
10.7-11.0,3,4.127020926340092,-0.2326085332568886,0.599943256472631,0.37967004848412494,2.4802551074437638,-0.5769285026454005,418
10.7-11.0,4,0.06057638293142942,44.45720465403123,40.48776157019493,-32.95362197283689,0.0005428905033577902,0.024135394212507308,418
10.7-11.0,4,0.08891397050194613,14.496440815939312,27.82029019706877,45.63134704641208,0.001157235036211346,0.016775789212569163,418
10.7-11.0,4,0.13050786078412682,-11.353165759750683,18.89344083299934,14.61018353977988,0.002533751440480625,-0.0287661000977836,418
10.7-11.0,4,0.19155934247786435,23.733777081331528,12.655440470144608,13.060014758061374,0.005556390472447825,0.13187413284991106,418
10.7-11.0,4,0.2811706625951745,10.406263859156653,8.68079722240995,-1.2409922096360118,0.01184844803170837,0.12329807653946258,418
10.7-11.0,4,0.4127020926340091,-10.593651308200277,5.890094667188627,3.2068009437131777,0.025798486625747352,-0.2733001715924358,418
10.7-11.0,4,0.6057638293142941,0.050065444656844114,3.9677574928163377,0.9553289039652566,0.056488486532149884,0.002828121196224234,418
10.7-11.0,4,0.8891397050194609,2.6278316127226464,2.7250227933084954,-1.4209706428441142,0.1202583220645479,0.3160186204142003,418
10.7-11.0,4,1.3050786078412682,0.5415969289886383,1.867269324368249,-2.004885241240297,0.25605205171377143,0.1386770048694186,418
10.7-11.0,4,1.9155934247786433,-0.12947355637878988,1.2818158486389521,0.9234287528550208,0.5412440880366596,-0.07007679694710116,418
10.7-11.0,4,2.8117066259517443,0.5405161117782022,0.8825557173530824,-0.34235320744466946,1.1465897306455997,0.6197502230133758,418
10.7-11.0,4,4.127020926340092,0.9889611000896373,0.6068458671431824,-0.87318052258052,2.4237299372811267,2.3969746250937307,418
10.7-11.0,5,0.06057638293142942,88.91813711719746,39.96744915631318,21.23915537694185,0.0005585308303990288,0.04966352096160301,418
10.7-11.0,5,0.08891397050194613,11.036334968529385,26.8979764002834,12.083634611910927,0.0012503234535534702,0.013798988452424589,418
10.7-11.0,5,0.13050786078412682,48.63350251307208,18.179386313510026,23.168823695380585,0.0027084852731579234,0.13172312533874458,418
10.7-11.0,5,0.19155934247786435,7.264984903562176,12.231226097566806,-3.3215995196454062,0.005972451832817527,0.043389772402671584,418
10.7-11.0,5,0.2811706625951745,8.13606002387184,8.524010756708734,-6.455796191984375,0.012331777318384751,0.10033208046339966,418
10.7-11.0,5,0.4127020926340091,4.772423478324664,5.830253818963208,7.460306587811056,0.026235966881532624,0.1252091443219746,418
10.7-11.0,5,0.6057638293142941,5.485098842676183,3.9546450363858487,-1.2387998400329507,0.056958526811164256,0.3124231494924574,418
10.7-11.0,5,0.8891397050194609,-1.3723438663824472,2.703524436806066,-1.834503285696835,0.12200122564388804,-0.1674276337035307,418
10.7-11.0,5,1.3050786078412682,2.707776178354349,1.8525101252158513,-0.5443426354775569,0.25996256202525103,0.7039204327159396,418
10.7-11.0,5,1.9155934247786433,0.2057011024219008,1.272547871964909,0.11699114148234523,0.5502031682304434,0.11317739826102474,418
10.7-11.0,5,2.8117066259517443,0.6768806091152593,0.872697016642299,1.8712773644921359,1.171193720341443,0.7927583188166826,418
10.7-11.0,5,4.127020926340092,-0.19463023244387387,0.6012175784817599,-0.4895860232356742,2.4683556945591327,-0.4804166425862037,418
11.0-11.3,1,0.06057638293142942,-27.446775685885093,71.02944800746768,22.995652354048875,0.00017579916021848163,-0.004825120116283639,125
11.0-11.3,1,0.08891397050194613,56.64012597668069,51.512705324558226,-64.18537770895139,0.0003366449333322974,0.0190676114333526,125
11.0-11.3,1,0.13050786078412682,67.88312964018023,35.02393672087972,25.00198182582005,0.0007437988874658963,0.050491396304069264,125
11.0-11.3,1,0.19155934247786435,-0.4851088868435569,23.916791000862773,29.890382977231354,0.0015688895885570542,-0.0007610822818853585,125
11.0-11.3,1,0.2811706625951745,34.057362130333544,16.18605245636038,25.843581732294286,0.003402335319443006,0.11587456606309453,125
11.0-11.3,1,0.4127020926340091,-10.448413758290776,10.820984682533958,-1.7053932040925546,0.007540845871649715,-0.07878987775449509,125
11.0-11.3,1,0.6057638293142941,-2.5981004498163043,7.509157396630717,4.668323269479314,0.016022593201208357,-0.041628306603283094,125
11.0-11.3,1,0.8891397050194609,2.423448534464635,5.033779385881605,-3.6530813064824166,0.03496500732625485,0.08473589576235753,125
11.0-11.3,1,1.3050786078412682,-3.8412740256642777,3.4587821971319666,0.5044728524257928,0.07443668670911396,-0.2859317112122288,125
11.0-11.3,1,1.9155934247786433,1.1699939912088784,2.3883418218959247,1.395469635460929,0.15694242930751323,0.18362169925551464,125
11.0-11.3,1,2.8117066259517443,1.3756080668332615,1.606997032118017,-0.9681770392768332,0.34332039096850053,0.47227429932461856,125
11.0-11.3,1,4.127020926340092,1.467882256827208,1.1179534319085105,1.2448804044663109,0.7162907705109944,1.0514305127621784,125
11.0-11.3,2,0.06057638293142942,-133.7815186557874,82.36316291322852,84.2958637391084,0.00012996771130391327,-0.017387277794454464,124
11.0-11.3,2,0.08891397050194613,27.40796125067863,53.67922762941368,-29.982470093265455,0.0003022602102209504,0.008284336129357785,124
11.0-11.3,2,0.13050786078412682,35.275574671861975,37.81314775533026,20.4200408086062,0.0006360310001848335,0.02243635904063915,124
11.0-11.3,2,0.19155934247786435,15.95777447133519,24.299313749769198,-2.1860063078030074,0.0014973248602065947,0.02389397242950033,124
11.0-11.3,2,0.2811706625951745,8.699308131204996,16.576655636034587,13.508027066464528,0.003260810223977506,0.0283667928957639,124
11.0-11.3,2,0.4127020926340091,16.023759183595846,11.133112025331034,4.702450913949643,0.007218046309772852,0.11566023584384286,124
11.0-11.3,2,0.6057638293142941,-2.765006747409299,7.503292659055106,-0.9979206246366441,0.015737145070276348,-0.04351331230427309,124
11.0-11.3,2,0.8891397050194609,-5.389301905239479,5.134634207323217,-13.331165449275735,0.033679958270583954,-0.18151146327604423,124
11.0-11.3,2,1.3050786078412682,-4.058248303607365,3.537337074232958,5.6999358850217945,0.07124512534099914,-0.2891304090554038,124
11.0-11.3,2,1.9155934247786433,2.158839599044754,2.419449218473216,2.246241831182829,0.15275513650654027,0.3297738376478061,124
11.0-11.3,2,2.8117066259517443,0.13827752141163777,1.6279386874048174,-1.3083106331820233,0.33562080665354443,0.04640881327822663,124
11.0-11.3,2,4.127020926340092,-0.9434166720406079,1.1179424861717477,-1.1850099867834192,0.7113640238590602,-0.6711126799985301,124
11.0-11.3,3,0.06057638293142942,-26.52746475324935,74.20818811145445,-104.19802423921249,0.00016157097591795733,-0.004286068368811713,125
11.0-11.3,3,0.08891397050194613,-38.258175232543664,54.53207157169936,3.5694105746433213,0.0003081429467706176,-0.011788986854222663,125
11.0-11.3,3,0.13050786078412682,23.50721909432465,34.945544820672154,5.867836169917003,0.0007282124103934473,0.017118248678325024,125
11.0-11.3,3,0.19155934247786435,-18.40677957775778,24.38675324003746,4.696859384994139,0.0015269483029467512,-0.02810620083897216,125
11.0-11.3,3,0.2811706625951745,-5.014872577380884,15.974847590407647,-12.392343673576107,0.0034729359222590572,-0.017416331119537935,125
11.0-11.3,3,0.4127020926340091,5.1158181050248865,11.094996271723266,8.65316502828239,0.0072820776833964485,0.03725378485491723,125
11.0-11.3,3,0.6057638293142941,2.3555183290299855,7.434590906645862,-4.566563918402041,0.01618855401398045,0.03813243570042289,125
11.0-11.3,3,0.8891397050194609,1.7603237574443342,5.053179689906363,-0.3520855910129803,0.03483030536696141,0.06131261401650307,125
11.0-11.3,3,1.3050786078412682,0.5313084468642237,3.4496088881352773,2.023711000726721,0.07486536322033643,0.03977659985652293,125
11.0-11.3,3,1.9155934247786433,0.8583441384160266,2.3497565000737586,-0.7710987556655864,0.16146360567678864,0.1385913395001882,125
11.0-11.3,3,2.8117066259517443,3.2641229789317854,1.6190764189339877,2.343454454560041,0.3394112912850389,1.107880195192405,125
11.0-11.3,3,4.127020926340092,-2.1597076274838156,1.1104995216020772,-1.2346037925345166,0.7232468410068549,-1.5620017190760789,125
11.0-11.3,4,0.06057638293142942,141.22056324562675,76.63693026417171,-204.6155773535162,0.00015162237901900077,0.021412197765705188,124
11.0-11.3,4,0.08891397050194613,-3.4392267048272727,51.85835504575055,-56.579006392589704,0.0003404239554130051,-0.0011707951584193359,124
11.0-11.3,4,0.13050786078412682,-34.806713613136154,35.53754306514,-29.80583571980232,0.000714664989943381,-0.024875139634294094,124
11.0-11.3,4,0.19155934247786435,-9.826718743939976,23.523914589356174,28.711510106833845,0.001613989364967594,-0.015860219545246836,124
11.0-11.3,4,0.2811706625951745,8.018649920314518,15.735317924455837,9.212776696554863,0.003593408115795116,0.028814281701378047,124
11.0-11.3,4,0.4127020926340091,12.406811062592341,10.852528680513151,27.639640175264045,0.007625319876699566,0.09460590300204144,124
11.0-11.3,4,0.6057638293142941,-5.966629316334533,7.28922062485165,7.398373740460346,0.01676140886707067,-0.10000911352933345,124
11.0-11.3,4,0.8891397050194609,-4.854079812541633,5.011585385522139,2.315732967852449,0.03564101052894353,-0.17300430970712855,124
11.0-11.3,4,1.3050786078412682,-4.184682349736542,3.405585966519419,3.1315421707329096,0.07695712048195213,-0.32204110376737366,124
11.0-11.3,4,1.9155934247786433,0.7208986388245593,2.314236574110256,0.14754565980942405,0.1662859334394149,0.11987530307214546,124
11.0-11.3,4,2.8117066259517443,3.1250477612314977,1.5984690035111622,2.033345419431268,0.34904677614311197,1.0907878463511038,124
11.0-11.3,4,4.127020926340092,1.2118849232037352,1.0971696281474956,-1.1056966431379542,0.7446128835553054,0.9023851272039332,124
11.0-11.3,5,0.06057638293142942,62.60743282231508,79.98055346796666,17.118039597549878,0.00014350980033328575,0.008984780183710038,125
11.0-11.3,5,0.08891397050194613,52.26557267228898,52.745641490673336,-68.0141867752193,0.00032509528303958923,0.016991291141124007,125
11.0-11.3,5,0.13050786078412682,124.47606798055888,34.75749041744153,-32.726161815868096,0.000737044631913375,0.09174441770675526,125
11.0-11.3,5,0.19155934247786435,3.683549404201548,23.236021796099866,-29.51479008195309,0.0016520061574282208,0.006085246296932011,125
11.0-11.3,5,0.2811706625951745,-1.6928985315487932,16.097176320361545,-8.09842899542163,0.0034136265910506003,-0.005778923443245474,125
11.0-11.3,5,0.4127020926340091,-12.87333313679333,11.135888001862249,-7.457245862786139,0.0072267411513916024,-0.09303224633523749,125
11.0-11.3,5,0.6057638293142941,-2.805304888807218,7.49219271442572,-8.166007207406878,0.01594308362916852,-0.044725210447568775,125
11.0-11.3,5,0.8891397050194609,-3.5506310987808782,5.084992418081242,4.502038199413815,0.03449274819703052,-0.12247102443079463,125
11.0-11.3,5,1.3050786078412682,-5.274953206511607,3.47629192289735,4.686791760719053,0.0736414877049878,-0.38845540170171045,125
11.0-11.3,5,1.9155934247786433,-1.0060984515670164,2.4020787337703564,-0.9941964791295362,0.15459970665596856,-0.15554252547928493,125
11.0-11.3,5,2.8117066259517443,2.695888228248242,1.617033603228717,-1.6998477457262533,0.33903869719378577,0.9140104326853473,125
11.0-11.3,5,4.127020926340092,-0.17067652158539362,1.1245511708087572,0.6976607025218419,0.709243772504871,-0.12105126004723363,125
