scale_Vdisk,ML_factor,ML,g98,beta,Hermes_chi2nu,Hermes_outer_chi2nu,Hermes_outer_mean_residual,MOND_chi2nu,MOND_outer_chi2nu,MOND_outer_mean_residual
0.5,0.25,0.170661708360799,716.7004228108708,2.4660271223968353,6.150906190946881,9.49709528994151,-66.33449849855418,1.5213231419680515,1.63974691995554,-27.268204896140983
0.525,0.275625,0.1881545334677809,781.9264023742303,2.4420949180268487,5.925318975340284,9.248902514555034,-65.45947989381351,1.4074953264151966,1.5503447205700727,-26.503416850578212
0.55,0.30250000000000005,0.20650066711656684,850.3341370382411,2.417210040619416,5.743073782483198,9.051498680257287,-64.75434641271897,1.2970529646806002,1.4612276777307325,-25.718036129996786
0.575,0.33062499999999995,0.22570010930715662,922.1807144152511,2.3913088509889335,5.5593181770158875,8.853251193518389,-64.0376749022736,1.1902965118961877,1.3727676893126275,-24.913508730420425
0.6,0.36,0.24575286003955052,998.1780543722336,2.364170501078904,5.382189017190285,8.655442151579178,-63.31391195069076,1.087495585208831,1.28531449223195,-24.091215554297566
0.625,0.390625,0.2666589193137484,1077.4093236890883,2.3361583269953297,5.211376868951438,8.457840349580131,-62.58194031753379,0.9888921306308437,1.199195509450921,-23.252470712872643
0.65,0.42250000000000004,0.2884182871297503,1159.8745223658143,2.307304365293498,5.047046088006965,8.260868574000755,-61.843043560393305,0.894703193759537,1.114715985852438,-22.398520789650362
0.675,0.45562500000000006,0.3110309634875562,1245.5736504024119,2.2776413657992616,4.89017143956186,8.066092353408019,-61.10293322236403,0.805123363509522,1.0321593627857275,-21.530544919127717
0.7,0.48999999999999994,0.334496948387166,1334.5067077988808,2.247202729907071,4.742753442515627,7.876585674001595,-60.37345437926498,0.720326943035837,0.9517878450625725,-20.649655544362354
0.725,0.525625,0.3588162418285799,1426.6736945552218,2.2160224481943707,4.601654066335452,7.688394344553933,-59.63953347592509,0.6404698903426386,0.8738431187158234,-19.75689972834034
0.75,0.5625,0.38398884381179776,1522.0746106714341,2.1841350375146122,4.466912356505622,7.501882323269696,-58.9024421224933,0.5656915620469991,0.7985471826095666,-18.853260906593512
0.775,0.6006250000000001,0.4100147543368196,1620.7094561475183,2.151575477730824,4.332924267232296,7.317303129708513,-58.16300435871437,0.4961162868506056,0.7261032617762996,-17.939660981382183
0.8,0.6400000000000001,0.4368939734036455,1722.5782309834738,2.118379148250845,4.1992377779308825,7.1349585224158725,-57.42234997146712,0.4318547900005334,0.6566967749765443,-17.016962670462892
0.825,0.6806249999999999,0.46462650101227515,1827.6809351793006,2.0845817645239757,4.072053755089992,6.955208403240371,-56.68200514930696,0.3730054860148946,0.5904963333107363,-16.085972035614063
0.8500000000000001,0.7225000000000001,0.49321233716270924,1936.017568735,2.0502193146569314,3.9512869301111575,6.778293472168944,-55.94300111659236,0.31965565390737594,0.5276547506865138,-15.147441127433451
0.875,0.765625,0.5226514818549469,2047.5881316505702,2.0153279963046034,3.8368284890371163,6.604426428117902,-55.20630986297668,0.2718825068289021,0.468310050516583,-14.202070693292763
0.9,0.81,0.5529439350889888,2162.392623926012,1.9799441539883067,3.7219194968601097,6.433754470553106,-54.47262817046155,0.2297541662712815,0.412586456179667,-13.250512904656498
0.925,0.8556250000000001,0.5840896968648346,2280.4310455613263,1.9441042169908527,3.6494200559791645,6.2916902806481785,-53.85333056468783,0.19333054960671556,0.3605953555259436,-12.29337406822859
0.95,0.9025,0.6160887671824843,2401.7033965565097,1.9078446379740432,3.4761307050634365,6.115085292105409,-53.07297485991873,0.162664178662829,0.3124362320683444,-11.331217292604647
0.9750000000000001,0.9506250000000002,0.6489411460419383,2526.209676911568,1.871201832459969,3.3856519352067065,5.961916228994379,-52.385933007605644,0.13780091617678175,0.26819755750054947,-10.364565088336496
1.0,1.0,0.682646833443196,2653.949886626496,1.8342121193129324,3.1258347363051717,5.7940742164231995,-51.62161771665222,0.11878063627592039,0.22795764185463774,-9.393901884632267
1.025,1.050625,0.7172058293862577,2784.9240257012966,1.7969116623537928,3.0402711817129218,5.640220489321604,-50.91030397903455,0.10563783455391774,0.1917854389914648,-8.41967645040283
1.05,1.1025,0.7526181338711236,2919.132094135968,1.759336413233247,2.7583132194369817,5.481468307582169,-50.16259192782399,0.0984021828197551,0.15974130624036448,-7.4423042111133775
1.0750000000000002,1.1556250000000003,0.7888837468977936,3056.574091930512,1.72152205568484,2.7799741716880666,5.338152846805402,-49.481832145007736,0.09709903317020412,0.1318777179057219,-6.4621694559932115
1.1,1.2100000000000002,0.8260026684662674,3197.250019084926,1.6835039512725718,2.65957326980757,5.1967116411691725,-48.79588932980637,0.10174987565906901,0.10823993306820089,-5.4796274326816805
1.125,1.265625,0.863974898576545,3341.1598755992127,1.6453170867416698,2.631446514457575,5.061796233142751,-48.13649468514034,0.1123727534973547,0.08886661865703722,-4.495006328422759
1.15,1.3224999999999998,0.9028004372286265,3488.3036614733705,1.6069960230746356,2.588025711478926,4.928837117030646,-47.47360832797203,0.12898263941001584,0.07379042918286005,-3.508609138534852
1.175,1.3806250000000002,0.9424792844225126,3638.6813767074013,1.5685748463479032,2.550618006526014,4.802549741069236,-46.83557935190696,0.1515917764916879,0.0630385448211061,-2.5207154241421366
1.2000000000000002,1.4400000000000004,0.9830114401582025,3792.2930213013033,1.530087120477567,2.4950418780949954,4.681291868690571,-46.220627808372875,0.1802099866420324,0.056633169744298516,-1.5315829621147858
1.225,1.5006250000000003,1.024396904435696,3949.138595255075,1.4915658419355218,2.475392893335535,4.5601630947297656,-45.59315483812534,0.21484494941845986,0.054591992734660574,-0.5414492908789236
1.25,1.5625,1.0666356772549936,4109.218098568719,1.4530433965101468,2.4478277437304867,4.441833908494312,-44.96801273876517,0.25550245391811294,0.05692861218151156,0.44946684373416895
1.275,1.6256249999999999,1.1097277586160954,4272.531531242234,1.4145515181783577,2.4190875132077037,4.341736043586153,-44.45482593672432,0.3021866260907469,0.06365292759318394,1.4409641380882423
1.3,1.6900000000000002,1.1536731485190013,4439.078893275624,1.3761212501484044,2.3992622732523916,4.230938279683609,-43.853497798461845,0.35490013368845913,0.07477149974130395,2.432857471074382
1.3250000000000002,1.7556250000000004,1.1984718469637112,4608.860184668883,1.3377829081253956,2.384182365129896,4.123701630485514,-43.26286157235805,0.41364437087620504,0.09028788151493332,3.4249767303595373
1.35,1.8225000000000002,1.2441238539502248,4781.8754054220135,1.2995660458440115,2.4078105921998088,4.055520900564192,-42.92101664753741,0.4784196243579905,0.11020292150047169,4.417165719723403
1.375,1.890625,1.2906291694785423,4958.124555535015,1.2614994229054444,2.401160053906917,3.9538254513977646,-42.34822867930116,0.5492252227167967,0.1345150422262467,5.409281142709515
1.4,1.9599999999999997,1.337987793548664,5137.607635007889,1.2236109749481516,2.3947263905485223,3.8555457387283885,-41.78672671071316,0.6260596705210862,0.1632204949231511,6.401191657921602
1.425,2.030625,1.38619972616059,5320.324643840636,1.1859277861746693,2.418899307780905,3.803206171335175,-41.53928304594973,0.7089207686165001,0.1963135925583418,7.392777001439317
1.4500000000000002,2.1025000000000005,1.4352649673143199,5506.275582033253,1.1484760642494398,2.426103134622936,3.709580485682656,-40.993156163307475,0.797805721897471,0.233786922800927,8.383927171997733
1.475,2.175625,1.4851835170098533,5695.460449585742,1.1112811175754622,2.441903880972419,3.61895397248522,-40.45649274748226,0.8927112357393503,0.2756315424791299,9.374541674764371
1.5,2.25,1.535955375247191,5887.879246498102,1.0743673349505467,2.4693270971561834,3.5310732493309995,-39.92745169041827,0.9936336021666562,0.3218371549894438,10.36452881974859
1.5250000000000001,2.3256250000000005,1.587580542026333,6083.531972770335,1.0377581675970942,2.5515027278353335,3.4362784617499837,-39.184028519399305,1.1005687767366499,0.372392272021206,11.353805071085807
1.55,2.4025000000000003,1.6400590173472784,6282.418628402439,1.001476113552645,2.538852265911924,3.401246165783241,-39.201397593390276,1.2135124470290004,0.4272843608658183,12.342294443648605
1.575,2.480625,1.693390801210028,6484.5392133944115,0.9655427044019587,2.5308034180641568,3.321076456381448,-38.70550106224304,1.3324600935513684,0.48649997848932386,13.329927943645679
1.6,2.5600000000000005,1.747575893614582,6689.893727746259,0.929978494325135,2.5807107915995933,3.2873105168066736,-38.56461830949279,1.4574070437965805,0.5500248934606089,14.316643050073473
1.625,2.640625,1.8026142945609394,6898.482171457978,0.8948030514302787,2.584685565061142,3.2099617957674655,-38.075732496505715,1.5883485201194556,0.6178441967456121,15.302383234084934
1.6500000000000001,2.7225000000000006,1.8585060040491013,7110.304544529571,0.8600349513334307,2.5916971573986105,3.135019223487217,-37.595037407578246,1.725279682039525,0.6899424023006053,16.28709751353126
1.675,2.805625,1.915251022079067,7325.360846961032,0.8256917729430111,2.6011256941393235,3.06240359989825,-37.12244571219608,1.86819566351952,0.7663035383250073,17.2707400401161
1.7000000000000002,2.8900000000000006,1.972849348650837,7543.651078752366,0.7917900964008151,2.6799468055024027,3.0392143084049756,-37.03463044375335,2.017091605718251,0.8469112299662912,18.25326971677692
1.725,2.9756250000000004,2.0313009837644103,7765.17523990357,0.7583455031266806,2.6921147727631114,2.9687753380036095,-36.56787834231821,2.171962685669654,0.9317487742061383,19.234649843073722
1.75,3.0625,2.0906059274197877,7989.933330414645,0.7253725779093416,2.7057226854661955,2.9003781508660325,-36.107718015081396,2.332804141297373,1.0207992075980934,20.21484778652225
1.7750000000000001,3.1506250000000007,2.1507641796169694,8217.925350285595,0.6928849129816974,2.7206600065372473,2.833954893031518,-35.65407984118811,2.4996112931354886,1.114045367472254,21.19383467795596
1.8,3.24,2.211775740355955,8449.151299516416,0.660895114014747,2.804368301007335,2.81265100144558,-35.55794878564066,2.6723795630909395,1.2114699471719126,22.17158512913947
1.8250000000000002,3.330625000000001,2.273640609636745,8683.611178107107,0.6294148079607975,2.8200778574622616,2.747692122363363,-35.10562608657916,2.8511044905512772,1.3130555458402469,23.14807697098598
1.85,3.4225000000000003,2.3363587874593383,8921.30498605767,0.5984546526732413,2.836766302961829,2.6844913056590056,-34.6587308021796,3.0357817461123435,1.4187847132319387,24.123291010851425
1.875,3.515625,2.399930273823736,9162.232723368103,0.568024348227224,2.8543845795734004,2.6229612340444595,-34.21688125917055,3.226407143174323,1.5286399899848344,25.09721080749179
1.9000000000000001,3.6100000000000003,2.464355068729938,9406.394390038411,0.5381326498628691,2.9355476417299506,2.6091584924979268,-34.15121305824615,3.422976647630635,1.6426039437500637,26.06982246237439
1.925,3.7056250000000004,2.529633172177943,9653.789986068587,0.5087873824704323,2.953166850459113,2.5479521766741757,-33.70299134646965,3.6254863858525876,1.7606592015453733,27.0411144261318
1.9500000000000002,3.8025000000000007,2.5957645841677532,9904.419511458638,0.47999545653476344,2.9715260764826597,2.4882327738378205,-33.258486002670075,3.8339326511531264,1.8827884786654638,28.011077319037895
1.975,3.9006250000000002,2.662749304699367,10158.28296620856,0.4517628854548367,2.990158033967259,2.429964806464914,-32.81771181367241,4.0483119088951725,2.008974604454685,28.97970376446924
2.0,4.0,2.730587333772784,10415.380350318352,0.4240948041527612,3.0094726683335384,2.3730334601368672,-32.37987581737335,4.268620800394031,2.13920054522142,29.946988234393334
2.0250000000000004,4.100625000000002,2.7992786713880067,10675.711663788017,0.39699548888571207,3.084051051145028,2.351552656916692,-32.228946012391134,4.494856145748729,2.2734494245495354,30.912926905997217
2.05,4.2025,2.8688233175450306,10939.276906617552,0.3704683781735321,3.102206569448432,2.294646499413023,-31.78086297831199,4.72701494572389,2.411704541240425,31.87751752863673
2.075,4.305625000000001,2.9392212722438615,11206.07607880696,0.34451609475437256,3.1211387625539326,2.2389219997278307,-31.33426085911236,4.965094382791967,2.553949385099105,32.84075930034881
2.1,4.41,3.0104725354844946,11476.109180356241,0.31914046848068084,3.14088372522194,2.184320987184614,-30.888752466363897,5.209091821434504,2.7001676507594063,33.802652753225715
2.125,4.515625,3.082577107266932,11749.376211265391,0.2943425600680443,3.1614830312907323,2.130788694282905,-30.443952852130924,5.459004807791708,2.850343249726632,34.763199647003816
2.1500000000000004,4.622500000000001,3.1555349875911745,12025.877171534414,0.27012268560989733,3.194461162118777,2.0969077166988837,-30.173902397444174,5.714831068740377,3.0044603208005074,35.72240287026738
2.175,4.730624999999999,3.2293461764572187,12305.612061163305,0.2464804417718624,3.2162077504144464,2.0436223925991914,-29.716739448601874,5.976568510472368,3.1625032390272816,36.68026634871345
2.2,4.840000000000001,3.3040106738650694,12588.58088015207,0.22341473158050168,3.2389348653442207,1.9913124134051086,-29.2590479496366,6.244215216638612,3.3244566233170247,37.63679495996566
2.225,4.9506250000000005,3.3795284798147223,12874.78362850071,0.2009237907225347,3.262703857613167,1.9399392523704575,-28.800474044170475,6.51776944611681,3.4903053428501982,38.59199445446257
2.25,5.0625,3.45589959430618,13164.220306209218,0.17900521427204225,3.287593819079623,1.889500657156981,-28.340942448798316,6.797229630455385,3.660034522387076,39.54587138198241
2.2750000000000004,5.175625000000002,3.5331240173394423,13456.8909132776,0.15765598376490314,3.3219094347451743,1.851295360200531,-27.99132447987211,7.082594371040565,3.8336295465835493,40.498433023398356
2.3,5.289999999999999,3.611201748914506,13752.79544970585,0.13687249454161893,3.3483313562249166,1.8009874446103284,-27.515119809413882,7.373862436028729,4.011076063407955,41.44968732728867
2.325,5.405625000000001,3.690132789031377,14051.933915493973,0.11665058328176264,3.376047793840286,1.7515458888944104,-27.03655548526825,7.671032757081908,4.192359986745356,42.39964285105479
2.35,5.522500000000001,3.7699171376900504,14354.30631064197,0.09698555565558181,3.4051399669525972,1.7029538229770016,-26.555335947270528,7.97410442593994,4.3774674982680795,43.34830870622459
2.375,5.640625,3.8505547948905274,14659.912635149833,0.07787221402070182,3.435691970452306,1.655198079443114,-26.0711757554156,8.283076690859744,4.566385048644625,44.29569450764402
2.4000000000000004,5.760000000000002,3.93204576063281,14968.752889017578,0.059304885094452864,3.4677905149305803,1.6082691730280647,-25.583800095563394,8.597948952948407,4.759099358152588,45.24181032628024
2.425,5.880624999999999,4.014390034916894,15280.827072245182,0.04127744753506252,3.505587223364945,1.565347435898544,-25.125744984224404,8.918720762414196,4.955597416755625,46.18666664538097
2.45,6.002500000000001,4.097587617742784,15596.135184832667,0.023783359367744228,3.539385439002004,1.51867759838215,-24.617422040757035,9.245391814756852,5.1558664836992145,47.130274319753504
2.475,6.125625,4.181638509110478,15914.67722678002,0.006815685194678234,3.574971276419864,1.4729115286697994,-24.105311222210737,9.577961946915991,5.3598940866751015,48.072644537942885
2.5,6.25,4.266542709019975,16236.453198087245,-0.00963287686916764,3.6124416359377305,1.4280537882453672,-23.589187247468086,9.916431133394587,5.567668020600042,49.01378878710681
2.525,6.375624999999999,4.352300217471276,16561.46309875434,-0.02556996858930688,3.6518947854157706,1.384112368236164,-23.06883720303228,10.260799482372272,5.779176346050353,49.95371882039767
2.5500000000000003,6.502500000000001,4.4389110344643825,16889.70692878131,-0.041003545385924045,3.6934301416813184,1.3410986027984573,-22.544060724528432,10.611067231821556,5.994407387390144,50.89244662667696
2.575,6.630625000000001,4.526375159999292,17221.18468816815,-0.055941850537616356,3.7305505012212263,1.2951423230900274,-21.971152709430708,10.967234745638496,6.213349730627733,51.82998440239967
2.6,6.760000000000001,4.614692594076005,17555.89637691486,-0.07039338986013371,3.774642394381576,1.2531279817501852,-21.4253429790212,11.329302509797957,6.435992221031797,52.76634452551789
2.625,6.890625,4.703863336694523,17893.841995021445,-0.08436690690232457,3.821088074793015,1.212161901246392,-20.874695789109392,11.697271128542152,6.662323960535757,53.7015395312636
2.65,7.0225,4.793887387854843,18235.02154248789,-0.09787135869827729,3.8699935385515936,1.1722732965895837,-20.31912441666313,12.071141320610206,6.892334304956603,54.635582089680746
2.6750000000000003,7.1556250000000015,4.884764747556971,18579.435019314224,-0.11091589211142916,3.921462829853037,1.133488786071754,-19.758499464000533,12.45091391551531,7.126012861051863,55.56848498478616
2.7,7.290000000000001,4.976495415800899,18927.082425500423,-0.12350982080320577,3.9755997217734538,1.09583713357793,-19.192698901483862,12.836589849875134,7.363349483436276,56.50026109524679
2.725,7.425625,5.069079392586632,19277.963761046492,-0.13566260285560006,3.987044609373767,1.0528877301026038,-18.575976286229903,13.228170163800398,7.604334271377902,57.430923376469735
2.75,7.5625,5.162516677914169,19632.07902595243,-0.14738381907395248,4.042141674321128,1.0170492725209703,-17.99450585738545,13.625655997345579,7.848957565491379,58.36048484400762
2.775,7.700625,5.256807271783511,19989.42822021824,-0.15868315199313132,4.100231711610473,0.9824733736447908,-17.407550851840682,14.029048587025272,8.097209944344637,59.288958558189655
2.8000000000000003,7.840000000000002,5.3519511741946575,20350.01134384393,-0.16957036560728,4.161417514503031,0.949198981380116,-16.81504435617223,14.438349262398953,8.349082220993749,60.2163576098948
2.825,7.980625000000001,5.4479483851476065,20713.828396829478,-0.18005528584035296,4.2258008717129,0.9172668532952158,-16.216930717850264,14.853559442726404,8.604565439459165,61.1426951073888
2.85,8.1225,5.54479890464236,21080.87937917491,-0.19014778177178496,4.2934824331079975,0.8867194056767393,-15.613165267495127,15.274680633695656,8.863650871155563,62.0679841641531
2.875,8.265625,5.642502732678917,21451.164290880206,-0.1998577476288362,4.285853635801986,0.8496879569892332,-15.002415229644194,15.70171442422476,9.126330011286099,62.992237887637984
2.9000000000000004,8.410000000000002,5.741059869257279,21824.68313194538,-0.20919508555446364,4.355400759604326,0.8214852068659996,-14.385627191279506,16.13466248333832,9.392594575210975,63.915469368877176
2.9250000000000003,8.555625000000001,5.840470314377445,22201.435902370427,-0.2181696891569455,4.428550687657104,0.7948101689822151,-13.763000145047338,16.5735265571195,9.66243649479932,64.83769167290568
2.95,8.7025,5.940734068039413,22581.42260215534,-0.2267914278449852,4.505399084053547,0.7697120042431996,-13.134539553924297,17.01830846573788,9.935847914772337,65.75891782992635
2.975,8.850625,6.041851130243187,22964.64323130012,-0.2350701319496098,4.586039781749434,0.7462406558439338,-12.500259684302993,17.46901010055304,10.212821189044975,66.6791608271745
3.0,9.0,6.143821500988764,23351.09778980478,-0.2430155786318842,4.670564682617323,0.7244467068990106,-11.860183233702262,17.925633421293952,10.49334887707272,67.5984336014334
3.0250000000000004,9.150625000000002,6.246645180276147,23740.78627766931,-0.25063747857327345,4.749327806663754,0.6945527959773267,-11.018145104666562,18.38818045331364,10.77742374020918,68.51674903215665
3.0500000000000003,9.302500000000002,6.350322168105332,24133.708694893707,-0.25794546344341973,4.8415854847074415,0.6764646455004969,-10.358857672497194,18.856653284918615,11.06503873807987,69.43411993515637
3.075,9.455625000000001,6.454852464476321,24529.865041477977,-0.26494907413814184,4.938004711492823,0.6602635831168788,-9.69402442525877,19.331054064772427,11.35618702497679,70.35055905681916
3.1,9.610000000000001,6.560236069389114,24929.255317422125,-0.2716577497786302,5.038668680492685,0.6460007247287072,-9.02369794977225,19.81138499937239,11.650861946277915,71.26607906881378
3.125,9.765625,6.66647298284371,25331.879522726136,-0.27808081746109314,5.1435976527241225,0.6337107821921539,-8.348085678010584,20.297648350598593,11.949057034895382,72.18069256325795
3.1500000000000004,9.922500000000003,6.773563204840113,25737.737657390026,-0.28422748274451565,5.241225571017005,0.6151085082020867,-7.454171094228006,20.789846433334144,12.25076600775556,73.09441204831245
3.1750000000000003,10.080625000000001,6.881506735378318,26146.82972141379,-0.2901068208627051,5.354617761817926,0.607333023076701,-6.762463067321886,21.28798161315542,12.555982762313956,74.00724994417426
3.2,10.240000000000002,6.990303574458328,26559.155714797405,-0.2957277686454491,5.47255556068609,0.6017363043747956,-6.065690170436357,21.79205630409121,12.864701373107463,74.91921857944129
3.225,10.400625,7.099953722080141,26974.715637540914,-0.30109911713236165,5.5951093299962436,0.5983668681244775,-5.363927742910953,22.30207296644941,13.176916088346141,75.83033018782396
3.25,10.5625,7.210457178243757,27393.509489644282,-0.3062295048618684,5.722346782060438,0.5972726553772927,-4.657255338648513,22.81803410470988,13.492621326546454,76.74059690517925
3.2750000000000004,10.725625000000003,7.321813942949181,27815.53727110753,-0.3111274118167777,5.812669648301231,0.5900564605354317,-3.80715032921712,23.339942265482332,13.811811673207625,77.65003076684629
3.3000000000000003,10.890000000000002,7.434024016196405,28240.79898193065,-0.3158011540069757,5.947650863182722,0.5937910289364429,-3.0886558237065374,23.867800035527434,14.134481877532506,78.55864370526217
3.325,11.055625000000001,7.547087397985434,28669.29462211364,-0.32025887866900227,6.087477574553979,0.5999554987632829,-2.3655968424967546,24.401610039840243,14.460626849194163,79.4664475478392
3.35,11.2225,7.661004088316268,29101.024191656496,-0.3245085600615798,6.2322069726409595,0.6085940622722683,-1.6380628770750307,24.941374939794017,14.790241655149096,80.3734540150854
3.375,11.390625,7.775774087188905,29535.98769055922,-0.3285579958355878,6.381893461432631,0.6197499905323226,-0.9061459301006788,25.487097431343308,15.123321516497993,81.27967471895201
3.4000000000000004,11.560000000000002,7.891397394603348,29974.18511882183,-0.3324148039564999,6.53658865443338,0.6334655781034615,-0.16994018743109507,26.038780243284737,15.45986180539459,82.18512116139179
3.4250000000000003,11.730625000000002,8.007874010559593,30415.616476444306,-0.3360864201569176,6.64130089389707,0.6411536250706218,0.6716732468952907,26.596426135574013,15.799858042003065,83.08980473311358
3.45,11.902500000000002,8.125203935057641,30860.281763426643,-0.33958009589654836,6.804018712424485,0.6601141625711331,1.4165900184757474,27.160037897697784,16.143305891504536,83.99373671252035
3.475,12.075625,8.243387168097494,31308.180979768866,-0.3429028968067739,6.971854015288459,0.6817560349067429,2.1654472651951573,27.729618347098835,16.49020116115257,84.8969282648163
3.5,12.25,8.36242370967915,31759.314125470955,-0.34606170159684213,7.144847739936466,0.7061167486327222,2.9181482285139344,28.305170327653276,16.84053979737813,85.7993904412728
3.5250000000000004,12.425625000000002,8.482313559802613,32213.68120053292,-0.34906320139868235,7.323038106087487,0.7332326717199243,3.6745952986476462,28.886696708198222,17.194317882943757,86.70113417864096
3.5500000000000003,12.602500000000003,8.603056718467878,32671.282204954747,-0.35191389952738245,7.248033326018604,0.7124136269039151,3.8237013324000086,29.474200381108595,17.551531634147004,87.60217029870044
3.575,12.780625,8.724653185674947,33132.11713873645,-0.3546201116344866,7.428887223424198,0.7419459889521954,4.578298677781929,30.067684260921784,17.912177398073013,88.50250950793546
3.6,12.96,8.84710296142382,33596.18600187803,-0.35718796623144705,7.61497699799854,0.7742698295335684,5.336536171847867,30.667151283008586,18.27625164989589,89.40216239732806
3.625,13.140625,8.970406045714498,34063.48879437948,-0.35962340556081324,7.806331408564885,0.8094183578536277,6.098309710275203,31.272604402289325,18.643750990228746,90.30113944226042
3.6500000000000004,13.322500000000003,9.09456243854698,34534.025516240785,-0.3619321867930412,8.002973965097425,0.8474216530209812,6.8634059970881305,31.884046591993712,19.014672142521864,91.1994510025186
3.6750000000000003,13.505625000000002,9.219572139921265,35007.79616746199,-0.36411988352716435,7.874456249461808,0.7922913156723175,6.452102883058007,32.501480842463046,19.38901195050876,92.09710732238925
3.7,13.690000000000001,9.345435149837353,35484.800748043046,-0.366191887573972,8.072080417495478,0.8303835020540055,7.209776664311125,33.124910159993945,19.76676737569967,92.99411853084364
3.725,13.875625000000001,9.472151468295246,35965.03925798397,-0.3681534110007959,8.274980506165614,0.871318893671943,7.970870248933284,33.7543375657217,20.14793549492185,93.89049464180134
3.75,14.0625,9.599721095294944,36448.511697284775,-0.37000948841749465,8.48317448515624,0.9151268704842406,8.735272619154049,34.389766094542715,20.53251349790636,94.78624555446797
3.7750000000000004,14.250625000000003,9.728144030836447,36935.21806594545,-0.3717649794837563,8.69667804419318,0.9618354955470632,9.502874078843123,35.03119879407438,20.920498684920634,95.68138105374128
3.8000000000000003,14.440000000000001,9.857420274919752,37425.15836396601,-0.37342457161840337,8.898663862284202,1.008580598391427,10.31214172715312,35.678638723651396,21.311888464446316,96.57591081067997
3.825,14.630625000000002,9.98754982754486,37918.33259134642,-0.37499278289197113,9.122055425652201,1.0610658732530283,11.084302884565465,36.33208895335759,21.706680350901834,97.46984438303083
3.85,14.822500000000002,10.118532688711772,38414.740748086704,-0.3764739650844488,9.350774740747022,1.116516544465661,11.859336440854598,36.99155256309175,22.104871962408932,98.36319121580853
3.875,15.015625,10.250368858420488,38914.38283418688,-0.3778723068907077,9.584829376272037,1.174955563132527,12.637140845714326,37.657032641666795,22.506461018602685,99.2559606419247
3.9000000000000004,15.210000000000003,10.383058336671013,39417.258849646925,-0.37919183725679506,9.824225049673606,1.2364046889743383,13.417616396981577,38.328532285940994,22.911445338484306,100.14816188286169
3.9250000000000003,15.405625000000002,10.516601123463337,39923.368794466835,-0.3804364288309398,10.047009758131066,1.295889971538352,14.207528107582275,39.00605459998026,23.31982283831596,101.03980404938709
3.95,15.602500000000001,10.650997218797468,40432.7126686466,-0.38160980151379587,10.296180317499148,1.3631417712932516,14.99103943269648,39.689602694250716,23.73159152955721,101.93089614230587
3.975,15.800625,10.7862466226734,40945.29047218625,-0.38271552609313336,10.550681753617821,1.4334468869078822,15.776936388569137,40.379179684840295,24.146749516842053,102.82144705324644
4.0,16.0,10.922349335091136,41461.10220508576,-0.3837570279488805,10.810513454244376,1.506822654681219,16.56512850635529,41.074788692708644,24.56529499599619,103.71146556547744
4.025,16.200625000000002,11.059305356050679,41980.14786734516,-0.384737590815111,11.075673410214671,1.5832853859335623,17.355527446761624,41.776432842964276,24.987226252093656,104.60096035475271
4.050000000000001,16.402500000000007,11.197114685552027,42502.427458964434,-0.3856603605862638,11.322163275995246,1.6558731392361283,18.124960911630957,42.484115264168345,25.412541657552197,105.4899399901814
4.075,16.605625,11.335777323595172,43027.94097994357,-0.38652834915557077,11.597998769665317,1.7386411331943505,18.921347484267635,43.197839087663795,25.841239670266727,106.37841293512083
4.1,16.81,11.475293270180122,43556.68843028257,-0.38734443827435167,11.879161095670105,1.8245528888797582,19.71968756067517,43.91760744692952,26.273318831780124,107.26638754808957
4.125,17.015625,11.615662525306883,44088.66980998145,-0.38811138342151036,12.165643375922828,1.9136208913251498,20.519900928260398,44.643423476958304,26.70877776549083,108.15387208369864
4.15,17.222500000000004,11.756885088975446,44623.8851190402,-0.38883181767323344,12.457437776726515,2.005856771890222,21.321909732845754,45.375290313657906,27.14761517489624,109.04087469359864
4.175000000000001,17.430625000000006,11.89896096118581,45162.33435745883,-0.38950825556354635,12.729632789849253,2.093116628731122,22.093286426247044,46.113211093274785,27.58982984187175,109.92740342744108
4.2,17.64,12.041890141937978,45704.01752523733,-0.3901430969270238,13.032080530187228,2.1918134227811574,22.900530787646105,46.85718895183929,28.035420624984255,110.81346623385171
4.225,17.850624999999997,12.185672631231947,46248.93462237567,-0.3907386307155796,13.339823246127466,2.2937216054028267,23.709345673749525,47.60722702463201,28.484386457839832,111.6990709614148
4.25,18.0625,12.330308429067728,46797.08564887391,-0.39129703878187055,13.652849920260316,2.3988496600604594,24.51966209135465,48.363328445670234,28.9367263474647,112.5842253596661
4.275,18.275625,12.475797535445311,47348.47060473203,-0.39182039962244525,13.97114897367081,2.507205396429027,25.331413422363013,49.12549634721409,29.392439372718915,113.46893708009317
4.300000000000001,18.490000000000006,12.622139950364698,47903.08948995003,-0.3923106920743453,14.24241729234841,2.591963645687582,25.98172226287156,49.89373385929168,29.851524682742237,114.35321367714225
4.325,18.705625,12.769335673825886,48460.942304527875,-0.39276979895942293,14.57011434016518,2.7059554632640777,26.794940898612094,50.66804410924248,30.31398149543138,115.23706260922982
4.35,18.922499999999996,12.917384705828875,49022.02904846558,-0.3931995106711784,14.903038347618875,2.823186097659724,27.60942017873809,51.44843022127862,30.779809095948174,116.12049123975787
4.375,19.140625,13.066287046373674,49586.34972176318,-0.3936015286994387,15.241176169554747,2.9436610786503006,28.425102116765107,52.2348953160631,31.24900683525787,117.00350683813176
4.4,19.360000000000003,13.216042695460278,50153.90432442064,-0.39397746908869574,15.584514417589538,3.067385427565426,29.241930947824272,53.02744251030457,31.7215741286971,117.88611658077932
4.425000000000001,19.580625000000005,13.366651653088685,50724.69285643801,-0.39432886582639987,15.873203256981082,3.1602622145759955,29.86825497484463,53.82607491636829,32.19751045457088,118.76832755217134
4.45,19.802500000000002,13.518113919258889,51298.715317815215,-0.39465717415795837,16.225691490221315,3.2895109807925853,30.685894337628877,54.63079564190247,32.67681535277802,119.65014674584098
4.475,20.025624999999998,13.6704294939709,51875.97170855227,-0.39496377382562375,16.583330448440673,3.4220119786106107,31.50453646231875,55.44160778947956,33.15948842346448,120.53158106540259
4.5,20.25,13.82359837722472,52456.46202864921,-0.3952499722288678,16.946106285844316,3.557768551284575,32.324133488582795,56.258514456252,33.64552932570388,121.41263732556845
4.525,20.475625000000004,13.977620569020344,53040.186278106055,-0.3955170075042288,17.31400515541657,3.696783676272762,33.14463955790492,57.08151873362182,34.134937776204815,122.29332225316294
4.55,20.702499999999997,14.132496069357764,53627.144456922746,-0.39576605152298827,17.49072002219448,3.704967278390308,33.24508474583103,57.910623706923964,34.627713548044376,123.17364248813368
4.575,20.930625000000003,14.288224878236996,54217.33656509932,-0.3959982128053829,17.86503842678608,3.8468992105374724,34.062975894268455,58.74583245512255,35.12385646942737,124.05360458455881
4.6000000000000005,21.160000000000004,14.44480699565803,54810.76260263578,-0.3962145393503832,18.24441299177871,3.992065752265635,34.88167719521147,59.587148050519616,35.62336642247047,124.93321501164974
4.625,21.390625,14.602242421620863,55407.422569532064,-0.39641602138037846,18.628830191689154,4.140468774848695,35.701148722311295,60.434573558476146,36.12624334201112,125.81248015474914
4.65,21.622500000000002,14.760531156125507,56007.316465788266,-0.39660359400039386,19.018276664971836,4.292109892056424,36.52135234901758,61.288112037145,36.63248721444061,126.69140631632384
4.675,21.855625,14.91967319917195,56610.444291404296,-0.3967781397717319,19.185814999571193,4.2765942122413385,36.486566635220974,62.147766537214835,37.14209807656047,127.56999971695134
4.7,22.090000000000003,15.079668550760202,57216.80604638024,-0.3969404912001794,19.5810705736812,4.4304419501283165,37.303314148638144,63.01354010166543,37.65507601446223,128.448266496301
4.7250000000000005,22.325625000000006,15.240517210890255,57826.401730716054,-0.3970914331391483,19.981288184599954,4.587496310237559,38.12071299636199,63.885435765533266,38.17142116242962,129.32621271410764
4.75,22.5625,15.40221917956211,58439.2313444117,-0.3972317051083307,20.386455309611247,4.747758149794789,38.93873027967674,64.76345655568751,38.691133701863,130.20384435113942
4.775,22.800625000000004,15.564774456775773,59055.294887467244,-0.39736200352864126,20.796559693449353,4.911228155040531,39.75733468166914,65.64760549061606,39.21421386022559,131.08116731015775
4.8,23.04,15.728183042531233,59674.59235988264,-0.39748298387439557,21.00140963806366,4.906157313691421,39.762616831241196,66.53788558022069,39.74066191001062,131.95818741686986
4.825,23.280625,15.892444936828506,60297.12376165795,-0.39759526274383467,21.417699460464146,5.072089805178399,40.57835003832125,67.43429982562192,40.270478167729614,132.83491042087417
4.8500000000000005,23.522500000000004,16.05756013966758,60922.889092793106,-0.3976994198492478,21.83886857277822,5.241202548803319,41.39459958884781,68.33685121897253,40.803662992920785,133.71134199659713
4.875,23.765625,16.223528651048454,61551.88835328812,-0.39779599992807707,22.264905854528028,5.4134957212361785,42.211338916028474,69.24554274327966,41.34021678717748,134.58748774422224
4.9,24.010000000000005,16.390350470971136,62184.12154314303,-0.3978855145765006,22.695800506526524,5.58896939612542,43.02854280572545,70.16037737223549,41.88013999319615,135.46335319061112
4.925,24.255625,16.55802559943562,62819.58866235778,-0.3979684440070933,22.89204006194754,5.558499569006316,42.91601231458577,71.08135807005551,42.42343309384336,136.33894379021518
4.95,24.5025,16.72655403644191,63458.28971093243,-0.398045238732252,23.328610509188334,5.735817104699927,43.72979002932734,72.00848779132514,42.97009661124151,137.2142649259799
4.9750000000000005,24.750625000000007,16.89593578199001,64100.22468886696,-0.39811632117514895,23.769983077840827,5.916282933102212,44.543974890532645,72.94176948085317,43.520131105872935,138.08932191023916
5.0,25.0,17.0661708360799,64745.393596161346,-0.39818208721003995,24.21614823187386,6.09989682579073,45.35854571096929,73.88120607353295,44.07353717570185,138.96411998560197
