galaxy,tier,age_confidence,morphology_bin,t50_gyr,g98,beta_eff,chi2nu_configg,chi2nu_mond,chi2nu_nfw,rho,phi_last,n_points,vmax_obs_kms,r_knee_kpc,g_outer,chimera_flag
NGC 5371,T2,MEDIUM,GIANT,7.5,32375.00085517243,-0.3816899476356414,1.048829444728106,27.034717622957864,0.4134300947883114,0.0237775650691096,0.4542835681341232,19,242.0,34.05288518589021,769.7986894463668,False
NGC 4088,T2,MEDIUM,SPIRAL,6.8,11061.20685578661,0.2276347422150702,10.769292646505653,20.85392668354631,0.0529327119149704,0.1084199246780388,0.8982479544123825,12,182.0,18.92687240101675,1199.2552141527,False
NGC 6195,T2,HIGH,BULGE-DOM,7.9,38719.26611497974,-0.3944780941368861,0.6865751666094992,19.269386984498368,0.2036863385795615,0.0362675369781409,0.4565609126146339,23,258.0,34.201190074364675,1404.2524155915455,False
NGC 3877,T2,MEDIUM,SPIRAL,7.3,10888.903094252872,0.172799324660281,3.5468525135663453,9.35425044726358,0.428827392276063,0.2987476711263301,0.8216045452627057,13,171.0,11.35,3253.0344405286346,False
NGC 7331,T2,HIGH,GIANT,7.0,42616.29342791137,-0.3936918734528421,4.149101651705092,24.75828862660402,0.0351452352703733,0.0218933783311069,0.9856928589154932,36,257.0,28.309128864517096,933.014635086753,False
NGC 3953,T3,MEDIUM-HIGH,GIANT,8.8,11518.261157969464,-0.0411757955468381,0.5039998668161734,9.696557136154723,0.0167289434262901,0.2727600203599447,0.7747082513803362,8,224.0,15.68,3141.721147959184,False
NGC 6946,T2,MEDIUM,BULGE-DOM,6.0,53690.955800987824,-0.3957920107190305,1.225281394087155,8.475243229300283,0.0346820840668306,0.014875242457118,0.96874846056508,58,181.0,14.974114412127012,798.6659852941177,True
NGC 3521,T1,MEDIUM,GIANT,3.2,67758.56586530268,-0.3688303327761039,1.0454780446379086,8.919994546653404,0.0393904108208606,0.0195536727342382,0.306292166845613,41,220.0,16.429544881589816,1324.9288218714769,True
NGC 0891,T2,MEDIUM,BULGE-DOM,7.8,73817.49527574962,-0.3989285608275577,2.4521519410541748,22.460270248393154,0.559955257001835,0.0317601466719536,0.949152849827361,18,234.0,17.11,2344.4544769140853,False
NGC 4157,T3,MEDIUM,GIANT,8.4,13730.499083323482,-0.1337846940432245,2.599903950396403,11.631650104593575,0.053610792311715,0.0435597301961819,0.663689463997861,17,201.0,18.68737398573451,598.0968355285376,False
NGC 5907,T2,MEDIUM,GIANT,7.0,6121.190238897213,0.8550121002244251,4.736555344635173,7.613402829075082,0.1764422947230684,0.0645688499072255,0.5361639292364178,19,235.0,24.56097807072001,395.2382137889927,False
NGC 3992,T2,MEDIUM-HIGH,GIANT,7.2,5054.556840990105,1.041099667006383,4.83819184524337,4.516520207343494,0.0356438385523215,0.1069060037975438,0.5830627022419936,9,272.0,28.18501107150262,540.3624728378965,False
NGC 3726,T2,MEDIUM,SPIRAL,5.5,5387.333857463467,1.265719092800896,14.850760028362686,10.27959504601605,0.1014942475430856,0.0652297693428714,0.576826668796097,12,169.0,15.82684062233994,351.41454489544896,False
UGC 09037,T2,MEDIUM,SPIRAL,5.0,7024.82957680365,1.0807959859392853,9.1338034154156,12.180678436884252,0.1025683796096408,0.0763624922729505,0.4724695832406159,22,160.0,14.656200973680392,536.4334942775394,False
NGC 4217,T3,HIGH,BULGE-DOM,9.0,28015.658179310347,-0.3848165435662213,3.81746529986457,17.900354270401124,0.4004653636621076,0.0504089330602247,0.9514436967659368,19,191.0,15.746436051491017,1412.2394377990431,False
NGC 2955,T2,HIGH,BULGE-DOM,7.4,37785.86105935484,-0.3911033654871819,1.03166698343868,14.09922233448146,0.4790120650206668,0.0342387282321621,0.680100422231943,24,276.0,32.02874298772093,1293.7398278295232,False
IC4202,T2,MEDIUM,BULGE-DOM,7.8,21873.39096285224,-0.3178561849691025,4.782742306246384,7.040643709035043,0.8632966157274085,0.0665854125266262,0.8440968229594168,32,250.0,24.856202342596216,1456.4487606177606,False
NGC 3893,T2,MEDIUM,SPIRAL,6.5,21704.56290861741,-0.2462340929465812,2.953982185908744,4.77103333929611,0.0480374298293082,0.03921337624648,0.8510367722226178,10,194.0,14.125356276933688,851.1091916010498,False
UGC 06973,T2,HIGH,SPIRAL,8.2,67302.68240153255,-0.3989193838368386,7.8914340075189,27.45892994095349,0.0127878817740545,0.0605353820528237,0.8758322074776076,9,180.0,7.85,4074.193592356688,False
NGC 2998,T2,HIGH,GIANT,6.8,10283.282117079889,0.3028638733370273,2.16500633724907,5.237799187967694,0.1302892114445364,0.0484692988854316,0.5136282256742065,13,214.0,21.96837734866825,498.4234744560075,False
UGC 06614,T3,MEDIUM,BULGE-DOM,8.0,15832.132091503265,-0.1909151514375434,4.291638714968944,7.251507001665737,0.054037404737486,0.0119262994990851,0.2564034953376041,13,205.0,20.52281798428261,188.818749032358,True
UGC 11455,T3,MEDIUM,GIANT,10.3,10456.117287540985,-0.0866173374954374,2.7609144561094414,14.814405356431385,0.3713602240156565,0.1017910685229114,0.6889413050404117,36,291.0,35.24513568961006,1064.3393512997852,False
NGC 1090,T2,MEDIUM,SPIRAL,8.0,8616.261502044392,0.3180110409104035,1.6170674585507,7.14743134073714,0.1882194433613503,0.0540632262076545,0.4587636712674081,24,176.0,16.021522374208224,465.8228946493852,False
UGC 02916,T2,HIGH,BULGE-DOM,7.4,44933.172032432405,-0.39641931892668,2.591551038681477,9.21366283420224,0.3502900930412256,0.0119197626277139,0.4333179562470262,43,218.0,20.589911206100563,535.5927447368422,True
NGC 0801,T3,MEDIUM,GIANT,8.3,28744.19453846154,-0.3800503128757576,1.697686402411322,18.135734280267567,0.3707710080462838,0.0171590919168681,0.4226628368102171,13,238.0,32.361495942087366,493.2242761618188,True
NGC 4100,T2,MEDIUM,SPIRAL,7.0,6313.859853531952,0.8192813703427653,3.382876470126069,3.434040850208081,0.0781321345592678,0.0907794835532162,0.7232775565281514,24,195.0,14.092688694805474,573.1689367311071,False
NGC 5055,T2,MEDIUM,GIANT,7.6,47718.114080963496,-0.3976202886063399,4.1246881778784,19.002564860231207,0.0136558709501973,0.0052566020152105,0.3310165964103899,28,206.0,21.970766920629696,250.83513464004392,True
UGC 02455,T2,HIGH,DWARF,5.5,4194.311578543046,1.5171083329412718,11.826754740056264,8.797339316203686,0.0700513948443485,0.3042771743431747,0.7625008917927838,8,61.0,3.517102220252053,1276.2332754342433,False
UGC 03580,T2,HIGH,BULGE-DOM,7.0,26258.132284910487,-0.3378310317995441,3.294627984475257,5.461492929176215,0.0886453544123416,0.0047543357795781,0.3552391737230249,47,131.0,6.008691537682365,124.839977827051,True
NGC 4559,T2,HIGH,SPIRAL,6.3,4705.529777747624,1.2652017493338308,2.432208516017364,4.401254515483222,0.013067300820777,0.0700442395848713,0.3444313548099286,32,124.0,7.964594851874727,329.59525512637106,False
NGC 4013,T3,MEDIUM,BULGE-DOM,9.0,8175.220068425574,0.2500413647251415,3.743554740914214,6.837151819182252,0.0615058601648773,0.0468629904011152,0.6318234021368794,36,198.0,15.691544888819807,383.1152595936794,False
NGC 3198,T2,MEDIUM,SPIRAL,7.0,9123.535924999986,0.4002353340380166,2.8355146563356284,3.028952415924545,0.0997699276243413,0.0151353685269379,0.2644226553558475,43,157.0,10.657544952234398,138.08807849364794,True
UGC 11557,T2,MEDIUM,SPIRAL,7.8,2223.4532904911184,1.7673014126607565,7.923148952557358,6.963239757409599,0.129965342750114,0.3138474058944744,0.8704761350645067,12,85.0,5.454875728983585,697.8250473484848,False
NGC 4010,T2,MEDIUM,SPIRAL,6.0,2686.3247573464696,1.824933457287913,4.105246828766993,2.732911807421356,0.1103115198413877,0.3298521156332412,0.7998521420322766,12,129.0,6.704658362269055,886.0899044890162,False
NGC 2903,T2,MEDIUM,GIANT,6.2,84575.03018749978,-0.3989009832770978,5.127903090786777,12.359508499981413,0.65119446173762,0.0072237692312591,0.8006775539205013,34,216.0,15.67660603446122,610.9505008012819,True
NGC 7793,T2,PLATINUM,SPIRAL,6.5,6428.2185064935065,0.8839636816548206,1.0034207786942535,1.066120797371917,0.0913987862549753,0.1074801095004385,0.4498920307437277,46,116.0,5.087330595534696,690.905628970775,False
NGC 3917,T2,HIGH,SPIRAL,7.0,1806.125370585075,1.9969064048508829,3.890766954762229,1.741192484189151,0.0919770110850923,0.3286866477117695,0.9491285750077184,17,138.0,7.8101464364097986,593.6492934051143,False
F571-8,T2,MEDIUM,SPIRAL,8.0,9115.949957586272,0.2591377827808491,5.880932481645193,3.8484850627730975,0.1379646825774501,0.0225725226768055,0.4727450746651961,13,144.0,5.11192705214336,205.76998713826367,False
NGC 3972,T2,HIGH,SPIRAL,7.3,2579.782404597701,1.69923424127539,2.1039998522066785,1.043060093622365,0.049999015080449,0.4198052037455146,0.8393226987893346,10,134.0,7.089731195400722,1083.0060779816513,False
NGC 3769,T2,MEDIUM,SPIRAL,6.0,8402.48132392118,0.6672754442747799,3.0868717094438147,3.736049115131957,0.0295233342134145,0.0101917309360052,0.5588591104959388,12,126.0,7.858671623938408,85.6358288482239,True
NGC 5005,T3,HIGH,BULGE-DOM,9.3,120116.4332244898,-0.3989422802760008,0.2329107855524578,8.093977807416213,0.0249749689478382,0.0547179274231165,0.6820492246270575,18,265.0,11.47,6572.522275501307,False
ESO 079-G014,T2,MEDIUM,SPIRAL,7.2,2292.5264719101124,1.8065037507674455,1.527095200801584,1.43073281838137,0.189047427683657,0.4467329660608583,0.4455215179769046,15,178.0,5.281663128746266,1024.1471505698862,False
NGC 2976,T3,MEDIUM,SPIRAL,10.0,4249.6544376278125,0.8645030876487141,0.5686011558404291,0.8958517916300323,0.028474932206557,0.6548154189812222,0.0527247932356937,27,88.7,0.24,2782.7392511013213,False
UGC 04305,T3,HIGH,DWARF,11.5,709.8628396825396,2.238347802815605,1.1690287493022806,2.851629768778149,0.0491519313610303,0.3734978527612587,0.1085741534569839,22,37.3,1.26,265.1322463768117,False
NGC 4183,T2,MEDIUM,SPIRAL,5.2,1601.2648643678156,2.2291409908597744,0.3309089823101077,1.4736411312439972,0.0135817572675647,0.1110159303523418,0.4054027184464385,23,115.0,1.2897355232650238,177.76590865842056,False
NGC 5585,T2,MEDIUM,SPIRAL,5.0,2857.2943363148484,1.91397146102818,1.0921880672881232,1.0049844313774057,0.0382184728170288,0.0725370009696071,0.493884827854119,24,92.3,1.7306543779862906,207.25956204379565,False
UGC 07089,T2,HIGH,DWARF,5.9,729.0814076912973,2.4659425164391227,1.2972194857346957,1.917905252877525,0.0086792312438328,0.4143531276270729,0.6484736663702233,12,79.1,2.61,302.0971615720524,False
UGC 07151,T2,MEDIUM,DWARF,6.0,1477.7548800000002,2.1989000958483373,0.4630614447190143,0.6810736961915882,0.0216852436201192,0.3801289303255771,0.592557675059914,11,76.2,1.0,561.7373818181818,False
UGC 04499,T2,HIGH,DWARF,5.4,942.117010989011,2.4180898385694545,0.3635656889129131,0.7844526800921848,0.0204772786115992,0.2775530318554121,0.6004827609005557,9,74.3,0.91,261.4874327628362,False
UGC 07323,T2,HIGH,SPIRAL,6.4,1057.262786285714,2.3185091849957464,1.3115347250257994,1.4049494843777008,0.0150993936051773,0.7361932321835293,0.3199748643857228,10,85.6,1.75,778.34970790378,False
UGC 05750,T2,HIGH,DWARF,5.7,237.981842838216,2.6526216145454464,0.1776034790466081,1.1414603803187668,0.0649877872626819,0.3809339768173471,0.944209036025738,11,78.9,9.43,90.65536980306344,False
UGC 06917,T2,HIGH,SPIRAL,6.0,1722.2990881226056,2.118469520555723,0.4163528162242888,0.584603765484442,0.0189110294730613,0.276251411964209,0.5518410465272544,11,111.0,2.1625241739381225,475.7875549188156,False
NGC 0055,T3,HIGH,SPIRAL,10.8,767.1383161894663,2.231478850926862,0.7344363688408256,1.8169295345628855,0.0345588694473724,0.3315479270825129,0.1578537804467872,21,87.4,1.84,254.3431185185185,False
F579-V1,T2,MEDIUM-LOW,SPIRAL,7.5,1116.427555856466,2.2265156070102936,0.1341152489537219,0.5521053882351031,0.0310422668183009,0.3032658103174663,0.4808044043245351,14,114.0,2.11,338.5743073878628,False
UGC 04325,T2,HIGH,SPIRAL,5.7,924.714907458284,2.40703504125072,0.2562027670534091,0.1639727959887496,0.0293088807461856,0.5654855864021935,1.0,8,92.7,2.79,522.9129516994633,False
UGC 05716,T2,HIGH,DWARF,5.3,452.171925435017,2.5853485224793884,0.7561196110325427,0.1415173469917158,0.0033743460136586,0.1765786063846895,0.6570324638825126,12,74.7,1.03,79.84388843977364,False
CamB,T2,MEDIUM-LOW,DWARF,4.1,319.01572225266364,2.655797669907367,0.6067299268637472,0.997345510945796,0.0184828889767349,0.4729214736159535,0.6716545491745909,9,20.1,0.73,150.86938547486034,False
UGC 08837,T2,MEDIUM,DWARF,5.0,357.9872864191242,2.624402287724058,0.4974522106854993,1.1518661693067969,0.0420238919731591,0.7933632370609981,0.7503252130206063,8,48.0,2.63,284.0139523809524,False
UGC 07608,T2,HIGH,DWARF,6.0,190.33639803921568,2.666682582618793,0.6805967587921988,0.0595918176710903,0.0325090120580023,0.9300445985887132,0.5675581611262068,8,69.3,0.6,177.0213389121339,False
DDO 154,T2,MEDIUM-LOW,DWARF,5.0,322.8987283446712,2.6357930064356423,0.4120275203255625,0.1181636414014028,0.0107859519284645,0.1484636265426744,0.7371635546101577,12,48.2,0.49,47.93871621621622,False
KK98-251,T2,LOW,DWARF,3.6,212.1289471104947,2.691645243003808,0.0952164756509208,0.420901965214614,0.0147862518428693,0.6899634210722818,0.9784418991538498,15,34.6,1.89,146.361214057508,False
UGC 07577,T2,HIGH,DWARF,6.0,180.5909016118633,2.6705272389757053,0.2670942427360865,0.698045357720181,0.002252724010234,0.7341818821612953,0.9158795588550296,9,17.8,0.94,132.58656804733727,False
UGC 04483,T2,HIGH,DWARF,5.0,409.59148166666665,2.6077277657989626,0.0440669677144578,0.1276208036026007,0.0034329517424823,0.413429472197962,0.4616792340871188,8,24.3,0.24,169.33719008264464,False
DDO 64,T2,MEDIUM,DWARF,6.2,377.590889260385,2.588897423005416,0.0225506840065374,0.1149571813805628,0.0270543941429616,0.7000341310781355,0.8915568740657809,14,46.9,1.88,264.32651006711416,False
UGC 06399,T2,HIGH,SPIRAL,7.6,620.8034546600985,2.440478723294764,0.2641439614995502,0.2181913582224383,0.0288246831015151,0.4758009178032592,0.3935900222247364,9,87.6,1.74,295.3788535031847,False
UGC 05918,T2,HIGH,DWARF,7.3,152.02122125785556,2.668803342098119,0.1115528674943347,0.1512628657471196,0.0027900260956331,0.7849376152866641,0.5861105968897249,8,44.5,2.23,119.32717488789238,False
UGC 01281,T2,MEDIUM,DWARF,6.5,249.0989313063063,2.635490587974018,0.0999159251594327,0.1241433703710943,0.0449299097043309,0.6041369947664045,0.364187681712211,25,56.9,2.22,150.48987975951906,False
UGC 05829,T2,HIGH,DWARF,4.5,248.6846049270509,2.668190182575485,0.0750060756960098,0.3608885152060496,0.0037147636613738,0.9346576896449932,0.9999957029032478,11,68.6,5.65,232.43497829233,False
IC 2574,T3,HIGH,DWARF,11.7,160.8603319948022,2.618437863687131,0.089404099235754,1.0653106371326555,0.0316850544800759,0.7977448016798049,0.7323559267060391,34,67.5,6.54,128.3254936461388,False
UGCA 444,T2,HIGH,DWARF,5.1,201.1672531185032,2.6743187109075555,0.0535593134160079,0.0721598842566522,0.0021657057052007,0.4141451526337636,0.9160305658505924,36,38.3,1.11,83.3124427480916,False
UGC 05764,T2,MEDIUM,DWARF,7.6,216.74919259108387,2.63366017734719,0.4520839586024873,0.1136545714964326,0.0454162395029049,0.6501210119157598,0.9994698296818396,10,55.8,2.17,140.91320441988947,False
NGC 2366,T3,HIGH,DWARF,11.0,494.5677654543408,2.3968668238241317,0.308302194163443,0.568405623422294,0.0377073941376723,0.2883303448985406,0.5203816824175953,26,53.7,1.07,142.59889438943895,False
UGC 06667,T2,HIGH,SPIRAL,5.7,171.62940641090134,2.677460199161972,1.905770927375488,0.3720092665634051,0.0341232865473271,0.8715947328116536,0.689707970767568,9,85.7,5.24,149.59128662420383,False
UGC 12632,T2,HIGH,DWARF,7.0,292.02967628791606,2.607969427532684,0.1230719383010694,0.3953140170817076,0.0095995540267643,0.5464378854475559,0.4622304253856487,15,73.2,2.14,159.57607879924953,False
UGC 00191,T2,MEDIUM,SPIRAL,5.0,932.3110591133004,2.443922572482278,0.347931264924569,0.2652833724983555,0.04691998506453,0.2318459090417375,0.2032481578454109,9,83.85,0.87,216.1525050100201,False
UGC 00731,T1,MEDIUM,DWARF,3.7,162.32935429828697,2.7024650707129863,0.6943082430981828,0.2765596346733205,0.0047947749089535,0.8146022598062972,0.8526623283090955,12,74.0,8.19,132.23385884509622,False
UGC 07524,T2,HIGH,SPIRAL,4.7,551.2594260869562,2.5729388001562845,0.1139137053417108,0.5584726746392641,0.0185642533012589,0.4518636686349868,0.3104657254127639,31,83.8,0.35,249.09410664172125,False
NGC 0247,T2,HIGH,SPIRAL,7.4,563.719081684241,2.473940205498652,0.1825704443203346,0.7499075331423761,0.0192249888269628,0.4372678138143179,0.4259124859534708,26,108.0,2.15,246.49621045392024,False
DDO 161,T2,MEDIUM-LOW,DWARF,5.0,478.9560010286744,2.585459263232304,0.2804930762381799,1.2720120044224963,0.0057489619792652,0.1496155218909219,0.8829381592153913,31,67.5,2.02,71.65925205684367,False
UGC 03205,T2,HIGH,BULGE-DOM,7.9,33628.32597612268,-0.3883709635609979,6.7004490599597135,2.796988935488095,0.325684210465449,0.0107255965224062,0.323421286875598,48,237.0,19.508788837548902,360.6838561438561,True
NGC 3109,T3,HIGH,DWARF,11.5,165.718894866706,2.616905347915308,0.8624099712155422,0.0482303919605723,0.0338769841436597,0.5014679421114641,0.3648141217311044,25,67.3,2.06,83.10271317829458,False
D631-7,T1,MEDIUM,DWARF,3.6,509.2096629629629,2.621602881985191,0.6179309029792512,0.4631624835160411,0.0375627803634823,0.1076219324600132,0.7120684531829147,16,58.5,1.35,54.80212795549373,False
F568-3,T2,MEDIUM-LOW,SPIRAL,7.6,498.231190385271,2.497743786060035,0.4812200904851591,0.4330286589594742,0.1183464221863684,0.437483233079234,0.1913742469321094,18,120.0,4.19,217.9677919911012,False
F583-1,T2,MEDIUM,SPIRAL,5.0,237.3697833118438,2.6637381925900296,0.6508007068573758,0.1651899586813531,0.1017673412938769,0.4809448866007285,0.5124014046933238,25,86.9,1.22,114.16178351783516,False
DDO 168,T2,MEDIUM,DWARF,7.7,578.8923516129032,2.4563856967934217,0.3064630973042138,0.2659757565199273,0.0458590065238743,0.3291708549266754,0.3927988823531684,10,55.0,0.82,190.5544902912621,False
UGC 04278,T2,HIGH,SPIRAL,6.0,623.0601019381443,2.50073778615065,0.2899652411583652,0.191379615390161,0.0434858150643622,0.635853405890323,0.9250677475025008,25,92.8,1.25,396.1748878923767,False
UGC 01230,T2,HIGH,SPIRAL,6.0,704.8977383524278,2.470379161607161,0.4427761577447336,1.03011493560191,0.1550651920703902,0.0987069812742026,0.7576315344000524,11,113.0,2.35,69.5783278598796,False
F563-V2,T2,MEDIUM,SPIRAL,6.0,632.9929935651271,2.49703600462164,0.6856635836822761,0.3796246090123448,0.1110680334207763,0.451624581477539,0.7554969985805117,10,118.0,2.35,285.8751957975167,False
F574-1,T2,MEDIUM,SPIRAL,5.5,755.3445920567377,2.4749949889690788,0.2145289091961902,0.2920064517513877,0.0657580718747807,0.3593688815992636,0.6186849500171805,14,99.7,1.41,271.4473412698413,False
UGC 05005,T2,HIGH,SPIRAL,6.0,434.24644029044737,2.5720115083101747,0.6838054766075647,1.2014176096848128,0.0299196467423934,0.17621294985461,0.6572922311805376,11,100.0,3.91,76.51984620761972,False
NGC0100,T2,MEDIUM,SPIRAL,7.5,1072.6607374137138,2.2450531054003684,0.593537803235304,0.7149501562959051,0.0327492133583737,0.2013249390565372,0.4276713856252688,21,91.2,1.59,215.9533575883576,False
UGC 08286,T2,HIGH,SPIRAL,5.6,677.7704239840107,2.4971876906603403,0.4225985430126094,0.0339923991418427,0.0226058653970278,0.2651075252657658,0.7039426356976336,17,84.3,2.37,179.68203980099506,False
F563-1,T2,MEDIUM,SPIRAL,5.6,337.5563497134606,2.6179043574068324,1.8474656090559904,0.2822221502268366,0.1551164334361933,0.2558630111762406,0.3758745042588218,17,112.5,1.78,86.368184079602,False
UGC 11820,T2,MEDIUM-HIGH,SPIRAL,6.0,599.1023862890086,2.5096858089428853,0.2386722433367872,0.3567853036427851,0.0138767178973903,0.1625606512545164,0.6348620318778573,10,84.45,1.01,97.39047408343868,False
F568-V1,T2,MEDIUM,SPIRAL,5.7,680.8505856584093,2.4918952747844747,1.6258923177438016,0.3835342950909446,0.0436166676375636,0.199534809555862,0.2806659197293768,15,118.0,1.18,135.85339194554737,False
NGC 3741,T3,HIGH,DWARF,11.1,549.848101757632,2.3574125104729333,0.8054620167031689,0.0412220281515776,0.0040466794784847,0.0506880768852364,0.4070889452138498,21,51.6,0.23,27.87074285714285,False
UGC 08550,T2,HIGH,DWARF,5.8,729.7099704046568,2.4701988799686734,0.2800903581303277,0.0521338979396449,0.0049123329506946,0.1861776538738853,0.7124505102758281,11,57.8,0.97,135.85569029850743,False
UGC 07603,T2,HIGH,DWARF,5.7,1206.7523852941176,2.3119929619864066,0.4158782736301742,0.0768228860720674,0.0251251728594901,0.1472835043546909,0.5529888289203014,12,64.0,0.68,177.7347201946472,False
UGC 12732,T2,HIGH,SPIRAL,7.0,450.72003125,2.5372204216165377,0.7601374108001848,0.2300013662860209,0.0031649424139223,0.3460599740924345,0.8323526295174268,16,98.0,1.92,155.97616233766234,False
UGC 06446,T2,HIGH,SPIRAL,4.6,774.2945448275863,2.511735139617957,0.6106791067085416,0.0646467992843796,0.0136144738953066,0.1973529026520248,0.4992357097720352,17,84.9,0.58,152.8092759295499,False
NGC 0024,T2,MEDIUM,SPIRAL,6.5,2613.1697965963745,1.7839567930502347,0.5581003999710551,0.1001591913875432,0.0378369452192524,0.0687620975161051,0.6062923338237182,29,110.0,3.660158772218436,179.6870363797693,False
NGC 6015,T2,MEDIUM,SPIRAL,6.0,5859.155003701493,1.079819982072398,3.1632370656448696,1.493919218911082,0.1371540852891159,0.037060183845207,0.4827903820447407,44,166.0,10.4496584976937,217.14136161477927,False
F568-1,T2,MEDIUM-LOW,SPIRAL,7.1,586.9937999999999,2.4741782300124693,1.872633916494552,0.6121813532035224,0.1449455881650108,0.6108361699817021,0.4704535654868867,12,142.0,1.32,358.557044595616,False
UGC 05986,T2,HIGH,SPIRAL,5.8,1721.731466489597,2.1373040438579425,0.6395394227595522,0.1238428688691872,0.1035253736725261,0.1931542099698503,0.5325589431652957,15,116.0,0.851241647644961,332.5596811902231,False
NGC 0300,T3,HIGH,SPIRAL,11.1,1064.0437579831932,2.0400153883105125,0.8040890182000661,0.2328073861827856,0.0319162253067343,0.1362697000389409,0.7749708634680201,25,97.0,0.91,144.99692372881353,False
UGC 07399,T2,HIGH,SPIRAL,5.4,1613.760936065574,2.207390042499856,1.8225344971817363,0.8553476713438031,0.0137116821482764,0.1634499646949067,0.6092923154078137,10,106.0,0.7662647278909867,263.7691680261012,False
UGC 06983,T2,HIGH,SPIRAL,5.1,1782.6967685823756,2.1863891203011607,0.6062805686150569,0.2982180087678327,0.045321310175345,0.1147084139497542,0.9778615371352044,17,113.0,2.479244803767818,204.49031887755103,False
UGC 03546,T2,HIGH,BULGE-DOM,7.9,211180.4720793248,-0.3989422804014317,1.7541053782666858,9.46222356777472,0.0322342781122438,0.0026137359077734,0.335755180712541,30,262.0,18.06599474113369,551.9699828942867,True
UGC 08490,T2,MEDIUM,SPIRAL,5.0,2322.229952941176,2.050479481559489,1.0400079680648142,0.008138499204966,0.0035966947208456,0.0401877182896853,0.4825828898543833,30,80.1,1.4611726333982686,93.32512315270937,False
UGC 12506,T2,MEDIUM-HIGH,GIANT,6.0,2963.70907456446,1.746998655141231,1.6092477208042724,1.0266042362209906,0.04077937535773,0.1375222719054498,0.2655986543248101,31,255.0,20.236529470397244,407.5760052010402,False
UGC 00128,T2,HIGH,SPIRAL,6.0,675.0228271999998,2.4814245949890443,2.7555544402410965,0.7817575544892161,0.0308887186437505,0.061624469639667,0.7276756017427352,22,134.0,1.25,41.59792372093023,False
NGC 1003,T2,MEDIUM,SPIRAL,6.0,2198.354794076921,1.9689672957435265,2.7467065017921595,1.2032992615130806,0.0329233704634113,0.0358624277389027,0.6627153960628668,36,115.0,4.069661245779004,78.83833994708996,False
NGC 2683,T3,HIGH,GIANT,10.0,15724.974825136584,-0.2909637042909215,3.5158029405752416,5.912314268398266,0.118294787025166,0.0191415967188253,0.661415799950134,11,212.0,15.993831800470232,301.0011265164644,True
UGC 05721,T2,HIGH,SPIRAL,6.0,3801.809185185185,1.5277277431660587,1.6543949742801676,0.2417999926021603,0.0459920931813535,0.0370263588935008,0.130761173191537,23,82.6,1.3172673333837908,140.76715133531158,False
NGC 6503,T2,MEDIUM,SPIRAL,6.5,9386.726657894736,0.4505962234494954,3.323929167103691,1.6149046531243114,0.0205402794506661,0.013730006392896,0.4091112143716797,31,121.0,6.106987965422971,128.8798170212766,True
NGC 2915,T3,MEDIUM,SPIRAL,8.5,4616.605800702367,0.9558116188968376,4.504512401981145,0.6305101671573756,0.114299751264454,0.0145535186381953,0.027316997324655,30,86.5,1.3210970592934392,67.18785856573706,True
NGC 4214,T3,HIGH,SPIRAL,11.2,4984.674225396825,0.550465638137422,1.8002562901210044,0.1208720181226,0.0580375301833568,0.0394680200006782,0.4771179825594137,14,80.6,1.9573839338032573,196.7352220248668,False
UGC 11914,T3,HIGH,BULGE-DOM,10.5,134011.73487521562,-0.3989422804011824,3.0969993821106767,2.7535578834765984,0.1999913623512357,0.0504444828016887,0.9191561744311776,65,305.0,9.83,6760.152655137335,False
NGC 2403,T3,HIGH,SPIRAL,10.8,6966.305095652174,0.2273676918604459,3.1316396516570237,0.9587732547052806,0.0284866419576121,0.025469011782897,0.4210067544400937,73,136.0,5.890441780960513,177.42490656444656,False
UGC 05253,T2,HIGH,BULGE-DOM,8.0,172480.7521902834,-0.3989422804009835,3.3800980476001765,6.595473164629327,0.2670941984792078,0.0018334963077168,0.3751899335509023,73,248.0,22.31087617092425,316.2428222931132,True
UGC 08699,T3,MEDIUM-LOW,BULGE-DOM,8.8,119376.01181395352,-0.3989422798788756,4.730495835079297,2.517633554472854,0.1062983108001295,0.0032969939140636,0.3394388618829931,41,202.0,12.86363326135738,393.5819844357976,True
NGC 5985,T3,HIGH,GIANT,10.0,6563.522270881915,0.3704756136904713,7.386487427442187,1.7243762057800838,0.1248806998366369,0.1581776008937867,0.6614669846270048,33,305.0,26.77819770094636,1038.2022062211984,False
NGC 0289,T2,MEDIUM,SPIRAL,6.7,20835.150913047622,-0.2412980748410772,7.8238759134391795,5.246231588816882,0.1394508791537286,0.0048829214868093,0.5959376288543416,28,194.0,14.596979129578855,101.73640607424072,True
NGC 6674,T2,HIGH,BULGE-DOM,6.2,14970.85132192896,0.0307032918616935,14.54174230227726,2.636120641065004,0.0416039513194506,0.0140048889193321,0.5613562925602917,15,291.0,26.410185459572748,209.66510979146528,True
UGC 02953,T3,MEDIUM,BULGE-DOM,8.8,141664.65773515732,-0.398942280393629,9.714334314968236,6.101710720879017,0.442617659865005,0.0021621958161072,0.3181814722539853,115,319.0,28.026651090739723,306.3067302452316,True
NGC 5033,T2,MEDIUM,BULGE-DOM,7.4,82842.22778684199,-0.398936106916654,11.314932299299135,5.583783167608268,0.0650114152704783,0.0034851726193104,0.4758643291890905,22,225.0,18.17373214948096,288.71946400538235,True
UGC 09133,T3,MEDIUM-HIGH,BULGE-DOM,9.3,114469.35728519736,-0.3989422800148098,10.412489575407855,9.664635014073594,0.2803542398791516,0.0011301124698542,0.3346298353886279,68,289.0,29.8722658281417,129.36324808420275,True
UGC 06787,T3,HIGH,BULGE-DOM,9.0,272010.3591714285,-0.3989422804014327,11.705007066899478,3.751951430176252,0.2866915758295955,0.0012866424907886,0.4055728129328102,71,276.0,16.771270466485078,349.9800860446357,True
UGC 06786,T3,HIGH,BULGE-DOM,8.6,91687.30508749996,-0.3989421368421985,11.69753661908068,0.9107762326393398,0.0994459263963349,0.0033719913408972,0.3713754764463073,45,229.0,15.197387938219194,309.168798825257,True
NGC 7814,T3,HIGH,BULGE-DOM,10.5,145488.97828599118,-0.3989422804014138,10.365398774115045,2.405461674514536,0.0126625328447924,0.0062024825001383,0.922723069420307,18,265.0,14.757566756826796,902.3928417818736,True
UGC 02885,T3,PLATINUM,BULGE-DOM,9.0,38177.93558980163,-0.3969533469397829,19.333453259627287,5.225953522447055,0.2500712294101507,0.0119080446919819,0.6336404793121446,19,305.0,34.758155399353754,454.6245632509789,True
NGC 2841,T3,MEDIUM,BULGE-DOM,9.0,21762.96202416105,-0.3517512917953862,27.268479207913504,0.1858805306733025,0.0692045020889939,0.0127059601873742,0.1859146012540126,50,323.0,25.22428246808653,276.5193290383407,True
UGC 02487,T3,HIGHEST,BULGE-DOM,10.8,10902.5277611796,-0.1471401210039351,35.028089057906485,0.172155628506257,0.1430323834009826,0.0333743067449947,0.6126292103116151,17,383.0,39.40305733014719,363.86430579746207,False
