sample,N,row,young_gt_old_bins,old_gt_young_bins,equal_bin_mean_diff,mass_adjusted_diff
full sample,5952,DML_mfl_obs,8,0,0.07416933690426925,0.06689917623357844
full sample,5952,DML_mfl_int,6,2,0.06064334411381647,0.07724073362290095
full sample,5952,mfl_cyl_log_ML_dyn,0,8,-0.10450000000000005,-0.10749999999999998
full sample,5952,sp_ML_int_Re,0,8,-0.1518616614320509,-0.1693420176342037
full sample,5952,sp_ML_obs_Re,0,8,-0.15789012704454855,-0.15686627897069022
full sample,5952,gnfw_cyl_fdm_Re,5,3,0.001062500000000001,-0.0007499999999999798
full sample,5952,nfw_cyl_fdm_Re,4,4,-0.0034999999999999944,-0.005500000000000005
full sample,5952,"strict residual, int SPS",7,1,0.023776588365007522,0.022474089647612716
full sample,5952,"strict residual, obs SPS",7,1,0.03930118155709858,0.03866119582596708
full sample,5952,"strict residual, both SPS",7,1,0.03467247654014066,0.034396800270352634
full sample,5952,"strict residual (kpc), int SPS",3,5,-0.00029713606338924517,-0.0007868848006867823
full sample,5952,"strict residual (kpc), obs SPS",7,1,0.022203884285452474,0.018830237782875375
full sample,5952,"strict residual (kpc), both SPS",6,2,0.01832976152259135,0.016234096043689666
one cube per MaNGA ID,5875,DML_mfl_obs,8,0,0.074457319711018,0.06708628959478002
one cube per MaNGA ID,5875,DML_mfl_int,6,2,0.05991469388603908,0.07915682073574354
one cube per MaNGA ID,5875,mfl_cyl_log_ML_dyn,0,8,-0.10337500000000002,-0.10599999999999987
one cube per MaNGA ID,5875,sp_ML_int_Re,0,8,-0.1507215095249827,-0.16944241678809868
one cube per MaNGA ID,5875,sp_ML_obs_Re,0,8,-0.1609049934994864,-0.15756055277284509
one cube per MaNGA ID,5875,gnfw_cyl_fdm_Re,5,3,-0.00012499999999999838,-0.0012500000000000011
one cube per MaNGA ID,5875,nfw_cyl_fdm_Re,4,4,-0.002375000000000002,-0.004500000000000004
one cube per MaNGA ID,5875,"strict residual, int SPS",7,1,0.024539837585158153,0.022064795774960205
one cube per MaNGA ID,5875,"strict residual, obs SPS",7,1,0.03935377845544852,0.038335446720113714
one cube per MaNGA ID,5875,"strict residual, both SPS",7,1,0.033582238136154324,0.0342442459529263
one cube per MaNGA ID,5875,"strict residual (kpc), int SPS",3,5,-0.00027537549066934675,-5.649051773243263e-05
one cube per MaNGA ID,5875,"strict residual (kpc), obs SPS",7,1,0.022505724535340874,0.01922556002520706
one cube per MaNGA ID,5875,"strict residual (kpc), both SPS",6,2,0.018212531245117763,0.01599594140539501
