size,metallicity,flattening,SPS_set,N,young_gt_old_bins,mean_diff,T50_t_HC3,T50_p_HC3
arcsec (published),sp_MW_Metal_Re,Eps_MGE,int,5952,7,0.023776588365007522,-8.15190894549933,3.582239854758389e-16
arcsec (published),sp_MW_Metal_Re,Eps_MGE,obs,5952,7,0.03930118155709858,-11.76312019824537,6.045796204041374e-32
arcsec (published),sp_MW_Metal_Re,Eps_MGE,both,5952,7,0.03467247654014066,-11.589419562382304,4.662816178345702e-31
arcsec (published),sp_MW_Metal_Re,nsa_sersic_ba,int,5952,7,0.02444991176570932,-8.190777102472138,2.595448709021188e-16
arcsec (published),sp_MW_Metal_Re,nsa_sersic_ba,obs,5952,7,0.03966717131139903,-12.088750361409911,1.2111486506209857e-33
arcsec (published),sp_MW_Metal_Re,nsa_sersic_ba,both,5952,7,0.03550468860692478,-11.767977551018138,5.707646011358911e-32
arcsec (published),sp_LW_Metal_Re,Eps_MGE,int,5952,7,0.03403485149264469,-9.970406461469233,2.0538657212771597e-23
arcsec (published),sp_LW_Metal_Re,Eps_MGE,obs,5952,7,0.04156523054634584,-12.009644414409845,3.1620171735841164e-33
arcsec (published),sp_LW_Metal_Re,Eps_MGE,both,5952,7,0.04170480913691236,-12.631224420142567,1.4205051272800775e-36
arcsec (published),sp_LW_Metal_Re,nsa_sersic_ba,int,5952,7,0.0316948233081981,-9.92476792577454,3.248575502562251e-23
arcsec (published),sp_LW_Metal_Re,nsa_sersic_ba,obs,5952,7,0.04433778637954207,-12.153667533826251,5.484876347461753e-34
arcsec (published),sp_LW_Metal_Re,nsa_sersic_ba,both,5952,7,0.0441838023372112,-12.683279877311563,7.320332015743299e-37
kpc,sp_MW_Metal_Re,Eps_MGE,int,5952,3,-0.00029713606338924517,-5.494469790546142,3.9188599934448986e-08
kpc,sp_MW_Metal_Re,Eps_MGE,obs,5952,7,0.022203884285452474,-10.170403951733986,2.6879160630961783e-24
kpc,sp_MW_Metal_Re,Eps_MGE,both,5952,6,0.01832976152259135,-10.24428054880656,1.25555481810163e-24
kpc,sp_MW_Metal_Re,nsa_sersic_ba,int,5952,3,0.00010184571938509981,-4.7562403031283305,1.972316775056601e-06
kpc,sp_MW_Metal_Re,nsa_sersic_ba,obs,5952,6,0.020219592809990177,-9.705151046940381,2.8665141352525325e-22
kpc,sp_MW_Metal_Re,nsa_sersic_ba,both,5952,6,0.01636608491440116,-9.66688172971427,4.168869392511123e-22
kpc,sp_LW_Metal_Re,Eps_MGE,int,5952,7,0.015236984802543645,-8.629651403025079,6.153924165522585e-18
kpc,sp_LW_Metal_Re,Eps_MGE,obs,5952,7,0.028640314189008798,-10.773877428260718,4.5732649872105846e-27
kpc,sp_LW_Metal_Re,Eps_MGE,both,5952,7,0.02908543808356833,-11.88116875713358,1.4827947458179437e-32
kpc,sp_LW_Metal_Re,nsa_sersic_ba,int,5952,7,0.013080964634025815,-7.914637167448735,2.4797519383778485e-15
kpc,sp_LW_Metal_Re,nsa_sersic_ba,obs,5952,7,0.029110130874667316,-10.290085687393336,7.810683481185597e-25
kpc,sp_LW_Metal_Re,nsa_sersic_ba,both,5952,7,0.029195503237549443,-11.303409701655543,1.2622013208019274e-29
arcsec + logDA,sp_MW_Metal_Re,Eps_MGE,int,5952,3,-0.005946736383208671,-4.188925815029418,2.8027799762198197e-05
arcsec + logDA,sp_MW_Metal_Re,Eps_MGE,obs,5952,6,0.009919443147737707,-8.863145022551969,7.778828743900084e-19
arcsec + logDA,sp_MW_Metal_Re,Eps_MGE,both,5952,3,0.006918841567764324,-8.95274443731007,3.467519766115695e-19
arcsec + logDA,sp_MW_Metal_Re,nsa_sersic_ba,int,5952,3,-0.003508243786045827,-4.2027593678561335,2.6368084923315605e-05
arcsec + logDA,sp_MW_Metal_Re,nsa_sersic_ba,obs,5952,6,0.012324465246956628,-9.123561337904148,7.269533194340385e-20
arcsec + logDA,sp_MW_Metal_Re,nsa_sersic_ba,both,5952,6,0.010666571678597504,-9.024101585095588,1.8117584355627747e-19
arcsec + logDA,sp_LW_Metal_Re,Eps_MGE,int,5952,5,0.005069016813272424,-7.4052382058698,1.30915261042832e-13
arcsec + logDA,sp_LW_Metal_Re,Eps_MGE,obs,5952,6,0.02054423165107608,-9.598602292049721,8.103582315552212e-22
arcsec + logDA,sp_LW_Metal_Re,Eps_MGE,both,5952,6,0.02067243137009537,-10.689400316390845,1.1410636491795748e-26
arcsec + logDA,sp_LW_Metal_Re,nsa_sersic_ba,int,5952,6,0.009230722068576933,-7.310520443377958,2.661096573264266e-13
arcsec + logDA,sp_LW_Metal_Re,nsa_sersic_ba,obs,5952,6,0.022818054371073523,-9.720758826048597,2.459417503929328e-22
arcsec + logDA,sp_LW_Metal_Re,nsa_sersic_ba,both,5952,6,0.023782547115050234,-10.692892456167291,1.0988945471304902e-26
kpc + logDA,sp_MW_Metal_Re,Eps_MGE,int,5952,3,-0.005946736383208671,-4.188925815029391,2.8027799762201646e-05
kpc + logDA,sp_MW_Metal_Re,Eps_MGE,obs,5952,6,0.009919443147738027,-8.863145022551926,7.778828743903051e-19
kpc + logDA,sp_MW_Metal_Re,Eps_MGE,both,5952,3,0.006918841567764768,-8.95274443731008,3.467519766115372e-19
kpc + logDA,sp_MW_Metal_Re,nsa_sersic_ba,int,5952,3,-0.003508243786045799,-4.2027593678561175,2.6368084923317475e-05
kpc + logDA,sp_MW_Metal_Re,nsa_sersic_ba,obs,5952,6,0.012324465246956268,-9.123561337904151,7.269533194340124e-20
kpc + logDA,sp_MW_Metal_Re,nsa_sersic_ba,both,5952,6,0.010666571678598073,-9.02410158509558,1.811758435562892e-19
kpc + logDA,sp_LW_Metal_Re,Eps_MGE,int,5952,5,0.0050690168132746655,-7.40523820586982,1.3091526104281303e-13
kpc + logDA,sp_LW_Metal_Re,Eps_MGE,obs,5952,6,0.020544231651075977,-9.59860229204966,8.103582315556927e-22
kpc + logDA,sp_LW_Metal_Re,Eps_MGE,both,5952,6,0.020672431370095425,-10.689400316390822,1.1410636491798689e-26
kpc + logDA,sp_LW_Metal_Re,nsa_sersic_ba,int,5952,6,0.009230722068577418,-7.310520443377964,2.661096573264141e-13
kpc + logDA,sp_LW_Metal_Re,nsa_sersic_ba,obs,5952,6,0.022818054371073093,-9.720758826048673,2.4594175039274915e-22
kpc + logDA,sp_LW_Metal_Re,nsa_sersic_ba,both,5952,6,0.0237825471150504,-10.692892456167302,1.0988945471303566e-26
