variant,description,sample,size_term,logDA_control,controls,SPS_set,seed,N,young_gt_old_bins,total_bins,equal_bin_mean_diff,equal_bin_mean_ci_lo,equal_bin_mean_ci_hi,mass_adjusted_diff,mass_adjusted_ci_lo,mass_adjusted_ci_hi,p_count,p_magnitude,p_joint,T50_coef_standardized,T50_coef_standardized_t,T50_coef_standardized_p_HC3,T50_coef_raw_per_1sd,T50_coef_per_Gyr,T50_coef_per_Gyr_se,T50_coef_raw_t_HC3,T50_coef_raw_p_HC3,model_R2,cv_R2_controls_only,cv_R2_controls_plus_age,cv_delta_R2_from_age,spearman_rho_resid_T50,spearman_p,coef_size_term_raw,coef_logDA_raw,t_logDA_HC3
a_published,"published strict spec (size = logRe, arcsec)",all,logRe,False,strict,int,20260629,5952,7,8,0.023776588365007522,0.013183102712771426,0.033659066631426024,0.022474089647612716,0.011385927354241796,0.03420382377205835,0.03679264147170566,0.0001999600079984003,0.0001999600079984003,-0.13907795487162714,-8.15190894549933,3.582239854758389e-16,-0.026725373570629585,-0.009054221031435881,0.001110687213506564,-8.15190894549933,3.582239854758389e-16,0.4258399184192766,0.4125845913160161,0.4211666039380596,0.008582012622043455,-0.06490653603029177,5.394538773235642e-07,,,
a_published,"published strict spec (size = logRe, arcsec)",all,logRe,False,strict,obs,20261629,5952,7,8,0.03930118155709858,0.02900030606890122,0.04981601317586574,0.03866119582596708,0.029160018746598088,0.04944017313262075,0.03119376124775045,0.0001999600079984003,0.0001999600079984003,-0.21022215933565164,-11.76312019824536,6.045796204041893e-32,-0.04039652255640029,-0.01368583466795735,0.0011634527606033287,-11.76312019824537,6.045796204041374e-32,0.455992620458498,0.43033879160075983,0.45126164351251263,0.020922851911752825,-0.11671018319938624,1.6688996409931578e-19,,,
a_published,"published strict spec (size = logRe, arcsec)",all,logRe,False,strict,both,20262629,5952,7,8,0.03467247654014066,0.02361609485523466,0.045140004619069,0.034396800270352634,0.023085066079427362,0.044249053626320194,0.033993201359728054,0.0001999600079984003,0.0001999600079984003,-0.21654536761408918,-11.589419562382309,4.662816178345436e-31,-0.0416115972500289,-0.014097486719021963,0.0012164100749946535,-11.589419562382304,4.662816178345702e-31,0.45611622068114677,0.43203093352820954,0.4512452955981493,0.019214362069939716,-0.10329957905628019,1.3583215800854327e-15,,,
b_kpc,size in kpc,all,logRe_kpc,False,strict,int,20260629,5952,3,8,-0.00029713606338924517,-0.008712436592641622,0.010704197011645107,-0.0007868848006867823,-0.009832718845245916,0.008375830507428102,0.8540291941611677,0.5246950609878024,0.5202959408118376,-0.08452586268869634,-5.494469790546137,3.918859993445028e-08,-0.01624258322478397,-0.005502783272608982,0.0010015130635675064,-5.494469790546142,3.9188599934448986e-08,0.5286525096470804,0.5187778749997329,0.5220159669974124,0.0032380919976793265,-0.02691720175200523,0.03784026606239825,,,
b_kpc,size in kpc,all,logRe_kpc,False,strict,obs,20261629,5952,7,8,0.022203884285452474,0.012563362355777208,0.029913320173364868,0.018830237782875375,0.011015246266469665,0.02699199926687322,0.03259348130373925,0.0001999600079984003,0.0001999600079984003,-0.15449992109859012,-10.170403951733986,2.6879160630961783e-24,-0.02968887565109697,-0.010058218329836964,0.0009889694035330923,-10.170403951733986,2.6879160630961783e-24,0.5628293615539957,0.5441035061873737,0.5560363689204653,0.011932862733091798,-0.09535735196828377,1.68084264863923e-13,,,
b_kpc,size in kpc,all,logRe_kpc,False,strict,both,20262629,5952,6,8,0.01832976152259135,0.008416227093406321,0.026446624427600166,0.016234096043689666,0.007963764356418707,0.0243930356710848,0.14257148570285944,0.0001999600079984003,0.0001999600079984003,-0.16264799131782826,-10.24428054880657,1.2555548181014862e-24,-0.03125461783280979,-0.010588672123270563,0.0010336179366450605,-10.24428054880656,1.25555481810163e-24,0.5630344314659892,0.544560057217011,0.5560197964592075,0.011459739242196587,-0.08341882710069777,1.1515856359011787e-10,,,
c_published_plus_logDA,published spec + log distance,all,logRe,True,strict,int,20260629,5952,3,8,-0.005946736383208671,-0.01620985535174905,0.0029030231293489233,-0.008369323193353984,-0.01697122170598169,0.0003004392258121458,0.8652269546090782,0.8934213157368527,0.8268346330733853,-0.0671622923743063,-4.188925815029428,2.8027799762196984e-05,-0.012905980356268224,-0.0043723841114588135,0.0010437960242148875,-4.188925815029418,2.8027799762198197e-05,0.5306881383161204,0.5221998335529401,0.5238256319108818,0.0016257983579417434,-0.0030805726671400513,0.8121801948071391,0.5428023451211517,0.6099464269534185,12.0955915155338
c_published_plus_logDA,published spec + log distance,all,logRe,True,strict,obs,20261629,5952,6,8,0.009919443147737707,0.0015656396788650351,0.01932154143951314,0.008817908382573347,0.0012190244804429077,0.01652432004787921,0.12917416516696661,0.009998000399920015,0.008798240351929614,-0.13950009041264352,-8.863145022551963,7.77882874390042e-19,-0.02680649160289803,-0.009081702802339947,0.001024659167736945,-8.863145022551969,7.778828743900084e-19,0.564184926622967,0.5484290882960698,0.5570234003061054,0.00859431201003571,-0.06456056405879074,6.197754014783867e-07,0.5649858217929329,0.6198313311600423,11.755506623604564
c_published_plus_logDA,published spec + log distance,all,logRe,True,strict,both,20262629,5952,3,8,0.006918841567764324,-0.000473172151848246,0.01772569202488675,0.0057485808858082355,-0.0006888895253786976,0.01559458323058173,0.8500299940011997,0.05458908218356329,0.05458908218356329,-0.14773872907653457,-8.95274443731006,3.4675197661160453e-19,-0.028389637517066493,-0.009618052761827462,0.0010743133381250958,-8.95274443731007,3.467519766115695e-19,0.5643963886155674,0.5485530976844192,0.5570253997861796,0.008472302101760486,-0.056680367456281466,1.2118529571278029e-05,0.5651408862075804,0.6201165460055704,11.813899073559735
d_kpc_plus_logDA,size in kpc + log distance,all,logRe_kpc,True,strict,int,20260629,5952,3,8,-0.005946736383208671,-0.016209855351749257,0.002903023129348672,-0.008369323193353095,-0.016971221705981587,0.0003004392258122263,0.8652269546090782,0.8934213157368527,0.8268346330733853,-0.06716229237430583,-4.188925815029391,2.8027799762201646e-05,-0.012905980356268163,-0.004372384111458794,0.0010437960242148893,-4.188925815029391,2.8027799762201646e-05,0.5306881383161204,0.5221998335529401,0.5238256319108816,0.0016257983579414993,-0.0030805726671400513,0.8121801948071391,0.5428023451211513,0.06714408183226774,4.537846206442301
d_kpc_plus_logDA,size in kpc + log distance,all,logRe_kpc,True,strict,obs,20261629,5952,6,8,0.009919443147738027,0.0015656396788656145,0.019321541439513694,0.00881790838257318,0.0012190244804434474,0.016524320047880202,0.12917416516696661,0.009998000399920015,0.008798240351929614,-0.139500090412643,-8.863145022551928,7.778828743902995e-19,-0.026806491602897893,-0.009081702802339902,0.0010246591677369448,-8.863145022551926,7.778828743903051e-19,0.564184926622967,0.5484290882960697,0.5570234003061054,0.008594312010035621,-0.06456056405879074,6.197754014783867e-07,0.5649858217929351,0.05484550936710608,3.7808176559293947
d_kpc_plus_logDA,size in kpc + log distance,all,logRe_kpc,True,strict,both,20262629,5952,3,8,0.006918841567764768,-0.00047317215184779985,0.017725692024887586,0.0057485808858086795,-0.000688889525380238,0.01559458323058199,0.8500299940011997,0.05458908218356329,0.05458908218356329,-0.1477387290765347,-8.95274443731008,3.467519766115372e-19,-0.028389637517066486,-0.00961805276182746,0.0010743133381250942,-8.95274443731008,3.467519766115372e-19,0.5643963886155674,0.5485530976844191,0.5570253997861795,0.008472302101760486,-0.056680367456281466,1.2118529571278029e-05,0.5651408862075827,0.054975659797984425,3.7931032937158773
e1_primary,"MaNGA Primary only, published spec",primary,logRe,False,strict,int,20260629,2776,6,8,0.012542280876206447,-0.0008854260015778527,0.028867863168696682,0.01249443279496315,-0.0019201851136684122,0.026179151121144797,0.1315736852629474,0.022795440911817635,0.019396120775844832,-0.11950074763749244,-5.494577113925298,3.916477645210083e-08,-0.02321037626452748,-0.008832322031247059,0.001607461656851206,-5.494577113925287,3.91647764521035e-08,0.4981608799384366,0.4831377556619435,0.48874038878586407,0.0056026331239206195,-0.06966464717359057,0.00023945283095918983,,,
e1_primary,"MaNGA Primary only, published spec",primary,logRe,False,strict,obs,20261629,2776,6,8,0.023676004382683666,0.008842939692558702,0.03893015589590142,0.02089517281654557,0.010157920768037305,0.034155443652775515,0.1279744051189762,0.0003999200159968006,0.0003999200159968006,-0.15897041333740036,-5.8634748199610565,4.532796135271188e-09,-0.030876485557073566,-0.011749532214607308,0.002003851397913114,-5.863474819961057,4.532796135271156e-09,0.5165662990303206,0.49664168690840044,0.5067211679211596,0.010079481012759194,-0.10281412667182929,5.667122435482386e-08,,,
e1_primary,"MaNGA Primary only, published spec",primary,logRe,False,strict,both,20262629,2776,6,8,0.023648740210219437,0.010016039464768093,0.039843949362437334,0.021676022995893107,0.010852109409926284,0.035322317335889385,0.1367726454709058,0.0003999200159968006,0.0003999200159968006,-0.18093427391711195,-7.045257633644419,1.8511866703215573e-12,-0.035142479522426724,-0.013372885151928712,0.0018981399754732717,-7.045257633644427,1.8511866703214564e-12,0.5190728729368255,0.4958824012930916,0.5080757827447728,0.012193381451681362,-0.10608267736264436,2.1121381819724476e-08,,,
e2_secondary,"MaNGA Secondary only, published spec",secondary,logRe,False,strict,int,20260629,2337,2,8,-0.012163154687723068,-0.03124435565519478,-0.0010553522247599724,-0.019189097088120416,-0.03274464311670627,-0.007686401940979225,0.9628074385122976,0.9558088382323535,0.9362127574485103,-0.023628975837952034,-0.8397325406702904,0.40105836450141563,-0.004368481640799681,-0.001408925966335326,0.0016778270438474459,-0.839732540670283,0.40105836450141963,0.5283555093482857,0.5203203651790297,0.5201920149091046,-0.00012835026992499276,0.03213816251621574,0.12037297094165801,,,
e2_secondary,"MaNGA Secondary only, published spec",secondary,logRe,False,strict,obs,20261629,2337,4,8,0.0009806969514131944,-0.012382345055948539,0.01827061393778609,-0.0031882024181520974,-0.01540460838217691,0.010822702700620489,0.6232753449310138,0.4257148570285943,0.3957208558288342,-0.12216118281444362,-5.2950814823674905,1.189633529914931e-07,-0.022584935039212856,-0.007284110141966528,0.0013756370258366066,-5.295081482367507,1.189633529914819e-07,0.5601445976284565,0.5470931372189383,0.5533425634626633,0.006249426243724998,-0.043989006837730216,0.0334673576645372,,,
e2_secondary,"MaNGA Secondary only, published spec",secondary,logRe,False,strict,both,20262629,2337,3,8,-0.0035733568100824245,-0.017769050230087142,0.011160688418200821,-0.008839586515829806,-0.023348767334698636,0.0029032867828478796,0.8502299540091982,0.6894621075784843,0.672865426914617,-0.10907258658996159,-4.015779074601246,5.9249739930460566e-05,-0.020165139416134865,-0.006503675847648411,0.0016195302895974692,-4.015779074601245,5.924973993046066e-05,0.5604467948743799,0.5481497289397168,0.5520834417609384,0.003933712821221525,-0.019491126146878892,0.3462767825246347,,,
e3_primary_kpc,"MaNGA Primary only, size in kpc",primary,logRe_kpc,False,strict,int,20260629,2776,4,8,0.008977187238138735,-0.007278487967255061,0.01958102037949336,0.002920257204072574,-0.008647516963418977,0.016589634813070648,0.6154769046190762,0.07258548290341932,0.07258548290341932,-0.0794066219266437,-3.742728179213641,0.0001820331083018814,-0.015422979431086356,-0.005868957894699922,0.0015680962158285809,-3.7427281792136515,0.0001820331083018737,0.5561354995221155,0.5450358277000877,0.5468732824237842,0.0018374547236964967,-0.035841038116681684,0.059007142681906995,,,
e3_primary_kpc,"MaNGA Primary only, size in kpc",primary,logRe_kpc,False,strict,obs,20261629,2776,4,8,0.013816866779831034,0.001584257730011375,0.025982669920175352,0.0109509168112214,0.0005309429232716545,0.025277575809978275,0.6176764647070586,0.009598080383923215,0.009598080383923215,-0.12003216411306314,-4.676954113085874,2.911673791809708e-06,-0.0233135921572731,-0.008871599119782034,0.0018968753819841326,-4.676954113085878,2.9116737918096533e-06,0.5768697407110048,0.5621439183768354,0.5673697436681587,0.00522582529132336,-0.0772371368412456,4.6271051369208e-05,,,
e3_primary_kpc,"MaNGA Primary only, size in kpc",primary,logRe_kpc,False,strict,both,20262629,2776,4,8,0.015371851547837549,0.0034212574022223566,0.02826110565231007,0.013778486246244892,0.004700413499393356,0.028048830658266417,0.622875424915017,0.007598480303939212,0.007598480303939212,-0.14406387594217177,-5.9891619731644905,2.1092502364345593e-09,-0.027981220476439445,-0.010647787319714469,0.001777842604261459,-5.9891619731644985,2.109250236434467e-09,0.5798363414129877,0.5618153119987972,0.5691997492380109,0.007384437239213804,-0.08590188384518174,5.8339701951987e-06,,,
e4_secondary_kpc,"MaNGA Secondary only, size in kpc",secondary,logRe_kpc,False,strict,int,20260629,2337,2,8,-0.02564860342188817,-0.03951340496591299,-0.009930835161421516,-0.022844450858626825,-0.04169556903924167,-0.0137829326621851,0.9638072385522896,1.0,0.9638072385522896,-0.0066775716562135915,-0.21979452117239975,0.8260311867752262,-0.0012345371794929899,-0.00039816385454137895,0.0018115276596411462,-0.21979452117239712,0.8260311867752284,0.5240861064151376,0.5060023221069041,0.5054335928993521,-0.0005687292075520434,0.0525981788938695,0.01098646676900615,,,
e4_secondary_kpc,"MaNGA Secondary only, size in kpc",secondary,logRe_kpc,False,strict,obs,20261629,2337,4,8,-0.006048328061872693,-0.019415945540182385,0.011201309437493322,-0.007877443131205975,-0.021963724363677776,0.005567657814885229,0.6160767846430714,0.78624275144971,0.5922815436912617,-0.11181249472013191,-4.5388289194806495,5.6567506067884856e-06,-0.020671688597369453,-0.006667048468469741,0.0014688917751129115,-4.538828919480644,5.6567506067886245e-06,0.5604778356528846,0.5386487283814746,0.5440175038820112,0.005368775500536627,-0.025641663816824558,0.21529980628253187,,,
e4_secondary_kpc,"MaNGA Secondary only, size in kpc",secondary,logRe_kpc,False,strict,both,20262629,2337,3,8,-0.009387887803207498,-0.02498490037835877,0.005268994186450543,-0.013345277912318182,-0.026851168955221747,-0.004069148482733056,0.8424315136972605,0.9128174365126974,0.8192361527694461,-0.09773488744949811,-3.347168875289244,0.0008164145829849983,-0.018069046429130563,-0.005827642369640449,0.0017410661328334845,-3.3471688752892446,0.0008164145829849983,0.5608279537674543,0.5379977443922066,0.5413239199977032,0.0033261756054966175,-0.001308302855730096,0.9495970068550874,,,
e5_primary_plus_logDA,"MaNGA Primary only, published spec + log distance",primary,logRe,True,strict,int,20260629,2776,4,8,0.008912521080609255,-0.006800103590040885,0.02012278475531709,0.00332456200685205,-0.008654189542135851,0.01675697966949407,0.6106778644271146,0.07658468306338732,0.07638472305538892,-0.08441481405539543,-3.917304737377352,8.954452425574073e-05,-0.016395709945425815,-0.006239114287442123,0.0015927058796092607,-3.917304737377354,8.954452425574007e-05,0.5565789723001986,0.5440033326901921,0.5459753956003268,0.00197206291013472,-0.03912222649893176,0.03929129331174907,0.5614182737648469,0.5171959945558475,6.0807676297803095
e5_primary_plus_logDA,"MaNGA Primary only, published spec + log distance",primary,logRe,True,strict,obs,20261629,2776,4,8,0.014109336101469739,0.0018857300121327277,0.02635071545919929,0.01157041214321658,0.001035186230278644,0.02569582386661914,0.6164767046590682,0.008398320335932814,0.008398320335932814,-0.12540097383224452,-4.958936286048273,7.088020680066247e-07,-0.02435636465985909,-0.009268408824338385,0.0018690316410022486,-4.958936286048265,7.088020680066548e-07,0.5773475291584856,0.561339745627448,0.5667790321177636,0.005439286490315576,-0.079118570277474,3.0029069647275265e-05,0.5737593712408038,0.52786651937098,5.772715286613083
e5_primary_plus_logDA,"MaNGA Primary only, published spec + log distance",primary,logRe,True,strict,both,20262629,2776,4,8,0.015461902094307225,0.003358791649506771,0.02850533153953688,0.014202417184067673,0.004730861348814063,0.02800862806871484,0.6236752649470106,0.006798640271945611,0.006798640271945611,-0.1489989372960141,-6.193478350255067,5.885077545125061e-10,-0.02893974695577726,-0.011012538603558487,0.0017780862353551224,-6.1934783502550665,5.885077545125061e-10,0.5802694196717029,0.5609165072526207,0.5685433218234293,0.007626814570808582,-0.08703121666286995,4.38745246356236e-06,0.5734369943857217,0.5297359923846905,5.913325636825619
e6_secondary_plus_logDA,"MaNGA Secondary only, published spec + log distance",secondary,logRe,True,strict,int,20260629,2337,2,8,-0.017880796648235393,-0.034878716713822144,-0.00564274107869512,-0.02272611230587987,-0.03572965032767695,-0.009829969970835647,0.9604079184163168,0.9948010397920416,0.9590081983603279,-0.01693863235415964,-0.593795347788256,0.5526490010235698,-0.0031315832292888217,-0.0010100005654773852,0.0017009236755380595,-0.5937953477882469,0.5526490010235758,0.5335766271764586,0.5133527278552004,0.5128402164574062,-0.0005125113977942242,0.04202993371804173,0.0421897162809395,0.6217266441447763,0.2571870386344032,1.7307544212053922
e6_secondary_plus_logDA,"MaNGA Secondary only, published spec + log distance",secondary,logRe,True,strict,obs,20261629,2337,4,8,-0.0022482276524720957,-0.016204265199348537,0.014278554055775081,-0.008727457755953905,-0.020792811386735582,0.008891316621734216,0.611877624475105,0.594881023795241,0.5136972605478904,-0.11826149557233018,-5.046253136549833,4.505583845149142e-07,-0.021863968026555786,-0.007051583321774191,0.0013973899308974043,-5.04625313654984,4.5055838451489703e-07,0.5682001153868571,0.5426291188015021,0.5489458292125315,0.006316710411029547,-0.03553572564377092,0.08588599965298471,0.6501797718135846,0.32093149141018723,2.0744237846830917
e6_secondary_plus_logDA,"MaNGA Secondary only, published spec + log distance",secondary,logRe,True,strict,both,20262629,2337,3,8,-0.005430918481953276,-0.021721332684321033,0.008371119922705674,-0.014988054533369127,-0.026459559587846748,-0.0016196045515708658,0.8422315536892622,0.7676464707058588,0.7320535892821436,-0.10484125661422539,-3.7916934680670344,0.0001496235222426901,-0.0193828589041932,-0.0062513741518054255,0.0016487024081596792,-3.7916934680670225,0.0001496235222426973,0.5685176358441615,0.5422642204459125,0.5464118943055982,0.004147673859685929,-0.010780120476885008,0.6024541330427063,0.6498099602684714,0.32124035871704,2.0690654696428545
f_kitchen_sink,original kitchen-sink controls (v0.6 hardening run),all,logRe,False,kitchen_sink,int,20260629,5952,6,8,0.020949794178672806,0.009737616913051325,0.031472396477237534,0.01875082623640359,0.009024206794251225,0.031153276676992046,0.13617276544691062,0.0001999600079984003,0.0001999600079984003,-0.11190078059679051,-6.837034286894298,8.084939653801142e-12,-0.02150297771530134,-0.007284938882289007,0.001065511532720157,-6.837034286894296,8.084939653801287e-12,0.4799085206340632,0.46951530897395904,0.4748109535299778,0.0052956445560187635,-0.0668356020938035,2.4563182608092676e-07,,,
f_kitchen_sink,original kitchen-sink controls (v0.6 hardening run),all,logRe,False,kitchen_sink,obs,20261629,5952,8,8,0.03592998861913403,0.02562775065612214,0.047800008733471164,0.03579713339978821,0.026369515002183017,0.0472551247600822,0.004399120175964807,0.0001999600079984003,0.0001999600079984003,-0.17992597685490336,-10.111446052401936,4.915334315904125e-24,-0.034574774635895415,-0.011713499563931652,0.0011584396043085412,-10.111446052401929,4.9153343159044085e-24,0.5057075628528507,0.4857984427795303,0.5002689040947662,0.014470461315235906,-0.11944709782560614,2.3210903526343642e-20,,,
f_kitchen_sink,original kitchen-sink controls (v0.6 hardening run),all,logRe,False,kitchen_sink,both,20262629,5952,8,8,0.034206740272854204,0.022593006091729477,0.04444191751274483,0.031123708795061905,0.02153607450055724,0.04329093097590816,0.005398920215956809,0.0001999600079984003,0.0001999600079984003,-0.18574269337213167,-10.23180177335984,1.4283678403609103e-24,-0.035692521312720424,-0.012092178104846361,0.0011818229450389006,-10.231801773359832,1.428367840361023e-24,0.5058223118037074,0.4866756567529379,0.5002943932753262,0.013618736522388476,-0.10990062810509034,1.851815307347707e-17,,,
