variant,SPS_set,mass_bin,N_bin,N_young,N_old,logM_min,logM_max,logM_median,T50_young_median,T50_old_median,young_resid_median,old_resid_median,median_diff_young_minus_old,bootstrap95_lo,bootstrap95_hi,young_gt_old
a_published,int,0,744,186,186,7.2690480470812675,9.57187557818932,9.368333998574403,4.256060606060606,12.84848484848485,0.05083396594249057,0.009520295352718644,0.04131367058977192,0.012732973753315982,0.06682115211022056,True
a_published,int,1,744,186,186,9.572109176187029,9.876393948254378,9.730605687711488,5.3,12.84848484848485,0.024818918412119362,-0.02157389390739406,0.04639281231951342,0.009686276845040906,0.07040446725089841,True
a_published,int,2,744,186,186,9.876556712154152,10.113963396204992,10.001280290889355,5.781818181818182,12.84848484848485,-0.012637112926269317,-0.03717192967281757,0.024534816746548255,-0.0061972939655647674,0.062412389417831185,True
a_published,int,3,744,186,186,10.114360742518592,10.331143748371574,10.220859591209013,6.103030303030304,12.84848484848485,-0.01460743924149599,-0.02654782988035853,0.011940390638862541,-0.014525738518475637,0.03491232843237231,True
a_published,int,4,744,186,186,10.331234868527272,10.550953203110057,10.441637799024381,5.621212121212121,12.84848484848485,-0.022665918367480276,-0.044914778450696746,0.02224886008321647,-0.010215306801756845,0.04745325829736754,True
a_published,int,5,744,186,186,10.55098617762266,10.767844252325547,10.6629158616527,6.103030303030304,12.84848484848485,-0.032221204565958006,-0.014089685124503981,-0.018131519441454025,-0.04762870255514369,0.005716138480671959,False
a_published,int,6,744,186,186,10.768300670614613,10.994345312695708,10.88221162955605,6.103030303030304,13.00909090909091,0.006309134021177443,-0.007448484220145046,0.013757618241322489,-0.008554277369508392,0.05142037963890376,True
a_published,int,7,744,186,186,10.994807931634906,12.411587721858544,11.13896222555301,6.745454545454546,12.84848484848485,0.06525889120490336,0.017102833462624256,0.0481560577422791,0.022171864447988323,0.07515729463957381,True
a_published,obs,0,744,186,186,7.2690480470812675,9.57187557818932,9.368333998574403,4.256060606060606,12.84848484848485,0.0730327585316684,0.008084718336696606,0.0649480401949718,0.036066720523666745,0.10245993061240677,True
a_published,obs,1,744,186,186,9.572109176187029,9.876393948254378,9.730605687711488,5.3,12.84848484848485,0.037130082553899046,-0.027179404197238077,0.06430948675113712,0.03037053223401459,0.09410941500613267,True
a_published,obs,2,744,186,186,9.876556712154152,10.113963396204992,10.001280290889355,5.781818181818182,12.84848484848485,-0.0017282244919353817,-0.04640900268380843,0.04468077819187305,0.016597177629967867,0.07643240183338022,True
a_published,obs,3,744,186,186,10.114360742518592,10.331143748371574,10.220859591209013,6.103030303030304,12.84848484848485,-0.004616114365540103,-0.031486901365743,0.0268707870002029,-0.0005838707764293361,0.05448549788563501,True
a_published,obs,4,744,186,186,10.331234868527272,10.550953203110057,10.441637799024381,5.621212121212121,12.84848484848485,-0.01358090789780897,-0.054791306302355236,0.04121039840454627,0.008156297040616127,0.06380437033010737,True
a_published,obs,5,744,186,186,10.55098617762266,10.767844252325547,10.6629158616527,6.103030303030304,12.84848484848485,-0.023606797629642462,-0.01735314197075022,-0.006253655658892243,-0.03276260009758134,0.02030083978778542,False
a_published,obs,6,744,186,186,10.768300670614613,10.994345312695708,10.88221162955605,6.103030303030304,13.00909090909091,0.016459871762070644,-0.010742336455651147,0.02720220821772179,-0.0007514365472792533,0.059411922049897724,True
a_published,obs,7,744,186,186,10.994807931634906,12.411587721858544,11.13896222555301,6.745454545454546,12.84848484848485,0.07570531060120977,0.024263901245981823,0.05144140935522795,0.02984153322609492,0.0787868303780739,True
a_published,both,0,744,186,186,7.2690480470812675,9.57187557818932,9.368333998574403,4.256060606060606,12.84848484848485,0.07331826152443432,0.010767070069884366,0.06255119145454996,0.033956752888297595,0.10150081025655046,True
a_published,both,1,744,186,186,9.572109176187029,9.876393948254378,9.730605687711488,5.3,12.84848484848485,0.0355425267951581,-0.027463230681202044,0.06300575747636014,0.017007493485008383,0.09215988415352752,True
a_published,both,2,744,186,186,9.876556712154152,10.113963396204992,10.001280290889355,5.781818181818182,12.84848484848485,-0.0036025427982026015,-0.047490115067590544,0.04388757226938794,0.012188757564810597,0.0735229960000374,True
a_published,both,3,744,186,186,10.114360742518592,10.331143748371574,10.220859591209013,6.103030303030304,12.84848484848485,-0.004854437495498298,-0.030208111674783933,0.025353674179285635,-0.006328822609295259,0.05197433198283204,True
a_published,both,4,744,186,186,10.331234868527272,10.550953203110057,10.441637799024381,5.621212121212121,12.84848484848485,-0.016425240237413596,-0.05021780547654625,0.033792565239132655,0.002681028152853135,0.05797464594025668,True
a_published,both,5,744,186,186,10.55098617762266,10.767844252325547,10.6629158616527,6.103030303030304,12.84848484848485,-0.028416043110063405,-0.01378726103909006,-0.014628782070973345,-0.03841374941013257,0.013554783230064624,False
a_published,both,6,744,186,186,10.768300670614613,10.994345312695708,10.88221162955605,6.103030303030304,13.00909090909091,0.009497434683489736,-0.007696766734463567,0.017194201417953303,-0.01042992447125478,0.055216469519458015,True
a_published,both,7,744,186,186,10.994807931634906,12.411587721858544,11.13896222555301,6.745454545454546,12.84848484848485,0.07278612263173412,0.02656249027630514,0.04622363235542898,0.02050964376129981,0.0707326712528907,True
b_kpc,int,0,744,186,186,7.2690480470812675,9.57187557818932,9.368333998574403,4.256060606060606,12.84848484848485,0.020207002316151024,-0.012571357478095457,0.03277835979424648,0.007602656598358702,0.06346999732950842,True
b_kpc,int,1,744,186,186,9.572109176187029,9.876393948254378,9.730605687711488,5.3,12.84848484848485,0.011991323488098227,-0.009747738251156601,0.021739061739254828,-0.01366090357436576,0.044721740024432244,True
b_kpc,int,2,744,186,186,9.876556712154152,10.113963396204992,10.001280290889355,5.781818181818182,12.84848484848485,-0.018141612439060484,-0.0034472930424275794,-0.014694319396632904,-0.03566984455828471,0.02657743412338909,False
b_kpc,int,3,744,186,186,10.114360742518592,10.331143748371574,10.220859591209013,6.103030303030304,12.84848484848485,-0.011663903007975457,0.0013880537053354014,-0.013051956713310858,-0.031834873027222946,0.011816386959469223,False
b_kpc,int,4,744,186,186,10.331234868527272,10.550953203110057,10.441637799024381,5.621212121212121,12.84848484848485,-0.03345054940232961,-0.01375621237981789,-0.01969433702251172,-0.0389996366406723,0.015418747680683523,False
b_kpc,int,5,744,186,186,10.55098617762266,10.767844252325547,10.6629158616527,6.103030303030304,12.84848484848485,-0.039291971340784326,-0.006559100103804838,-0.03273287123697949,-0.06727362212272237,-0.01250024802568798,False
b_kpc,int,6,744,186,186,10.768300670614613,10.994345312695708,10.88221162955605,6.103030303030304,13.00909090909091,-0.016846506911550096,-0.008258146961620638,-0.008588359949929458,-0.031625126383088564,0.016216449416334544,False
b_kpc,int,7,744,186,186,10.994807931634906,12.411587721858544,11.13896222555301,6.745454545454546,12.84848484848485,0.023074600484879415,-0.008792733793869745,0.03186733427874916,0.004643408406089022,0.0612546150725442,True
b_kpc,obs,0,744,186,186,7.2690480470812675,9.57187557818932,9.368333998574403,4.256060606060606,12.84848484848485,0.053231953157441836,-0.018497550227942527,0.07172950338538436,0.04399885744105217,0.09986729177984113,True
b_kpc,obs,1,744,186,186,9.572109176187029,9.876393948254378,9.730605687711488,5.3,12.84848484848485,0.023191014628598905,-0.01903727205320671,0.042228286681805616,0.01531401404618008,0.06345743029782852,True
b_kpc,obs,2,744,186,186,9.876556712154152,10.113963396204992,10.001280290889355,5.781818181818182,12.84848484848485,-0.007766183219933054,-0.020166382184552634,0.01240019896461958,-0.012734998890921051,0.04072356419416814,True
b_kpc,obs,3,744,186,186,10.114360742518592,10.331143748371574,10.220859591209013,6.103030303030304,12.84848484848485,-0.001097895191636944,-0.01669973505653688,0.015601839864899936,-0.009981912208386488,0.04495285568228382,True
b_kpc,obs,4,744,186,186,10.331234868527272,10.550953203110057,10.441637799024381,5.621212121212121,12.84848484848485,-0.014562272427511569,-0.025864627715770805,0.011302355288259236,-0.013436745267013626,0.032591606399426556,True
b_kpc,obs,5,744,186,186,10.55098617762266,10.767844252325547,10.6629158616527,6.103030303030304,12.84848484848485,-0.025020945947016038,-0.00797786575258358,-0.01704308019443246,-0.047959194233952465,0.0008914571528952614,False
b_kpc,obs,6,744,186,186,10.768300670614613,10.994345312695708,10.88221162955605,6.103030303030304,13.00909090909091,-0.006281884494742762,-0.01152159804576669,0.005239713551023928,-0.02610302401027623,0.022115770761887064,True
b_kpc,obs,7,744,186,186,10.994807931634906,12.411587721858544,11.13896222555301,6.745454545454546,12.84848484848485,0.026033246530489773,-0.010139010211569821,0.036172256742059594,0.016198157711983276,0.06158266428777898,True
b_kpc,both,0,744,186,186,7.2690480470812675,9.57187557818932,9.368333998574403,4.256060606060606,12.84848484848485,0.050306333702086814,-0.017430399264007856,0.06773673296609467,0.04177142820008168,0.09607062200444035,True
b_kpc,both,1,744,186,186,9.572109176187029,9.876393948254378,9.730605687711488,5.3,12.84848484848485,0.01930246855545653,-0.018888504522696137,0.03819097307815267,0.012865367906637901,0.06230751763046055,True
b_kpc,both,2,744,186,186,9.876556712154152,10.113963396204992,10.001280290889355,5.781818181818182,12.84848484848485,-0.008028613786596028,-0.02204268746042798,0.01401407367383195,-0.01681506757377909,0.03973482110187708,True
b_kpc,both,3,744,186,186,10.114360742518592,10.331143748371574,10.220859591209013,6.103030303030304,12.84848484848485,-0.0008472530532431521,-0.01491330908052163,0.014066056027278478,-0.017713394884454062,0.04125258884208586,True
b_kpc,both,4,744,186,186,10.331234868527272,10.550953203110057,10.441637799024381,5.621212121212121,12.84848484848485,-0.019036383357641407,-0.026227623369802555,0.007191240012161149,-0.016336867109606804,0.03135935577777456,True
b_kpc,both,5,744,186,186,10.55098617762266,10.767844252325547,10.6629158616527,6.103030303030304,12.84848484848485,-0.026340109870114814,-0.0020814411759167983,-0.024258668694198016,-0.05218733229697398,-0.002420229109847323,False
b_kpc,both,6,744,186,186,10.768300670614613,10.994345312695708,10.88221162955605,6.103030303030304,13.00909090909091,-0.009297625467454718,-0.006999333103224592,-0.0022982923642301256,-0.02937166690243596,0.017721583156361107,False
b_kpc,both,7,744,186,186,10.994807931634906,12.411587721858544,11.13896222555301,6.745454545454546,12.84848484848485,0.022989656966420358,-0.009006320515219657,0.031995977481640014,0.01104181456551001,0.056134482383078,True
c_published_plus_logDA,int,0,744,186,186,7.2690480470812675,9.57187557818932,9.368333998574403,4.256060606060606,12.84848484848485,0.02004081355471482,-0.015032995476720157,0.03507380903143498,0.0033608639998367247,0.06027113343901807,True
c_published_plus_logDA,int,1,744,186,186,9.572109176187029,9.876393948254378,9.730605687711488,5.3,12.84848484848485,0.008520890278423399,-0.0014953368044614557,0.010016227082884854,-0.015145456321020276,0.035050254835328,True
c_published_plus_logDA,int,2,744,186,186,9.876556712154152,10.113963396204992,10.001280290889355,5.781818181818182,12.84848484848485,-0.016510437858204025,-0.0007117993223413888,-0.015798638535862636,-0.044714093568635316,0.02482102886311392,False
c_published_plus_logDA,int,3,744,186,186,10.114360742518592,10.331143748371574,10.220859591209013,6.103030303030304,12.84848484848485,-0.014037830274313212,0.0069380681779825926,-0.020975898452295805,-0.04337049932886511,0.007803130808515054,False
c_published_plus_logDA,int,4,744,186,186,10.331234868527272,10.550953203110057,10.441637799024381,5.621212121212121,12.84848484848485,-0.03075237100578082,-0.010867052768995189,-0.019885318236785632,-0.04709956658850417,0.009155126864108234,False
c_published_plus_logDA,int,5,744,186,186,10.55098617762266,10.767844252325547,10.6629158616527,6.103030303030304,12.84848484848485,-0.04061237760743902,0.004652816927636416,-0.04526519453507544,-0.07586245173316929,-0.02577691485166951,False
c_published_plus_logDA,int,6,744,186,186,10.768300670614613,10.994345312695708,10.88221162955605,6.103030303030304,13.00909090909091,-0.01835916852423275,-0.0010027297859441786,-0.01735643873828857,-0.04684023004503968,0.003022304186673006,False
c_published_plus_logDA,int,7,744,186,186,10.994807931634906,12.411587721858544,11.13896222555301,6.745454545454546,12.84848484848485,0.018804165185935084,-0.007813396132383799,0.026617561318318883,-0.00031432644559970197,0.04636472728216924,True
c_published_plus_logDA,obs,0,744,186,186,7.2690480470812675,9.57187557818932,9.368333998574403,4.256060606060606,12.84848484848485,0.045116412325849786,-0.01454675445584358,0.059663166781693366,0.04040971847803893,0.09193726425520832,True
c_published_plus_logDA,obs,1,744,186,186,9.572109176187029,9.876393948254378,9.730605687711488,5.3,12.84848484848485,0.01194438018874816,-0.018974214926904043,0.030918595115652203,0.0066496239058880325,0.05757992030402884,True
c_published_plus_logDA,obs,2,744,186,186,9.876556712154152,10.113963396204992,10.001280290889355,5.781818181818182,12.84848484848485,-0.01058813212066928,-0.01156765895442241,0.0009795268337531304,-0.018459340393703554,0.03243459882180061,True
c_published_plus_logDA,obs,3,744,186,186,10.114360742518592,10.331143748371574,10.220859591209013,6.103030303030304,12.84848484848485,-0.0066941626665505405,-0.008922798250487474,0.002228635583936933,-0.021555979581946896,0.03631088820631415,True
c_published_plus_logDA,obs,4,744,186,186,10.331234868527272,10.550953203110057,10.441637799024381,5.621212121212121,12.84848484848485,-0.01638716877757726,-0.01980381571272366,0.0034166469351464,-0.02367820353916699,0.023780674051886486,True
c_published_plus_logDA,obs,5,744,186,186,10.55098617762266,10.767844252325547,10.6629158616527,6.103030303030304,12.84848484848485,-0.02928285192631247,0.0006306744362667982,-0.029913526362579268,-0.060947411822713515,-0.011115513869995082,False
c_published_plus_logDA,obs,6,744,186,186,10.768300670614613,10.994345312695708,10.88221162955605,6.103030303030304,13.00909090909091,-0.017486006901856865,-0.00311545014510739,-0.014370556756749475,-0.04333673373742746,0.007325040394714129,False
c_published_plus_logDA,obs,7,744,186,186,10.994807931634906,12.411587721858544,11.13896222555301,6.745454545454546,12.84848484848485,0.017789703683954272,-0.008643353367094098,0.02643305705104837,0.006631164694283359,0.050449693574322725,True
c_published_plus_logDA,both,0,744,186,186,7.2690480470812675,9.57187557818932,9.368333998574403,4.256060606060606,12.84848484848485,0.04474921482286276,-0.013626031986100295,0.058375246808963055,0.03963006255103979,0.08925750107329838,True
c_published_plus_logDA,both,1,744,186,186,9.572109176187029,9.876393948254378,9.730605687711488,5.3,12.84848484848485,0.012148110226624154,-0.016273603303878115,0.02842171353050227,0.003650178192757736,0.05952770149878841,True
c_published_plus_logDA,both,2,744,186,186,9.876556712154152,10.113963396204992,10.001280290889355,5.781818181818182,12.84848484848485,-0.012694499853820429,-0.012317696322341365,-0.0003768035314790641,-0.021098147942990995,0.03093073967528096,False
c_published_plus_logDA,both,3,744,186,186,10.114360742518592,10.331143748371574,10.220859591209013,6.103030303030304,12.84848484848485,-0.008773776772707909,-0.007830431856421793,-0.0009433449162861152,-0.025916351409312217,0.03435904313739751,False
c_published_plus_logDA,both,4,744,186,186,10.331234868527272,10.550953203110057,10.441637799024381,5.621212121212121,12.84848484848485,-0.02130890518326911,-0.019252946295593765,-0.0020559588876753465,-0.02453734943725343,0.02267899763259451,False
c_published_plus_logDA,both,5,744,186,186,10.55098617762266,10.767844252325547,10.6629158616527,6.103030303030304,12.84848484848485,-0.030505804339895137,0.002903988871792329,-0.033409793211687466,-0.06277351816967476,-0.013233697348342942,False
c_published_plus_logDA,both,6,744,186,186,10.768300670614613,10.994345312695708,10.88221162955605,6.103030303030304,13.00909090909091,-0.01770330548505017,0.0007473675820729442,-0.018450673067123113,-0.04576775979430498,0.005737187929486856,False
c_published_plus_logDA,both,7,744,186,186,10.994807931634906,12.411587721858544,11.13896222555301,6.745454545454546,12.84848484848485,0.01630311884830621,-0.007487226968594163,0.02379034581690037,0.0033709661115295594,0.046951487906030036,True
d_kpc_plus_logDA,int,0,744,186,186,7.2690480470812675,9.57187557818932,9.368333998574403,4.256060606060606,12.84848484848485,0.02004081355471493,-0.015032995476719935,0.035073809031434866,0.0033608639998360724,0.06027113343901906,True
d_kpc_plus_logDA,int,1,744,186,186,9.572109176187029,9.876393948254378,9.730605687711488,5.3,12.84848484848485,0.008520890278423399,-0.0014953368044613446,0.010016227082884743,-0.015145456321021558,0.03505025483532786,True
d_kpc_plus_logDA,int,2,744,186,186,9.876556712154152,10.113963396204992,10.001280290889355,5.781818181818182,12.84848484848485,-0.0165104378582048,-0.0007117993223418329,-0.01579863853586297,-0.04471409356863487,0.02482102886311304,False
d_kpc_plus_logDA,int,3,744,186,186,10.114360742518592,10.331143748371574,10.220859591209013,6.103030303030304,12.84848484848485,-0.014037830274313212,0.0069380681779823705,-0.020975898452295583,-0.04337049932886555,0.007803130808514615,False
d_kpc_plus_logDA,int,4,744,186,186,10.331234868527272,10.550953203110057,10.441637799024381,5.621212121212121,12.84848484848485,-0.030752371005781487,-0.010867052768995966,-0.01988531823678552,-0.047099566588504164,0.009155126864107665,False
d_kpc_plus_logDA,int,5,744,186,186,10.55098617762266,10.767844252325547,10.6629158616527,6.103030303030304,12.84848484848485,-0.04061237760744035,0.004652816927635195,-0.04526519453507555,-0.07586245173316973,-0.0257769148516693,False
d_kpc_plus_logDA,int,6,744,186,186,10.768300670614613,10.994345312695708,10.88221162955605,6.103030303030304,13.00909090909091,-0.01835916852423375,-0.001002729785945733,-0.017356438738288016,-0.046840230045039136,0.00302230418667229,False
d_kpc_plus_logDA,int,7,744,186,186,10.994807931634906,12.411587721858544,11.13896222555301,6.745454545454546,12.84848484848485,0.018804165185934196,-0.007813396132384465,0.02661756131831866,-0.00031432644559907194,0.04636472728216988,True
d_kpc_plus_logDA,obs,0,744,186,186,7.2690480470812675,9.57187557818932,9.368333998574403,4.256060606060606,12.84848484848485,0.045116412325851674,-0.014546754455842248,0.05966316678169392,0.04040971847803938,0.09193726425520929,True
d_kpc_plus_logDA,obs,1,744,186,186,9.572109176187029,9.876393948254378,9.730605687711488,5.3,12.84848484848485,0.01194438018874927,-0.01897421492690249,0.03091859511565176,0.006649623905887947,0.05757992030402884,True
d_kpc_plus_logDA,obs,2,744,186,186,9.876556712154152,10.113963396204992,10.001280290889355,5.781818181818182,12.84848484848485,-0.01058813212066817,-0.0115676589544213,0.0009795268337531304,-0.0184593403937029,0.03243459882180105,True
d_kpc_plus_logDA,obs,3,744,186,186,10.114360742518592,10.331143748371574,10.220859591209013,6.103030303030304,12.84848484848485,-0.006694162666549319,-0.008922798250486474,0.0022286355839371552,-0.021555979581946196,0.03631088820631347,True
d_kpc_plus_logDA,obs,4,744,186,186,10.331234868527272,10.550953203110057,10.441637799024381,5.621212121212121,12.84848484848485,-0.01638716877757604,-0.019803815712723438,0.0034166469351473994,-0.023678203539166123,0.0237806740518863,True
d_kpc_plus_logDA,obs,5,744,186,186,10.55098617762266,10.767844252325547,10.6629158616527,6.103030303030304,12.84848484848485,-0.029282851926312026,0.0006306744362673533,-0.02991352636257938,-0.06094741182271296,-0.011115513869993866,False
d_kpc_plus_logDA,obs,6,744,186,186,10.768300670614613,10.994345312695708,10.88221162955605,6.103030303030304,13.00909090909091,-0.017486006901856088,-0.003115450145107279,-0.014370556756748809,-0.04333673373742671,0.007325040394714761,False
d_kpc_plus_logDA,obs,7,744,186,186,10.994807931634906,12.411587721858544,11.13896222555301,6.745454545454546,12.84848484848485,0.01778970368395416,-0.008643353367094875,0.026433057051049036,0.006631164694283121,0.05044969357432231,True
d_kpc_plus_logDA,both,0,744,186,186,7.2690480470812675,9.57187557818932,9.368333998574403,4.256060606060606,12.84848484848485,0.04474921482286509,-0.013626031986098186,0.05837524680896328,0.03963006255104057,0.08925750107329881,True
d_kpc_plus_logDA,both,1,744,186,186,9.572109176187029,9.876393948254378,9.730605687711488,5.3,12.84848484848485,0.012148110226626485,-0.01627360330387656,0.028421713530503045,0.0036501781927581745,0.05952770149878851,True
d_kpc_plus_logDA,both,2,744,186,186,9.876556712154152,10.113963396204992,10.001280290889355,5.781818181818182,12.84848484848485,-0.012694499853817431,-0.012317696322338922,-0.000376803531478509,-0.02109814794299098,0.030930739675279928,False
d_kpc_plus_logDA,both,3,744,186,186,10.114360742518592,10.331143748371574,10.220859591209013,6.103030303030304,12.84848484848485,-0.008773776772706132,-0.007830431856420461,-0.0009433449162856711,-0.025916351409310253,0.034359043137396614,False
d_kpc_plus_logDA,both,4,744,186,186,10.331234868527272,10.550953203110057,10.441637799024381,5.621212121212121,12.84848484848485,-0.02130890518326689,-0.019252946295591544,-0.0020559588876753465,-0.024537349437254927,0.02267899763259434,False
d_kpc_plus_logDA,both,5,744,186,186,10.55098617762266,10.767844252325547,10.6629158616527,6.103030303030304,12.84848484848485,-0.03050580433989425,0.002903988871792107,-0.033409793211686356,-0.06277351816967543,-0.013233697348343558,False
d_kpc_plus_logDA,both,6,744,186,186,10.768300670614613,10.994345312695708,10.88221162955605,6.103030303030304,13.00909090909091,-0.017703305485048837,0.0007473675820738324,-0.01845067306712267,-0.04576775979430409,0.005737187929486445,False
d_kpc_plus_logDA,both,7,744,186,186,10.994807931634906,12.411587721858544,11.13896222555301,6.745454545454546,12.84848484848485,0.016303118848305986,-0.007487226968594385,0.02379034581690037,0.003370966111530409,0.04695148790603178,True
e1_primary,int,0,347,86,86,7.420330434142554,9.543107813205674,9.304721486887123,5.3,13.00909090909091,0.04782883903162333,0.008722828745519495,0.03910601028610383,0.009459110952075906,0.07705196981926421,True
e1_primary,int,1,347,86,86,9.543987382170489,9.899447308328767,9.726218689105911,6.263636363636364,13.00909090909091,-0.0172890035822455,-0.03766444853819978,0.02037544495595428,-0.017906987644877966,0.07894715009926849,True
e1_primary,int,2,347,86,86,9.899460446704436,10.151213512876824,10.03439982040951,7.387878787878789,13.00909090909091,-0.008923403783336337,-0.04547737538452856,0.036553971601192226,0.006353102729828456,0.09006706876253849,True
e1_primary,int,3,347,86,86,10.151988516548684,10.359862714974089,10.2549645293974,7.387878787878789,13.00909090909091,-0.052796697722215596,-0.013288091074264985,-0.03950860664795061,-0.07182829187013659,-0.017364576181298597,False
e1_primary,int,4,347,86,86,10.359922806577089,10.579246110454188,10.467800425116174,7.227272727272727,13.00909090909091,-0.04439368628299295,-0.0479064460705062,0.0035127597875132532,-0.043622595713055975,0.05839006638471665,True
e1_primary,int,5,347,86,86,10.580301013008285,10.79896497744057,10.685442554424016,7.789393939393939,13.16969696969697,-0.03456533500857184,-0.01665827064348041,-0.01790706436509143,-0.06631136661488396,0.040595951494146285,False
e1_primary,int,6,347,86,86,10.799657537649232,11.058904092568495,10.93214182875655,7.86969696969697,13.16969696969697,-0.014982137171840382,-0.017050071109715625,0.0020679339378752437,-0.04952836793882421,0.06452289280734025,True
e1_primary,int,7,347,86,86,11.05997971694416,12.411587721858544,11.192837005773512,7.548484848484849,13.00909090909091,0.09938765417123896,0.043249856717184176,0.05613779745405478,0.02381939428144639,0.07775015877710566,True
e1_primary,obs,0,347,86,86,7.420330434142554,9.543107813205674,9.304721486887123,5.3,13.00909090909091,0.07278387528529784,0.005987793347931869,0.06679608193736597,0.02893927313802591,0.10093652608118756,True
e1_primary,obs,1,347,86,86,9.543987382170489,9.899447308328767,9.726218689105911,6.263636363636364,13.00909090909091,0.0050785218354946204,-0.048375339748756185,0.053453861584250806,0.013777557693944833,0.09989427060831,True
e1_primary,obs,2,347,86,86,9.899460446704436,10.151213512876824,10.03439982040951,7.387878787878789,13.00909090909091,-0.013052352348708718,-0.0581102242920612,0.04505787194335248,0.015860552565018667,0.09150161443461265,True
e1_primary,obs,3,347,86,86,10.151988516548684,10.359862714974089,10.2549645293974,7.387878787878789,13.00909090909091,-0.05009167413883253,-0.00830262551324179,-0.04178904862559074,-0.06331646541541293,-0.0010400514218712662,False
e1_primary,obs,4,347,86,86,10.359922806577089,10.579246110454188,10.467800425116174,7.227272727272727,13.00909090909091,-0.04982060444078526,-0.05267677274597543,0.002856168305190171,-0.04198521981764212,0.07083685450097012,True
e1_primary,obs,5,347,86,86,10.580301013008285,10.79896497744057,10.685442554424016,7.789393939393939,13.16969696969697,-0.026968890510733645,-0.02350054140497665,-0.003468349105756996,-0.05200636668908573,0.04423968333615561,False
e1_primary,obs,6,347,86,86,10.799657537649232,11.058904092568495,10.93214182875655,7.86969696969697,13.16969696969697,-0.00532026701069388,-0.018458786968768626,0.013138519958074746,-0.038984535065993156,0.049462533329668906,True
e1_primary,obs,7,347,86,86,11.05997971694416,12.411587721858544,11.192837005773512,7.548484848484849,13.00909090909091,0.10287598508240237,0.04951305601781947,0.0533629290645829,0.023205773622197137,0.07696354190480155,True
e1_primary,both,0,347,86,86,7.420330434142554,9.543107813205674,9.304721486887123,5.3,13.00909090909091,0.07189717148954416,0.007288020793959293,0.06460915069558487,0.03035278020351413,0.10513748017019574,True
e1_primary,both,1,347,86,86,9.543987382170489,9.899447308328767,9.726218689105911,6.263636363636364,13.00909090909091,0.003142775317847568,-0.04769012707101805,0.05083290238886562,0.015147116607553303,0.09740829819855758,True
e1_primary,both,2,347,86,86,9.899460446704436,10.151213512876824,10.03439982040951,7.387878787878789,13.00909090909091,-0.012468947382830664,-0.0572881649319793,0.04481921754914864,0.018031303011229526,0.09071830217182834,True
e1_primary,both,3,347,86,86,10.151988516548684,10.359862714974089,10.2549645293974,7.387878787878789,13.00909090909091,-0.049481028696813034,-0.008928266986207856,-0.04055276171060518,-0.06208839557230189,-0.0001335027692067283,False
e1_primary,both,4,347,86,86,10.359922806577089,10.579246110454188,10.467800425116174,7.227272727272727,13.00909090909091,-0.04915319403256965,-0.0550555010197849,0.00590230698721525,-0.04015025293470003,0.07290342376537925,True
e1_primary,both,5,347,86,86,10.580301013008285,10.79896497744057,10.685442554424016,7.789393939393939,13.16969696969697,-0.027738782452168265,-0.022180253524341942,-0.005558528927826323,-0.05222766647053982,0.04455334387819653,False
e1_primary,both,6,347,86,86,10.799657537649232,11.058904092568495,10.93214182875655,7.86969696969697,13.16969696969697,-0.004117368150059253,-0.018730377957075772,0.01461300980701652,-0.0376233326860101,0.05229828819910134,True
e1_primary,both,7,347,86,86,11.05997971694416,12.411587721858544,11.192837005773512,7.548484848484849,13.00909090909091,0.1040097675659859,0.0494851426736298,0.0545246248923561,0.021864122583842238,0.0770918790169988,True
e2_secondary,int,0,293,73,73,7.2690480470812675,9.648094473417189,9.472819395521125,2.890909090909091,12.527272727272727,0.034209803578786335,0.04024692214724346,-0.006037118568457123,-0.060966969407317925,0.03806347482898076,False
e2_secondary,int,1,292,73,73,9.64887896085352,9.92076218775538,9.799409134262877,4.015151515151516,12.527272727272727,0.011102801239893823,-0.0134640670088374,0.024566868248731222,-0.022112629922686335,0.08873112240393544,True
e2_secondary,int,2,292,73,73,9.921508560347824,10.143798322645928,10.040960867386168,4.818181818181818,12.527272727272727,0.012389541545841931,0.009371008323639463,0.0030185332222024686,-0.04128978062374222,0.03281459477517923,True
e2_secondary,int,3,292,73,73,10.144300157617678,10.363446502853792,10.256331569598107,4.818181818181818,12.366666666666667,-0.025238558009308187,-0.020709227413780784,-0.004529330595527403,-0.04803011271651619,0.02136611168123394,False
e2_secondary,int,4,292,73,73,10.363959652289314,10.57792882709964,10.474033727128827,4.336363636363637,12.366666666666667,-0.05268850157227167,-0.008460662901860871,-0.0442278386704108,-0.07476498323441169,-0.014409831644186175,False
e2_secondary,int,5,292,73,73,10.578446599485286,10.767119487755863,10.67775836181998,5.3,12.527272727272727,-0.06738175684634129,-0.0296134560508039,-0.03776830079553739,-0.08806702290445598,-0.013753771915083476,False
e2_secondary,int,6,292,73,73,10.767319159799849,10.954190390974324,10.857507351213638,5.621212121212121,12.527272727272727,-0.032924380566042966,-0.006681869033256738,-0.026242511532786228,-0.05802753776271441,0.005115628995846944,False
e2_secondary,int,7,292,73,73,10.955115528387012,11.75396030992136,11.07254883379147,5.621212121212121,12.045454545454549,0.056463155683408206,0.0625486944934075,-0.006085538809999291,-0.07580749159024436,0.030453249160183216,False
e2_secondary,obs,0,293,73,73,7.2690480470812675,9.648094473417189,9.472819395521125,2.890909090909091,12.527272727272727,0.06623666660401578,0.030882788976948405,0.035353877627067376,-0.01353460937480877,0.091097106044979,True
e2_secondary,obs,1,292,73,73,9.64887896085352,9.92076218775538,9.799409134262877,4.015151515151516,12.527272727272727,0.025073260610002257,-0.031962490904229646,0.0570357515142319,0.006347188578703032,0.09967028194363081,True
e2_secondary,obs,2,292,73,73,9.921508560347824,10.143798322645928,10.040960867386168,4.818181818181818,12.527272727272727,0.011033207859730831,-0.004156370634030848,0.01518957849376168,-0.01744866389398154,0.07059500836784414,True
e2_secondary,obs,3,292,73,73,10.144300157617678,10.363446502853792,10.256331569598107,4.818181818181818,12.366666666666667,-0.01940584287936753,-0.025405239122756718,0.005999396243389188,-0.031349315255628896,0.03878004182643591,True
e2_secondary,obs,4,292,73,73,10.363959652289314,10.57792882709964,10.474033727128827,4.336363636363637,12.366666666666667,-0.03922587090614171,-0.008784125894056416,-0.030441745012085297,-0.05055808642130244,0.004988148534422754,False
e2_secondary,obs,5,292,73,73,10.578446599485286,10.767119487755863,10.67775836181998,5.3,12.527272727272727,-0.05688027551662167,-0.03133051229391226,-0.02554976322270941,-0.06714581526502905,-0.0020989196996290056,False
e2_secondary,obs,6,292,73,73,10.767319159799849,10.954190390974324,10.857507351213638,5.621212121212121,12.527272727272727,-0.03347193396420589,-0.015032081974351574,-0.018439851989854317,-0.047540360388719116,0.0125966275698971,False
e2_secondary,obs,7,292,73,73,10.955115528387012,11.75396030992136,11.07254883379147,5.621212121212121,12.045454545454549,0.03343400479554659,0.06473567283804216,-0.03130166804249557,-0.07318949653691975,0.02604354574105172,False
e2_secondary,both,0,293,73,73,7.2690480470812675,9.648094473417189,9.472819395521125,2.890909090909091,12.527272727272727,0.059579168976788444,0.022427720334235346,0.0371514486425531,-0.018749343906020344,0.09154145349479847,True
e2_secondary,both,1,292,73,73,9.64887896085352,9.92076218775538,9.799409134262877,4.015151515151516,12.527272727272727,0.026755845617544405,-0.02866644768642812,0.055422293303972525,0.0021609315287653315,0.09084070322106437,True
e2_secondary,both,2,292,73,73,9.921508560347824,10.143798322645928,10.040960867386168,4.818181818181818,12.527272727272727,0.008750377643649054,-0.011196162996422787,0.01994654064007184,-0.02815884797391499,0.06477586820292991,True
e2_secondary,both,3,292,73,73,10.144300157617678,10.363446502853792,10.256331569598107,4.818181818181818,12.366666666666667,-0.022462869431761123,-0.01749335520347972,-0.004969514228281402,-0.03457497161390133,0.030449135833163665,False
e2_secondary,both,4,292,73,73,10.363959652289314,10.57792882709964,10.474033727128827,4.336363636363637,12.366666666666667,-0.04920152912303055,-0.009225723112729955,-0.039975806010300596,-0.06289176841489558,-0.006370502734498094,False
e2_secondary,both,5,292,73,73,10.578446599485286,10.767119487755863,10.67775836181998,5.3,12.527272727272727,-0.059581145196465624,-0.028301747768661123,-0.0312793974278045,-0.06582237813750516,-0.012010341241135869,False
e2_secondary,both,6,292,73,73,10.767319159799849,10.954190390974324,10.857507351213638,5.621212121212121,12.527272727272727,-0.040871877512977384,-0.01299150147153083,-0.027880376041446553,-0.05327867163300115,0.008053377473549728,False
e2_secondary,both,7,292,73,73,10.955115528387012,11.75396030992136,11.07254883379147,5.621212121212121,12.045454545454549,0.03233933852187865,0.06934138188130246,-0.03700204335942381,-0.07919783742675517,0.015611795122922323,False
e3_primary_kpc,int,0,347,86,86,7.420330434142554,9.543107813205674,9.304721486887123,5.3,13.00909090909091,0.03371177130036784,-0.025587792694995726,0.05929956399536357,0.028452091840041164,0.08504557400900614,True
e3_primary_kpc,int,1,347,86,86,9.543987382170489,9.899447308328767,9.726218689105911,6.263636363636364,13.00909090909091,-0.014637001893565482,-0.03243353632304913,0.017796534429483646,-0.019984895571189765,0.059706306882222865,True
e3_primary_kpc,int,2,347,86,86,9.899460446704436,10.151213512876824,10.03439982040951,7.387878787878789,13.00909090909091,0.011330735604986014,-0.048366685203867804,0.05969742080885382,0.013328143184687514,0.08197616526114604,True
e3_primary_kpc,int,3,347,86,86,10.151988516548684,10.359862714974089,10.2549645293974,7.387878787878789,13.00909090909091,-0.03065912268755766,-0.0005448238698039232,-0.030114298817753737,-0.07250667702665226,-0.007814883168099734,False
e3_primary_kpc,int,4,347,86,86,10.359922806577089,10.579246110454188,10.467800425116174,7.227272727272727,13.00909090909091,-0.038033506317017074,-0.025865663638989456,-0.012167842678027618,-0.05155995690384555,0.029906538896137223,False
e3_primary_kpc,int,5,347,86,86,10.580301013008285,10.79896497744057,10.685442554424016,7.789393939393939,13.16969696969697,-0.019745469808248872,-0.00594107275791006,-0.013804397050338812,-0.06794161925276199,0.019681441485926158,False
e3_primary_kpc,int,6,347,86,86,10.799657537649232,11.058904092568495,10.93214182875655,7.86969696969697,13.16969696969697,-0.017773568261252592,0.00043421239192792394,-0.018207780653180516,-0.06258152556499821,0.020866105955621713,False
e3_primary_kpc,int,7,347,86,86,11.05997971694416,12.411587721858544,11.192837005773512,7.548484848484849,13.00909090909091,0.028357897788928166,0.01903959991821863,0.009318297870709535,-0.013154831658543475,0.046692066971455726,True
e3_primary_kpc,obs,0,347,86,86,7.420330434142554,9.543107813205674,9.304721486887123,5.3,13.00909090909091,0.06065953848713901,-0.023070659083323897,0.0837301975704629,0.04506696422053015,0.11307511556678354,True
e3_primary_kpc,obs,1,347,86,86,9.543987382170489,9.899447308328767,9.726218689105911,6.263636363636364,13.00909090909091,0.00030395958744100504,-0.03839952015888759,0.038703479746328595,0.008641499668541889,0.08265900471611863,True
e3_primary_kpc,obs,2,347,86,86,9.899460446704436,10.151213512876824,10.03439982040951,7.387878787878789,13.00909090909091,0.0034301266973117417,-0.048350195091922066,0.05178032178923381,0.015012384819251046,0.08282794970191765,True
e3_primary_kpc,obs,3,347,86,86,10.151988516548684,10.359862714974089,10.2549645293974,7.387878787878789,13.00909090909091,-0.02850688970517945,0.008211047726753962,-0.03671793743193341,-0.05569050465569363,0.005478731090685624,False
e3_primary_kpc,obs,4,347,86,86,10.359922806577089,10.579246110454188,10.467800425116174,7.227272727272727,13.00909090909091,-0.04111924208044887,-0.029183875114696195,-0.011935366965752675,-0.039673701822987156,0.023255810586971574,False
e3_primary_kpc,obs,5,347,86,86,10.580301013008285,10.79896497744057,10.685442554424016,7.789393939393939,13.16969696969697,-0.00799504761897396,0.0013339833463716921,-0.009329030965345653,-0.06097839991267184,0.028010695754878343,False
e3_primary_kpc,obs,6,347,86,86,10.799657537649232,11.058904092568495,10.93214182875655,7.86969696969697,13.16969696969697,-0.01793370071441891,0.0038915136401337924,-0.021825214354552702,-0.05526894957233619,0.010251850467746888,False
e3_primary_kpc,obs,7,347,86,86,11.05997971694416,12.411587721858544,11.192837005773512,7.548484848484849,13.00909090909091,0.029182310822809587,0.013053825972602184,0.016128484850207403,-0.011285164593627965,0.03686550551468216,True
e3_primary_kpc,both,0,347,86,86,7.420330434142554,9.543107813205674,9.304721486887123,5.3,13.00909090909091,0.0599108907574159,-0.025100257982962115,0.08501114874037802,0.04628396173576974,0.11608811766735372,True
e3_primary_kpc,both,1,347,86,86,9.543987382170489,9.899447308328767,9.726218689105911,6.263636363636364,13.00909090909091,-0.003104676579741894,-0.03853029815877268,0.035425621579030786,0.010997689267095904,0.08219045092764916,True
e3_primary_kpc,both,2,347,86,86,9.899460446704436,10.151213512876824,10.03439982040951,7.387878787878789,13.00909090909091,0.006792299035193072,-0.04522168882783584,0.05201398786302891,0.02199645223693801,0.08285838685827797,True
e3_primary_kpc,both,3,347,86,86,10.151988516548684,10.359862714974089,10.2549645293974,7.387878787878789,13.00909090909091,-0.026710173530409775,0.005879738943729174,-0.03258991247413895,-0.053218012045273995,0.006588833090104521,False
e3_primary_kpc,both,4,347,86,86,10.359922806577089,10.579246110454188,10.467800425116174,7.227272727272727,13.00909090909091,-0.03704991154922532,-0.023931988872621407,-0.013117922676603916,-0.038377383711502115,0.02918941342569432,False
e3_primary_kpc,both,5,347,86,86,10.580301013008285,10.79896497744057,10.685442554424016,7.789393939393939,13.16969696969697,-0.004936878376380127,0.0005207397151316684,-0.0054576180915117956,-0.059298166556572614,0.03101411932295014,False
e3_primary_kpc,both,6,347,86,86,10.799657537649232,11.058904092568495,10.93214182875655,7.86969696969697,13.16969696969697,-0.013559849331009677,0.0019884384617835926,-0.01554828779279327,-0.05303729592756971,0.015169704448771082,False
e3_primary_kpc,both,7,347,86,86,11.05997971694416,12.411587721858544,11.192837005773512,7.548484848484849,13.00909090909091,0.031478317696113145,0.01424052246080254,0.017237795235310605,-0.009686435813026879,0.03991188730146684,True
e4_secondary_kpc,int,0,293,73,73,7.2690480470812675,9.648094473417189,9.472819395521125,2.890909090909091,12.527272727272727,0.008706937668915282,0.024982706324412796,-0.016275768655497513,-0.05573963092813827,0.043334396669541864,False
e4_secondary_kpc,int,1,292,73,73,9.64887896085352,9.92076218775538,9.799409134262877,4.015151515151516,12.527272727272727,0.000989360896626823,-0.007168245498915371,0.008157606395542194,-0.027435990283631417,0.0819857911587687,True
e4_secondary_kpc,int,2,292,73,73,9.921508560347824,10.143798322645928,10.040960867386168,4.818181818181818,12.527272727272727,0.02832222085600078,0.021544156564074823,0.006778064291925956,-0.03593310376287451,0.03826251556385058,True
e4_secondary_kpc,int,3,292,73,73,10.144300157617678,10.363446502853792,10.256331569598107,4.818181818181818,12.366666666666667,-0.0058401558202296755,0.007159164853629996,-0.012999320673859671,-0.06420312503455833,0.013071035838153056,False
e4_secondary_kpc,int,4,292,73,73,10.363959652289314,10.57792882709964,10.474033727128827,4.336363636363637,12.366666666666667,-0.03654405396505245,0.01851218001613575,-0.055056233981188196,-0.08797194730706215,-0.016072069222568913,False
e4_secondary_kpc,int,5,292,73,73,10.578446599485286,10.767119487755863,10.67775836181998,5.3,12.527272727272727,-0.06371931349315418,-0.006607033063980028,-0.057112280429174156,-0.09587623204931495,-0.029754562989021238,False
e4_secondary_kpc,int,6,292,73,73,10.767319159799849,10.954190390974324,10.857507351213638,5.621212121212121,12.527272727272727,-0.04857954513627327,0.003988596359907115,-0.05256814149618039,-0.10194569579817903,-0.021534554273062945,False
e4_secondary_kpc,int,7,292,73,73,10.955115528387012,11.75396030992136,11.07254883379147,5.621212121212121,12.045454545454549,0.0005577928178275293,0.02667054564450111,-0.02611275282667358,-0.06528047480182886,0.036174485857922045,False
e4_secondary_kpc,obs,0,293,73,73,7.2690480470812675,9.648094473417189,9.472819395521125,2.890909090909091,12.527272727272727,0.054886572379530874,0.008277801747840097,0.04660877063169078,-0.006012083500618104,0.10238644940039288,True
e4_secondary_kpc,obs,1,292,73,73,9.64887896085352,9.92076218775538,9.799409134262877,4.015151515151516,12.527272727272727,0.014644037477019367,-0.02551518405712594,0.040159221534145306,0.0006512473697860566,0.09670221748975982,True
e4_secondary_kpc,obs,2,292,73,73,9.921508560347824,10.143798322645928,10.040960867386168,4.818181818181818,12.527272727272727,0.02387021982764237,0.009054025797166299,0.01481619403047607,-0.02375446160904171,0.07159190974621027,True
e4_secondary_kpc,obs,3,292,73,73,10.144300157617678,10.363446502853792,10.256331569598107,4.818181818181818,12.366666666666667,-0.002706024887081604,-0.004889122854245365,0.0021830979671637607,-0.0359163316604705,0.03309783553527479,True
e4_secondary_kpc,obs,4,292,73,73,10.363959652289314,10.57792882709964,10.474033727128827,4.336363636363637,12.366666666666667,-0.022643146166927752,0.009543685180200212,-0.032186831347127964,-0.06121816498847782,0.0029039532177039806,False
e4_secondary_kpc,obs,5,292,73,73,10.578446599485286,10.767119487755863,10.67775836181998,5.3,12.527272727272727,-0.050284955044599844,-0.005187170751533521,-0.04509778429306632,-0.07905131067232118,-0.017286096862263456,False
e4_secondary_kpc,obs,6,292,73,73,10.767319159799849,10.954190390974324,10.857507351213638,5.621212121212121,12.527272727272727,-0.04331334550888677,0.015959448472595672,-0.05927279398148244,-0.08997342221605531,-0.009910539251935857,False
e4_secondary_kpc,obs,7,292,73,73,10.955115528387012,11.75396030992136,11.07254883379147,5.621212121212121,12.045454545454549,0.006668313550113991,0.022264812586894722,-0.015596499036780731,-0.05488211372505469,0.021476711616860822,False
e4_secondary_kpc,both,0,293,73,73,7.2690480470812675,9.648094473417189,9.472819395521125,2.890909090909091,12.527272727272727,0.05687010451189356,9.092127998266974e-06,0.05686101238389529,-0.010825254102973303,0.10517287058577296,True
e4_secondary_kpc,both,1,292,73,73,9.64887896085352,9.92076218775538,9.799409134262877,4.015151515151516,12.527272727272727,0.014680241581942033,-0.02529891125625383,0.039979152838195864,-0.00489819768862243,0.08807286478809513,True
e4_secondary_kpc,both,2,292,73,73,9.921508560347824,10.143798322645928,10.040960867386168,4.818181818181818,12.527272727272727,0.013572455554614282,0.005871111503956028,0.007701344050658254,-0.02800815155759806,0.06330119719511018,True
e4_secondary_kpc,both,3,292,73,73,10.144300157617678,10.363446502853792,10.256331569598107,4.818181818181818,12.366666666666667,-0.004437566054903974,0.002660619558182531,-0.007098185613086505,-0.03877282463278031,0.02624796264315221,False
e4_secondary_kpc,both,4,292,73,73,10.363959652289314,10.57792882709964,10.474033727128827,4.336363636363637,12.366666666666667,-0.02182651230691346,0.014423419268499993,-0.03624993157541345,-0.0722411449277182,-0.011151027586453921,False
e4_secondary_kpc,both,5,292,73,73,10.578446599485286,10.767119487755863,10.67775836181998,5.3,12.527272727272727,-0.048089323362131675,-0.00016424666334424742,-0.04792507669878743,-0.07996399955321291,-0.02286637112578449,False
e4_secondary_kpc,both,6,292,73,73,10.767319159799849,10.954190390974324,10.857507351213638,5.621212121212121,12.527272727272727,-0.048403658554992735,0.013014991987485791,-0.061418650542478526,-0.0954821754523868,-0.013907873811352611,False
e4_secondary_kpc,both,7,292,73,73,10.955115528387012,11.75396030992136,11.07254883379147,5.621212121212121,12.045454545454549,0.0002793504885998388,0.027232117757243324,-0.026952767268643485,-0.06251598736001751,0.011914550214425427,False
e5_primary_plus_logDA,int,0,347,86,86,7.420330434142554,9.543107813205674,9.304721486887123,5.3,13.00909090909091,0.03392372978252145,-0.024262776831830868,0.05818650661435232,0.027838597592354547,0.0861010906293478,True
e5_primary_plus_logDA,int,1,347,86,86,9.543987382170489,9.899447308328767,9.726218689105911,6.263636363636364,13.00909090909091,-0.014408642048279574,-0.03241083785193763,0.018002195803658055,-0.01961275940302254,0.060318355502230185,True
e5_primary_plus_logDA,int,2,347,86,86,9.899460446704436,10.151213512876824,10.03439982040951,7.387878787878789,13.00909090909091,0.010536433649850241,-0.04918740981856598,0.05972384346841622,0.013255251243959987,0.08327014182551276,True
e5_primary_plus_logDA,int,3,347,86,86,10.151988516548684,10.359862714974089,10.2549645293974,7.387878787878789,13.00909090909091,-0.03264117733994809,-0.0008559426838635753,-0.031785234656084516,-0.0714829421225298,-0.008172878450052188,False
e5_primary_plus_logDA,int,4,347,86,86,10.359922806577089,10.579246110454188,10.467800425116174,7.227272727272727,13.00909090909091,-0.03804894432832662,-0.02564278283543986,-0.012406161492886758,-0.052520754367439,0.03042713559223074,False
e5_primary_plus_logDA,int,5,347,86,86,10.580301013008285,10.79896497744057,10.685442554424016,7.789393939393939,13.16969696969697,-0.022481243431606734,-0.007480479760162029,-0.015000763671444706,-0.0659024886961285,0.022425879185971553,False
e5_primary_plus_logDA,int,6,347,86,86,10.799657537649232,11.058904092568495,10.93214182875655,7.86969696969697,13.16969696969697,-0.016936186168336864,0.0011653981004698388,-0.018101584268806703,-0.06089263540827462,0.022798321754684502,False
e5_primary_plus_logDA,int,7,347,86,86,11.05997971694416,12.411587721858544,11.192837005773512,7.548484848484849,13.00909090909091,0.033107533267993094,0.020426166420322966,0.012681366847670128,-0.012230086976887962,0.04886766659350333,True
e5_primary_plus_logDA,obs,0,347,86,86,7.420330434142554,9.543107813205674,9.304721486887123,5.3,13.00909090909091,0.060248889614078316,-0.023360049723583964,0.08360893933766228,0.044958843986801424,0.11351998547986035,True
e5_primary_plus_logDA,obs,1,347,86,86,9.543987382170489,9.899447308328767,9.726218689105911,6.263636363636364,13.00909090909091,0.0008133930563686276,-0.03854958880531312,0.039362981861681745,0.009017732142249879,0.08295008407408797,True
e5_primary_plus_logDA,obs,2,347,86,86,9.899460446704436,10.151213512876824,10.03439982040951,7.387878787878789,13.00909090909091,0.00418421118231832,-0.04853276855620897,0.05271697973852729,0.016063193462867293,0.08271291651042911,True
e5_primary_plus_logDA,obs,3,347,86,86,10.151988516548684,10.359862714974089,10.2549645293974,7.387878787878789,13.00909090909091,-0.029079065158896356,0.007644571126434463,-0.03672363628533082,-0.05554527190083619,0.005570303751527484,False
e5_primary_plus_logDA,obs,4,347,86,86,10.359922806577089,10.579246110454188,10.467800425116174,7.227272727272727,13.00909090909091,-0.04046175479548436,-0.027925432036376735,-0.012536322759107627,-0.0392092863996802,0.023823243656994574,False
e5_primary_plus_logDA,obs,5,347,86,86,10.580301013008285,10.79896497744057,10.685442554424016,7.789393939393939,13.16969696969697,-0.008141125670940608,0.0004062814725437902,-0.008547407143484398,-0.06007022909343428,0.029156630504553402,False
e5_primary_plus_logDA,obs,6,347,86,86,10.799657537649232,11.058904092568495,10.93214182875655,7.86969696969697,13.16969696969697,-0.017619601003032836,0.003600650783767756,-0.021220251786800592,-0.05506662853702497,0.010626673552397355,False
e5_primary_plus_logDA,obs,7,347,86,86,11.05997971694416,12.411587721858544,11.192837005773512,7.548484848484849,13.00909090909091,0.0303894235722319,0.01417601772362187,0.01621340584861003,-0.010273076909550484,0.037893312219665395,True
e5_primary_plus_logDA,both,0,347,86,86,7.420330434142554,9.543107813205674,9.304721486887123,5.3,13.00909090909091,0.05973821005135599,-0.024688385713386718,0.0844265957647427,0.04596766404640604,0.11602958038243961,True
e5_primary_plus_logDA,both,1,347,86,86,9.543987382170489,9.899447308328767,9.726218689105911,6.263636363636364,13.00909090909091,-0.002667954726985,-0.03882777606739879,0.03615982134041379,0.011442326225910944,0.08210642568923246,True
e5_primary_plus_logDA,both,2,347,86,86,9.899460446704436,10.151213512876824,10.03439982040951,7.387878787878789,13.00909090909091,0.00792112734429773,-0.04581859503466268,0.05373972237896041,0.022387737056580984,0.08285514714688504,True
e5_primary_plus_logDA,both,3,347,86,86,10.151988516548684,10.359862714974089,10.2549645293974,7.387878787878789,13.00909090909091,-0.02668978237019587,0.005784891273610926,-0.032474673643806795,-0.05309886666373363,0.006576639009440483,False
e5_primary_plus_logDA,both,4,347,86,86,10.359922806577089,10.579246110454188,10.467800425116174,7.227272727272727,13.00909090909091,-0.03741742432357864,-0.023301426855083823,-0.014115997468494818,-0.03858613163198669,0.02985127560760381,False
e5_primary_plus_logDA,both,5,347,86,86,10.580301013008285,10.79896497744057,10.685442554424016,7.789393939393939,13.16969696969697,-0.005532706143340227,0.00012347006183099918,-0.005656176205171226,-0.05889535094026507,0.03149421803795601,False
e5_primary_plus_logDA,both,6,347,86,86,10.799657537649232,11.058904092568495,10.93214182875655,7.86969696969697,13.16969696969697,-0.013254578549272755,0.0019501733887617445,-0.0152047519380345,-0.05279723037691575,0.015900731439075666,False
e5_primary_plus_logDA,both,7,347,86,86,11.05997971694416,12.411587721858544,11.192837005773512,7.548484848484849,13.00909090909091,0.03199799481844029,0.015177318292592057,0.016820676525848233,-0.009304573716069351,0.0405642852139884,True
e6_secondary_plus_logDA,int,0,293,73,73,7.2690480470812675,9.648094473417189,9.472819395521125,2.890909090909091,12.527272727272727,0.018274539129619682,0.031110431052981946,-0.012835891923362264,-0.05650537831107483,0.03707444835171969,False
e6_secondary_plus_logDA,int,1,292,73,73,9.64887896085352,9.92076218775538,9.799409134262877,4.015151515151516,12.527272727272727,0.009870054432781883,-0.013449048872552938,0.02331910330533482,-0.025678806360056927,0.08498676724959664,True
e6_secondary_plus_logDA,int,2,292,73,73,9.921508560347824,10.143798322645928,10.040960867386168,4.818181818181818,12.527272727272727,0.019609677804496073,0.015333663195041702,0.0042760146094543705,-0.04028388829833429,0.031279934379187524,True
e6_secondary_plus_logDA,int,3,292,73,73,10.144300157617678,10.363446502853792,10.256331569598107,4.818181818181818,12.366666666666667,-0.018096445002750983,-0.011277399230449126,-0.006819045772301857,-0.05524397035837736,0.01560827666459208,False
e6_secondary_plus_logDA,int,4,292,73,73,10.363959652289314,10.57792882709964,10.474033727128827,4.336363636363637,12.366666666666667,-0.04155741254787826,0.00404132907021193,-0.04559874161809019,-0.0795425758696251,-0.01742134638499715,False
e6_secondary_plus_logDA,int,5,292,73,73,10.578446599485286,10.767119487755863,10.67775836181998,5.3,12.527272727272727,-0.07200476290383195,-0.020632408071936892,-0.05137235483189506,-0.09162862725923304,-0.018677747188227345,False
e6_secondary_plus_logDA,int,6,292,73,73,10.767319159799849,10.954190390974324,10.857507351213638,5.621212121212121,12.527272727272727,-0.041876986733203836,0.0011717088483396143,-0.04304869558154345,-0.07429849081589923,-0.008529946507112807,False
e6_secondary_plus_logDA,int,7,292,73,73,10.955115528387012,11.75396030992136,11.07254883379147,5.621212121212121,12.045454545454549,0.035268503203931045,0.04623526457741056,-0.010966761373479517,-0.07182170638407248,0.03057948020118087,False
e6_secondary_plus_logDA,obs,0,293,73,73,7.2690480470812675,9.648094473417189,9.472819395521125,2.890909090909091,12.527272727272727,0.05845094344368196,0.020575106993592662,0.037875836450089295,-0.01333764875085608,0.09739553948868518,True
e6_secondary_plus_logDA,obs,1,292,73,73,9.64887896085352,9.92076218775538,9.799409134262877,4.015151515151516,12.527272727272727,0.023405528065453596,-0.028956848461632934,0.05236237652708653,0.004571778710436902,0.0939258962573214,True
e6_secondary_plus_logDA,obs,2,292,73,73,9.921508560347824,10.143798322645928,10.040960867386168,4.818181818181818,12.527272727272727,0.011130403389086219,0.00029825912415559763,0.010832144264930621,-0.022430787820694742,0.06530339715651012,True
e6_secondary_plus_logDA,obs,3,292,73,73,10.144300157617678,10.363446502853792,10.256331569598107,4.818181818181818,12.366666666666667,-0.011469868980806375,-0.01721160614847994,0.005741737167673566,-0.03664003538692314,0.033487036004511084,True
e6_secondary_plus_logDA,obs,4,292,73,73,10.363959652289314,10.57792882709964,10.474033727128827,4.336363636363637,12.366666666666667,-0.029902430978037686,-0.0023006888814675053,-0.02760174209657018,-0.05485294442277666,0.0035546344663455187,False
e6_secondary_plus_logDA,obs,5,292,73,73,10.578446599485286,10.767119487755863,10.67775836181998,5.3,12.527272727272727,-0.05170177025781009,-0.018579944024134765,-0.03312182623367532,-0.06527750352646615,-0.009449533472724037,False
e6_secondary_plus_logDA,obs,6,292,73,73,10.767319159799849,10.954190390974324,10.857507351213638,5.621212121212121,12.527272727272727,-0.03986199961653236,-0.004709861124949866,-0.035152138491582496,-0.06762048531574416,0.0005472723754488262,False
e6_secondary_plus_logDA,obs,7,292,73,73,10.955115528387012,11.75396030992136,11.07254883379147,5.621212121212121,12.045454545454549,0.020871072444055727,0.049793281251784505,-0.028922208807728778,-0.0685130816420666,0.02525581207419063,False
e6_secondary_plus_logDA,both,0,293,73,73,7.2690480470812675,9.648094473417189,9.472819395521125,2.890909090909091,12.527272727272727,0.060453190544501156,0.008041954343616098,0.05241123620088506,-0.020614236098653094,0.09871462696027367,True
e6_secondary_plus_logDA,both,1,292,73,73,9.64887896085352,9.92076218775538,9.799409134262877,4.015151515151516,12.527272727272727,0.021795068878147084,-0.026135618436514463,0.047930687314661546,-0.0027068684709372626,0.08807791577921564,True
e6_secondary_plus_logDA,both,2,292,73,73,9.921508560347824,10.143798322645928,10.040960867386168,4.818181818181818,12.527272727272727,0.007097311675626328,-0.004024964745115822,0.01112227642074215,-0.02914421926204186,0.062633247349556,True
e6_secondary_plus_logDA,both,3,292,73,73,10.144300157617678,10.363446502853792,10.256331569598107,4.818181818181818,12.366666666666667,-0.014664959417846957,-0.009405944799278032,-0.005259014618568925,-0.03819220500574165,0.02459769700667669,False
e6_secondary_plus_logDA,both,4,292,73,73,10.363959652289314,10.57792882709964,10.474033727128827,4.336363636363637,12.366666666666667,-0.03448709486543966,0.00039438870943420135,-0.03488148357487386,-0.06420699903830496,-0.007420501661073098,False
e6_secondary_plus_logDA,both,5,292,73,73,10.578446599485286,10.767119487755863,10.67775836181998,5.3,12.527272727272727,-0.05610515683579975,-0.016989128884527416,-0.039116027951272336,-0.06773788303330797,-0.017205464710984497,False
e6_secondary_plus_logDA,both,6,292,73,73,10.767319159799849,10.954190390974324,10.857507351213638,5.621212121212121,12.527272727272727,-0.05020794188682354,-0.003461235113327965,-0.04674670677349557,-0.07449007324850465,-0.0037420226748288155,False
e6_secondary_plus_logDA,both,7,292,73,73,10.955115528387012,11.75396030992136,11.07254883379147,5.621212121212121,12.045454545454549,0.01985538381749774,0.048763698691202007,-0.028908314873704266,-0.07604665869144267,0.015538695564853766,False
f_kitchen_sink,int,0,744,186,186,7.2690480470812675,9.57187557818932,9.368333998574403,4.256060606060606,12.84848484848485,-0.000529803587052069,0.017842385970917085,-0.018372189557969154,-0.05505511608859532,0.011807452182672512,False
f_kitchen_sink,int,1,744,186,186,9.572109176187029,9.876393948254378,9.730605687711488,5.3,12.84848484848485,0.005853920803029267,-0.00676713191347178,0.012621052716501047,-0.018224982547243727,0.039498581287068735,True
f_kitchen_sink,int,2,744,186,186,9.876556712154152,10.113963396204992,10.001280290889355,5.781818181818182,12.84848484848485,-0.0037174759920620137,-0.025798842232718666,0.022081366240656652,-0.0029289927690802344,0.04933059847747434,True
f_kitchen_sink,int,3,744,186,186,10.114360742518592,10.331143748371574,10.220859591209013,6.103030303030304,12.84848484848485,0.0010422346871901689,-0.01617869779256287,0.017220932479753037,-0.017644624199875746,0.04361369204291425,True
f_kitchen_sink,int,4,744,186,186,10.331234868527272,10.550953203110057,10.441637799024381,5.621212121212121,12.84848484848485,-0.008473595850668592,-0.03901697649046998,0.030543380639801387,-0.005886842069430501,0.055574561183430515,True
f_kitchen_sink,int,5,744,186,186,10.55098617762266,10.767844252325547,10.6629158616527,6.103030303030304,12.84848484848485,-0.023500586235855214,-0.018098676660131985,-0.005401909575723229,-0.03072057310944751,0.022427772247094413,False
f_kitchen_sink,int,6,744,186,186,10.768300670614613,10.994345312695708,10.88221162955605,6.103030303030304,13.00909090909091,0.004849290121492933,-0.030241432512039534,0.03509072263353247,0.001791736884467654,0.07708533734130775,True
f_kitchen_sink,int,7,744,186,186,10.994807931634906,12.411587721858544,11.13896222555301,6.745454545454546,12.84848484848485,0.05416038207946661,-0.019654615773363637,0.07381499785283024,0.0555586760328776,0.11046142482985447,True
f_kitchen_sink,obs,0,744,186,186,7.2690480470812675,9.57187557818932,9.368333998574403,4.256060606060606,12.84848484848485,0.025196826910639403,0.006888340430272144,0.01830848648036726,-0.018324213735773587,0.05695947816606755,True
f_kitchen_sink,obs,1,744,186,186,9.572109176187029,9.876393948254378,9.730605687711488,5.3,12.84848484848485,0.011025955899540418,-0.015029948369126245,0.026055904268666663,0.0016019257996791256,0.06097674382059187,True
f_kitchen_sink,obs,2,744,186,186,9.876556712154152,10.113963396204992,10.001280290889355,5.781818181818182,12.84848484848485,0.0010688219747267413,-0.03483543866985295,0.03590426064457969,0.009735742974115707,0.06984317123922833,True
f_kitchen_sink,obs,3,744,186,186,10.114360742518592,10.331143748371574,10.220859591209013,6.103030303030304,12.84848484848485,0.0009651664951298988,-0.02066619967288663,0.02163136616801653,-0.0051608917695255,0.053424565721150966,True
f_kitchen_sink,obs,4,744,186,186,10.331234868527272,10.550953203110057,10.441637799024381,5.621212121212121,12.84848484848485,-0.0001349773759098949,-0.041353267282546124,0.04121828990663623,0.005972601296340585,0.07696512470716453,True
f_kitchen_sink,obs,5,744,186,186,10.55098617762266,10.767844252325547,10.6629158616527,6.103030303030304,12.84848484848485,-0.00950664773394344,-0.025862397677740845,0.016355749943797404,-0.019566739687954336,0.03388582844537047,True
f_kitchen_sink,obs,6,744,186,186,10.768300670614613,10.994345312695708,10.88221162955605,6.103030303030304,13.00909090909091,0.010035509494399741,-0.03966648442914611,0.04970199392354585,0.012397586017937258,0.07837090325878199,True
f_kitchen_sink,obs,7,744,186,186,10.994807931634906,12.411587721858544,11.13896222555301,6.745454545454546,12.84848484848485,0.05863668307804831,-0.019627174539414316,0.07826385761746263,0.05456281280213049,0.11144289183354564,True
f_kitchen_sink,both,0,744,186,186,7.2690480470812675,9.57187557818932,9.368333998574403,4.256060606060606,12.84848484848485,0.02632681365606271,0.006824304411332527,0.019502509244730182,-0.019558818281248582,0.05319514758755877,True
f_kitchen_sink,both,1,744,186,186,9.572109176187029,9.876393948254378,9.730605687711488,5.3,12.84848484848485,0.010207967799894302,-0.015641092316999006,0.025849060116893308,-0.0019806633362569764,0.05645482074458563,True
f_kitchen_sink,both,2,744,186,186,9.876556712154152,10.113963396204992,10.001280290889355,5.781818181818182,12.84848484848485,0.002117718158165527,-0.033206467745066026,0.03532418590323155,0.007777087942219949,0.06687006765340199,True
f_kitchen_sink,both,3,744,186,186,10.114360742518592,10.331143748371574,10.220859591209013,6.103030303030304,12.84848484848485,0.005960122280558033,-0.01892750090538664,0.024887623185944674,-0.010111518108453826,0.047656096899300913,True
f_kitchen_sink,both,4,744,186,186,10.331234868527272,10.550953203110057,10.441637799024381,5.621212121212121,12.84848484848485,-0.00465901320716533,-0.04226231869191249,0.03760330548474716,0.004570154424335941,0.07352671277030905,True
f_kitchen_sink,both,5,744,186,186,10.55098617762266,10.767844252325547,10.6629158616527,6.103030303030304,12.84848484848485,-0.011063176695768229,-0.023639752306937156,0.012576575611168928,-0.022816685299399526,0.030730787517850057,True
f_kitchen_sink,both,6,744,186,186,10.768300670614613,10.994345312695708,10.88221162955605,6.103030303030304,13.00909090909091,0.0045408456675284925,-0.03774522452013679,0.04228607018766528,0.006858113431975953,0.07669636209824421,True
f_kitchen_sink,both,7,744,186,186,10.994807931634906,12.411587721858544,11.13896222555301,6.745454545454546,12.84848484848485,0.05500509629866285,-0.020619496149789696,0.07562459244845254,0.048261515344112126,0.10873980862479846,True
