sample,size,metallicity,flattening,SPS_set,N,bins_mass_tie_rule,mass_adjusted_diff_mass_tie_rule,n_draws,bins_min,bins_median,bins_max,bins_histogram,mass_adjusted_min,mass_adjusted_median,mass_adjusted_max
all,arcsec (published),sp_MW_Metal_Re,Eps_MGE,int,5952,7,0.022474089647612716,200,7,7.0,7,7:200,0.0209139415018203,0.023036509066462874,0.02548836449027278
all,arcsec (published),sp_MW_Metal_Re,Eps_MGE,obs,5952,7,0.03866119582596708,200,7,7.0,8,7:198;8:2,0.038258108975320365,0.03964427708586027,0.04112983371515333
all,arcsec (published),sp_MW_Metal_Re,Eps_MGE,both,5952,7,0.034396800270352634,200,7,7.0,7,7:200,0.033138274088931,0.035307063643915476,0.03645650335339806
all,arcsec (published),sp_MW_Metal_Re,nsa_sersic_ba,int,5952,7,0.026315837714577905,200,7,7.0,7,7:200,0.024903710573136506,0.02636952041143245,0.027977493400610204
all,arcsec (published),sp_MW_Metal_Re,nsa_sersic_ba,obs,5952,7,0.03871357258443903,200,7,7.0,8,7:146;8:54,0.03752221409110723,0.039483676473397386,0.04104220522589508
all,arcsec (published),sp_MW_Metal_Re,nsa_sersic_ba,both,5952,7,0.03298699147808462,200,7,7.0,7,7:200,0.0321959502141948,0.033346342857878464,0.03593567446758336
all,arcsec (published),sp_LW_Metal_Re,Eps_MGE,int,5952,7,0.03261198126788317,200,7,7.0,8,7:190;8:10,0.030938443589168696,0.03296609929241903,0.03530944312827819
all,arcsec (published),sp_LW_Metal_Re,Eps_MGE,obs,5952,7,0.042494830561534025,200,7,7.0,8,7:199;8:1,0.042116892531556094,0.04392712065407803,0.04644632104467178
all,arcsec (published),sp_LW_Metal_Re,Eps_MGE,both,5952,7,0.04261348710315932,200,7,7.0,7,7:200,0.04202104521693678,0.04395505614140821,0.04651186147947872
all,arcsec (published),sp_LW_Metal_Re,nsa_sersic_ba,int,5952,7,0.03193927736250962,200,7,7.0,7,7:200,0.03073546995378154,0.032358909045186734,0.033918460157331215
all,arcsec (published),sp_LW_Metal_Re,nsa_sersic_ba,obs,5952,7,0.041792144231204656,200,7,8.0,8,7:89;8:111,0.041171428503427254,0.042466831320686835,0.04456816848236969
all,arcsec (published),sp_LW_Metal_Re,nsa_sersic_ba,both,5952,7,0.0417010767853513,200,7,8.0,8,7:92;8:108,0.04095409923935869,0.04263721915885166,0.044492260149584684
all,kpc,sp_MW_Metal_Re,Eps_MGE,int,5952,3,-0.0007868848006867823,200,3,3.0,3,3:200,-0.001761244423991587,-0.00036294931181188317,0.0012544222276485995
all,kpc,sp_MW_Metal_Re,Eps_MGE,obs,5952,7,0.018830237782875375,200,7,7.0,7,7:200,0.01823163103030745,0.019366076881105032,0.020887903443039785
all,kpc,sp_MW_Metal_Re,Eps_MGE,both,5952,6,0.016234096043689666,200,6,6.0,7,6:185;7:15,0.01452143834486555,0.016750278841896477,0.018211740454938424
all,kpc,sp_MW_Metal_Re,nsa_sersic_ba,int,5952,3,0.0002109710789585384,200,3,3.0,4,3:178;4:22,-0.0011087795098382036,0.0004458010478428365,0.0020772681226019774
all,kpc,sp_MW_Metal_Re,nsa_sersic_ba,obs,5952,6,0.015921383553741925,200,6,6.0,6,6:200,0.01515050994440971,0.016745491581297123,0.018701730047354342
all,kpc,sp_MW_Metal_Re,nsa_sersic_ba,both,5952,6,0.012914659696105502,200,5,6.0,6,5:1;6:199,0.012447650393777349,0.013595642105125552,0.015357921308186792
all,kpc,sp_LW_Metal_Re,Eps_MGE,int,5952,7,0.01594835144940493,200,7,7.0,7,7:200,0.014119195221009628,0.016066141411403834,0.017068125624510183
all,kpc,sp_LW_Metal_Re,Eps_MGE,obs,5952,7,0.028090368702918173,200,7,7.0,7,7:200,0.027552737637602853,0.02869947628737879,0.02999157852137113
all,kpc,sp_LW_Metal_Re,Eps_MGE,both,5952,7,0.02963791713337252,200,7,7.0,7,7:200,0.029002569942029377,0.030010921763490295,0.030840457481996153
all,kpc,sp_LW_Metal_Re,nsa_sersic_ba,int,5952,7,0.013717356234823924,200,6,7.0,7,6:40;7:160,0.01247804402725794,0.013884004879435821,0.015886453643903842
all,kpc,sp_LW_Metal_Re,nsa_sersic_ba,obs,5952,7,0.025315416328816134,200,6,7.0,7,6:75;7:125,0.02456648469948018,0.02629203844673092,0.028452549249104286
all,kpc,sp_LW_Metal_Re,nsa_sersic_ba,both,5952,7,0.02612075773285133,200,6,7.0,7,6:15;7:185,0.025799459117516577,0.026699217494333738,0.028270956061144464
all,arcsec + logDA,sp_MW_Metal_Re,Eps_MGE,int,5952,3,-0.008369323193353984,200,3,3.0,3,3:200,-0.009759778639823163,-0.00822417772304275,-0.00687276551582694
all,arcsec + logDA,sp_MW_Metal_Re,Eps_MGE,obs,5952,6,0.008817908382573347,200,4,5.0,6,4:8;5:130;6:62,0.008103665548476996,0.009528745630649815,0.010702602756218454
all,arcsec + logDA,sp_MW_Metal_Re,Eps_MGE,both,5952,3,0.0057485808858082355,200,3,4.0,6,3:42;4:89;5:61;6:8,0.005538858881190434,0.006556248202243153,0.009209217106776246
all,arcsec + logDA,sp_MW_Metal_Re,nsa_sersic_ba,int,5952,3,-0.0043776802807125315,200,3,3.0,4,3:167;4:33,-0.00603706327448858,-0.004425650246739576,-0.0028239218509156505
all,arcsec + logDA,sp_MW_Metal_Re,nsa_sersic_ba,obs,5952,6,0.011060097793684415,200,6,6.0,6,6:200,0.010173142391742357,0.011958403738676404,0.012591514114564939
all,arcsec + logDA,sp_MW_Metal_Re,nsa_sersic_ba,both,5952,6,0.008147180850966995,200,6,6.0,6,6:200,0.007186466762036159,0.008780177262553021,0.009544117066362295
all,arcsec + logDA,sp_LW_Metal_Re,Eps_MGE,int,5952,5,0.00293864422958251,200,5,5.0,6,5:194;6:6,0.001662886720246004,0.0031172261882344565,0.005975021762299387
all,arcsec + logDA,sp_LW_Metal_Re,Eps_MGE,obs,5952,6,0.01586209118566828,200,6,6.0,6,6:200,0.014983042494014387,0.01667735434804496,0.018096245686644002
all,arcsec + logDA,sp_LW_Metal_Re,Eps_MGE,both,5952,6,0.01651037837867364,200,6,6.0,6,6:200,0.015941201009211786,0.01756364164421742,0.019257507960086184
all,arcsec + logDA,sp_LW_Metal_Re,nsa_sersic_ba,int,5952,6,0.008228695774816525,200,6,6.0,6,6:200,0.00700589740176269,0.008140000663887093,0.009899074097275723
all,arcsec + logDA,sp_LW_Metal_Re,nsa_sersic_ba,obs,5952,6,0.017205897738858916,200,6,6.0,6,6:200,0.015468174867531714,0.01744685627818146,0.02006056568879236
all,arcsec + logDA,sp_LW_Metal_Re,nsa_sersic_ba,both,5952,6,0.018661930424437173,200,6,6.0,6,6:200,0.017055169062589248,0.01909113471693573,0.021723261925329723
primary,arcsec (published),sp_MW_Metal_Re,Eps_MGE,int,2776,6,0.01249443279496315,200,4,6.0,6,4:2;5:29;6:169,0.007135000050837836,0.010870452028317101,0.01520070530742429
primary,arcsec (published),sp_MW_Metal_Re,Eps_MGE,obs,2776,6,0.02089517281654557,200,5,6.0,6,5:58;6:142,0.019026546229091446,0.020545864862757113,0.021693022278860608
primary,arcsec (published),sp_MW_Metal_Re,Eps_MGE,both,2776,6,0.021676022995893107,200,5,6.0,6,5:48;6:152,0.019034562422978463,0.020790312345341344,0.02210007285185578
primary,kpc,sp_MW_Metal_Re,Eps_MGE,int,2776,4,0.002920257204072574,200,4,4.0,4,4:200,-0.0014773581709716654,0.0017332568769594658,0.004388585973381487
primary,kpc,sp_MW_Metal_Re,Eps_MGE,obs,2776,4,0.0109509168112214,200,4,4.0,4,4:200,0.008543177776093647,0.01031041719106418,0.012545860370228312
primary,kpc,sp_MW_Metal_Re,Eps_MGE,both,2776,4,0.013778486246244892,200,4,4.0,4,4:200,0.010528041389958304,0.012639658376550941,0.014309406469260155
primary,arcsec + logDA,sp_MW_Metal_Re,Eps_MGE,int,2776,4,0.00332456200685205,200,4,4.0,4,4:200,-0.0008456298904092607,0.002339236463903882,0.005619159551276731
primary,arcsec + logDA,sp_MW_Metal_Re,Eps_MGE,obs,2776,4,0.01157041214321658,200,4,4.0,4,4:200,0.008652657991174484,0.010676676956144937,0.013200412151100738
primary,arcsec + logDA,sp_MW_Metal_Re,Eps_MGE,both,2776,4,0.014202417184067673,200,4,4.0,4,4:200,0.011081461696029471,0.012725496759147581,0.015016997208424698
secondary,arcsec (published),sp_MW_Metal_Re,Eps_MGE,int,2337,2,-0.019189097088120416,200,2,2.0,2,2:200,-0.02051292097123611,-0.018007423796572664,-0.015363826451572304
secondary,arcsec (published),sp_MW_Metal_Re,Eps_MGE,obs,2337,4,-0.0031882024181520974,200,3,4.0,4,3:47;4:153,-0.004869403286395374,-0.0020680767070215544,-5.451202385647891e-05
secondary,arcsec (published),sp_MW_Metal_Re,Eps_MGE,both,2337,3,-0.008839586515829806,200,3,3.0,4,3:154;4:46,-0.010008663837523524,-0.007330601973384837,-0.005364621987786089
secondary,kpc,sp_MW_Metal_Re,Eps_MGE,int,2337,2,-0.022844450858626825,200,2,2.0,2,2:200,-0.024649965139238394,-0.022753847398621685,-0.021671897957774494
secondary,kpc,sp_MW_Metal_Re,Eps_MGE,obs,2337,4,-0.007877443131205975,200,4,4.0,4,4:200,-0.009058194133432812,-0.007504496345280276,-0.004777070996359739
secondary,kpc,sp_MW_Metal_Re,Eps_MGE,both,2337,3,-0.013345277912318182,200,2,3.0,4,2:62;3:115;4:23,-0.016717487055305846,-0.013057731178733795,-0.011751130362331136
secondary,arcsec + logDA,sp_MW_Metal_Re,Eps_MGE,int,2337,2,-0.02272611230587987,200,2,2.0,2,2:200,-0.02361753706132519,-0.02129307589671231,-0.018684118869870425
secondary,arcsec + logDA,sp_MW_Metal_Re,Eps_MGE,obs,2337,4,-0.008727457755953905,200,3,4.0,5,3:5;4:191;5:4,-0.009058181758576506,-0.007900819119408806,-0.004642962059004371
secondary,arcsec + logDA,sp_MW_Metal_Re,Eps_MGE,both,2337,3,-0.014988054533369127,200,2,3.0,4,2:25;3:133;4:42,-0.016102395389597207,-0.014120726678433088,-0.012668471371726359
